paper,source,section,page,kind,raw,link,context
1807.10609v1.pdf,pymupdf,page_text,1,url,https://www.kaggle.com/ruizgara/socofing,https://www.kaggle.com/ruizgara/socofing,"h three different levels of alter- ation for obliteration, central rotation, and z-cut. The dataset is freely available for noncommercial research purposes at: https://www.kaggle.com/ruizgara/socofing 1 Introduction The SOCOFing dataset contains 6,000 fingerprints belonging to 600 African subjects. There are 10 fingerprints per subject and all subjects are 1"
1807.10609v1.pdf,grobid_tei,target,,url,https://github.com/kermitt2/grobid,https://github.com/kermitt2/grobid,
2308.01760v1.pdf,pymupdf,page_text,1,url,https://www.kaggle.com/datasets/ipateam/nuinsseg,https://www.kaggle.com/datasets/ipateam/nuinsseg,"ons are impossible, even for human experts. The dataset and detailed step-by-step instructions to generate related segmentation masks are publicly available at https://www.kaggle.com/datasets/ipateam/nuinsseg and https://github.com/masih4/NuInsSeg, respectively. Background & Summary With the advent of brightfield and fluorescent digital scanners that produce and sto"
2308.01760v1.pdf,pymupdf,page_text,1,url,"https://github.com/masih4/NuInsSeg,",https://github.com/masih4/NuInsSeg,"et and detailed step-by-step instructions to generate related segmentation masks are publicly available at https://www.kaggle.com/datasets/ipateam/nuinsseg and https://github.com/masih4/NuInsSeg, respectively. Background & Summary With the advent of brightfield and fluorescent digital scanners that produce and store whole slide images (WSIs) in digital"
2308.01760v1.pdf,pymupdf,page_text,3,url,https://www.kaggle.com/datasets/ipateam/nuinsseg).The,https://www.kaggle.com/datasets/ipateam/nuinsseg).The,"ions, such as the represented spleen image in the last row. Data Records The NuInsSeg dataset is publicly available on a published page on the Kaggle platform (https://www.kaggle.com/datasets/ipateam/nuinsseg).The related code to generate the binary, labeled, and auxiliary segmentation masks from 3/7"
2308.01760v1.pdf,pymupdf,page_text,4,url,https://github.com/masih4/NuInsSeg.This,https://github.com/masih4/NuInsSeg.This,"uman 472 23247 49.3 All mouse 193 7451 38.6 All human + mouse 665 30698 46.2 the ImageJ ROI files is also available on the NuInsSeg published GitHub repository https://github.com/masih4/NuInsSeg.This dataset contains 665 image patches with 30,698 segmented nuclei from 31 human and mouse organs. The organ-specific details of the generated dataset are shown i"
2308.01760v1.pdf,pymupdf,page_text,4,url,https://www.kaggle.com/datasets/ipateam/nuinsseg/code?datasetId=1911713,https://www.kaggle.com/datasets/ipateam/nuinsseg/code?datasetId=1911713,all convolutional layers in both encoder and decoder parts. Four and five convolutional blocks were used in the encoder and decoder parts of the shallow U-Net 1https://www.kaggle.com/datasets/ipateam/nuinsseg/code?datasetId=1911713 4/7
2308.01760v1.pdf,pymupdf,page_text,5,url,https://www.tissuegnostics.com/),https://www.tissuegnostics.com/,"by the Austrian Research Promotion Agency (FFG), No.872636. We would like to thank NVIDIA for their generous GPU donation and the TissueGnostics support team (https://www.tissuegnostics.com/) for their valuable advice to generate the NuInsSeg dataset. Moreover, we would like to thank Adolf Ellinger (MedUni Vienna) for providing the human tissue sect"
2308.01760v1.pdf,pymupdf,page_text,6,url,"https://doi.org/10.1038/s41597-020-00608-w(2020).16.Mahbod,",https://doi.org/10.1038/s41597-020-00608-w(2020).16.Mahbod,"2–2581, 10.1109/TMI.2018.2842767(2018).15.Kromp, F. et al. An annotated fluorescence image dataset for training nuclear segmentation methods. Sci. Data 7, 1–8, https://doi.org/10.1038/s41597-020-00608-w(2020).16.Mahbod, A. et al. Investigating the impact of the bit depth of fluorescence-stained images on the performance of deep learning-based nuclei instance segmentation. Diag"
2308.01760v1.pdf,pymupdf,page_text,6,doi,"10.1038/s41374-020-00514-0(2021).2.Skinner,",https://doi.org/10.1038/s41374-020-00514-0(2021).2.Skinner,"authors declare no competing interests. References 1. Cui, M. & Zhang, D. Y. Artificial intelligence and computational pathology. Lab. Investig. 101, 412–422, 10.1038/s41374-020-00514-0(2021).2.Skinner, B. M. & Johnson, E. E. Nuclear morphologies: their diversity and functional relevance. Chromosoma 126, 195–212, 10.1007/s00412-016-0614-5(2017).3.Chan, J. K. C"
2308.01760v1.pdf,pymupdf,page_text,6,doi,"10.1007/s00412-016-0614-5(2017).3.Chan,",https://doi.org/10.1007/s00412-016-0614-5(2017).3.Chan,"22, 10.1038/s41374-020-00514-0(2021).2.Skinner, B. M. & Johnson, E. E. Nuclear morphologies: their diversity and functional relevance. Chromosoma 126, 195–212, 10.1007/s00412-016-0614-5(2017).3.Chan, J. K. C. The wonderful colors of the hematoxylin-eosin stain in diagnostic surgical pathology. Int. J. Surg. Pathol. 22, 12–32, 10.1177/1066896913517939(2014)."
2308.01760v1.pdf,pymupdf,page_text,6,doi,"10.1177/1066896913517939(2014).4.Kumar,",https://doi.org/10.1177/1066896913517939(2014).4.Kumar,"s00412-016-0614-5(2017).3.Chan, J. K. C. The wonderful colors of the hematoxylin-eosin stain in diagnostic surgical pathology. Int. J. Surg. Pathol. 22, 12–32, 10.1177/1066896913517939(2014).4.Kumar, N. et al. A dataset and a technique for generalized nuclear segmentation for computational pathology. IEEE Transactions on Med. Imaging 36, 1550–1560, 10.1109/"
2308.01760v1.pdf,pymupdf,page_text,6,doi,"10.1109/TMI.2017.2677499(2017).5.Mahbod,",https://doi.org/10.1109/TMI.2017.2677499(2017).5.Mahbod,"4.Kumar, N. et al. A dataset and a technique for generalized nuclear segmentation for computational pathology. IEEE Transactions on Med. Imaging 36, 1550–1560, 10.1109/TMI.2017.2677499(2017).5.Mahbod, A. et al. CryoNuSeg: A dataset for nuclei instance segmentation of cryosectioned H&E-stained histological images. Comput. Biol. Medicine 132, 104349, 10.1016/j"
2308.01760v1.pdf,pymupdf,page_text,6,doi,"10.1016/j.compbiomed.2021.104349(2021).6.Graham,",https://doi.org/10.1016/j.compbiomed.2021.104349(2021).6.Graham,"5.Mahbod, A. et al. CryoNuSeg: A dataset for nuclei instance segmentation of cryosectioned H&E-stained histological images. Comput. Biol. Medicine 132, 104349, 10.1016/j.compbiomed.2021.104349(2021).6.Graham, S. et al. Hover-Net: Simultaneous segmentation and classification of nuclei in multi-tissue histology images. Med. Image Analysis 58, 101563, 10.1016/j.media.2"
2308.01760v1.pdf,pymupdf,page_text,6,doi,"10.1016/j.media.2019.101563(2019).7.Kumar,",https://doi.org/10.1016/j.media.2019.101563(2019).7.Kumar,"9(2021).6.Graham, S. et al. Hover-Net: Simultaneous segmentation and classification of nuclei in multi-tissue histology images. Med. Image Analysis 58, 101563, 10.1016/j.media.2019.101563(2019).7.Kumar, N. et al. A multi-organ nucleus segmentation challenge. IEEE Transactions on Med. Imaging 39, 1380–1391, 10.1109/TMI.2019.2947628(2020).8.He, K., Gkioxari, G.,"
2308.01760v1.pdf,pymupdf,page_text,6,doi,"10.1109/TMI.2019.2947628(2020).8.He,",https://doi.org/10.1109/TMI.2019.2947628(2020).8.He,"58, 101563, 10.1016/j.media.2019.101563(2019).7.Kumar, N. et al. A multi-organ nucleus segmentation challenge. IEEE Transactions on Med. Imaging 39, 1380–1391, 10.1109/TMI.2019.2947628(2020).8.He, K., Gkioxari, G., Dollár, P. & Girshick, R. Mask R-CNN. In International Conference on Computer Vision, 2980–2988 (IEEE, 2017). 9. Bancher, B., Mahbod, A., Ell"
2308.01760v1.pdf,pymupdf,page_text,6,doi,"10.1109/TMI.2018.2865709(2019).11.Naylor,",https://doi.org/10.1109/TMI.2018.2865709(2019).11.Naylor,", Reyal, F. & Walter, T. Segmentation of nuclei in histopathology images by deep regression of the distance map. IEEE Transactions on Med. Imaging 38, 448–459, 10.1109/TMI.2018.2865709(2019).11.Naylor, P., Laé, M., Reyal, F. & Walter, T. Nuclei segmentation in histopathology images using deep neural networks. In IEEE International Symposium on Biomedical Imag"
2308.01760v1.pdf,pymupdf,page_text,6,doi,"10.1109/ISBI.2017.7950669(2017).12.Zhao,",https://doi.org/10.1109/ISBI.2017.7950669(2017).12.Zhao,"Reyal, F. & Walter, T. Nuclei segmentation in histopathology images using deep neural networks. In IEEE International Symposium on Biomedical Imaging, 933–936, 10.1109/ISBI.2017.7950669(2017).12.Zhao, B. et al. Triple u-net: Hematoxylin-aware nuclei segmentation with progressive dense feature aggregation. Med. Image Analysis 65, 101786, 10.1016/j.media.2020."
2308.01760v1.pdf,pymupdf,page_text,6,doi,"10.1016/j.media.2020.101786(2020).13.Mahbod,",https://doi.org/10.1016/j.media.2020.101786(2020).13.Mahbod,"950669(2017).12.Zhao, B. et al. Triple u-net: Hematoxylin-aware nuclei segmentation with progressive dense feature aggregation. Med. Image Analysis 65, 101786, 10.1016/j.media.2020.101786(2020).13.Mahbod, A. et al. A dual decoder U-Net-based model for nuclei instance segmentation in hematoxylin and eosin-stained histological images. Front. Medicine 9, 10.3389/fm"
2308.01760v1.pdf,pymupdf,page_text,6,doi,"10.3389/fmed.2022.978146(2022).14.Mahmood,",https://doi.org/10.3389/fmed.2022.978146(2022).14.Mahmood,"13.Mahbod, A. et al. A dual decoder U-Net-based model for nuclei instance segmentation in hematoxylin and eosin-stained histological images. Front. Medicine 9, 10.3389/fmed.2022.978146(2022).14.Mahmood, F., Chen, R. & Durr, N. J. Unsupervised reverse domain adaptation for synthetic medical images via adversarial training. IEEE Transactions on Med. Imaging 37,"
2308.01760v1.pdf,pymupdf,page_text,6,doi,"10.1109/TMI.2018.2842767(2018).15.Kromp,",https://doi.org/10.1109/TMI.2018.2842767(2018).15.Kromp,"R. & Durr, N. J. Unsupervised reverse domain adaptation for synthetic medical images via adversarial training. IEEE Transactions on Med. Imaging 37, 2572–2581, 10.1109/TMI.2018.2842767(2018).15.Kromp, F. et al. An annotated fluorescence image dataset for training nuclear segmentation methods. Sci. Data 7, 1–8, https://doi.org/10.1038/s41597-020-00608-w(2020)"
2308.01760v1.pdf,pymupdf,page_text,6,doi,"10.3390/diagnostics11060967(2021).17.Verma,",https://doi.org/10.3390/diagnostics11060967(2021).17.Verma,"nvestigating the impact of the bit depth of fluorescence-stained images on the performance of deep learning-based nuclei instance segmentation. Diagnostics 11, 10.3390/diagnostics11060967(2021).17.Verma, R. et al. MoNuSAC2020: A multi-organ nuclei segmentation and classification challenge. IEEE Transactions on Med. Imaging 1–1, 10.1109/TMI.2021.3085712(2021).18"
2308.01760v1.pdf,pymupdf,page_text,6,doi,"10.1109/TMI.2021.3085712(2021).18.Gamper,",https://doi.org/10.1109/TMI.2021.3085712(2021).18.Gamper,"agnostics11060967(2021).17.Verma, R. et al. MoNuSAC2020: A multi-organ nuclei segmentation and classification challenge. IEEE Transactions on Med. Imaging 1–1, 10.1109/TMI.2021.3085712(2021).18.Gamper, J., Alemi Koohbanani, N., Benet, K., Khuram, A. & Rajpoot, N. PanNuke: An open pan-cancer histology dataset for nuclei instance segmentation and classification"
2308.01760v1.pdf,pymupdf,page_text,6,doi,"10.1007/978-3-030-23937-4_2(SpringerInternationalPublishing,",https://doi.org/10.1007/978-3-030-23937-4_2(SpringerInternationalPublishing,"stance segmentation and classification. In Reyes-Aldasoro, C. C., Janowczyk, A., Veta, M., Bankhead, P. & Sirinukunwattana, K. (eds.) Digital Pathology, 11–19, 10.1007/978-3-030-23937-4_2(SpringerInternationalPublishing, Cham, 2019). 6/7"
2308.01760v1.pdf,pymupdf,page_text,7,doi,"10.1038/s41597-020-0528-1(2020).21.Graham,",https://doi.org/10.1038/s41597-020-0528-1(2020).21.Graham,", 684–693 (2021). 20. Hou, L. et al. Dataset of segmented nuclei in hematoxylin and eosin stained histopathology images of ten cancer types. Sci. data 7, 1–12, 10.1038/s41597-020-0528-1(2020).21.Graham, S. et al. CoNIC challenge: Pushing the frontiers of nuclear detection, segmentation, classification and counting. arXiv preprint arXiv:2303.06274 (2023). 22. L"
2308.01760v1.pdf,pymupdf,page_text,7,doi,"10.1016/j.media.2020.101771(2020).24.Vu,",https://doi.org/10.1016/j.media.2020.101771(2020).24.Vu,"ar, M., Zamani Tajadin, N. & Rajpoot, N. NuClick: A deep learning framework for interactive segmentation of microscopic images. Med. Image Analysis 65, 101771, 10.1016/j.media.2020.101771(2020).24.Vu, Q. D. et al. Methods for segmentation and classification of digital microscopy tissue images. Front. Bioeng. Biotechnol. 7, 53, 10.3389/fbioe.2019.00053(2019)."
2308.01760v1.pdf,pymupdf,page_text,7,doi,"10.3389/fbioe.2019.00053(2019).25.Sirin,",https://doi.org/10.3389/fbioe.2019.00053(2019).25.Sirin,".media.2020.101771(2020).24.Vu, Q. D. et al. Methods for segmentation and classification of digital microscopy tissue images. Front. Bioeng. Biotechnol. 7, 53, 10.3389/fbioe.2019.00053(2019).25.Sirin, K. et al. Locality sensitive deep learning for detection and classification of nuclei in routine colon cancer histology images. IEEE Transaction on Med. Imagin"
2308.01760v1.pdf,pymupdf,page_text,7,doi,"10.1109/TMI.2016.2525803(2016).26.Janowczyk,",https://doi.org/10.1109/TMI.2016.2525803(2016).26.Janowczyk,"ty sensitive deep learning for detection and classification of nuclei in routine colon cancer histology images. IEEE Transaction on Med. Imaging 35, 1196–1206, 10.1109/TMI.2016.2525803(2016).26.Janowczyk, A. & Madabhushi, A. Deep learning for digital pathology image analysis: A comprehensive tutorial with selected use cases. J. Pathol. Informatics 7, 29, 10.4103"
2308.01760v1.pdf,pymupdf,page_text,7,doi,"10.4103/2153-3539.186902(2016).27.Irshad,",https://doi.org/10.4103/2153-3539.186902(2016).27.Irshad,"owczyk, A. & Madabhushi, A. Deep learning for digital pathology image analysis: A comprehensive tutorial with selected use cases. J. Pathol. Informatics 7, 29, 10.4103/2153-3539.186902(2016).27.Irshad, H. et al. Crowdsourcing image annotation for nucleus detection and segmentation in computational pathology: evaluating experts, automated methods, and the crow"
2308.01760v1.pdf,pymupdf,page_text,7,doi,"10.1142/9789814644730_0029(2014).28.Schindelin,",https://doi.org/10.1142/9789814644730_0029(2014).28.Schindelin,"ion and segmentation in computational pathology: evaluating experts, automated methods, and the crowd. In Pacific symposium on biocomputing Co-chairs, 294–305, 10.1142/9789814644730_0029(2014).28.Schindelin, J. et al. Fiji: an open-source platform for biological-image analysis. Nat. Methods 9, 676 (2012). 29. Hollandi, R., Diósdi, A., Hollandi, G., Moshkov, N. & Ho"
2308.01760v1.pdf,pymupdf,page_text,7,doi,"10.1091/mbc.E20-02-0156(2020).30.Verma,",https://doi.org/10.1091/mbc.E20-02-0156(2020).30.Verma,"ósdi, A., Hollandi, G., Moshkov, N. & Horváth, P. AnnotatorJ: an imagej plugin to ease hand annotation of cellular compartments. Mol. Biol. Cell 31, 2179–2186, 10.1091/mbc.E20-02-0156(2020).30.Verma, R. et al. Author’s reply to “MoNuSAC2020: A multi-organ nuclei segmentation and classification challenge”. IEEE Transactions on Med. Imaging 41, 1000–1003, 10."
2308.01760v1.pdf,pymupdf,page_text,7,doi,"10.1109/TMI.2022.3157048(2022).31.Ronneberger,",https://doi.org/10.1109/TMI.2022.3157048(2022).31.Ronneberger,"ma, R. et al. Author’s reply to “MoNuSAC2020: A multi-organ nuclei segmentation and classification challenge”. IEEE Transactions on Med. Imaging 41, 1000–1003, 10.1109/TMI.2022.3157048(2022).31.Ronneberger, O., Fischer, P. & Brox, T. U-Net: Convolutional networks for biomedical image segmentation. In International Conference on Medical Image Computing and Computer"
2308.01760v1.pdf,pymupdf,page_text,7,doi,"10.1007/978-3-319-24574-4_28(2015).32.Oktay,",https://doi.org/10.1007/978-3-319-24574-4_28(2015).32.Oktay,": Convolutional networks for biomedical image segmentation. In International Conference on Medical Image Computing and Computer-Assisted Intervention, 234–241, 10.1007/978-3-319-24574-4_28(2015).32.Oktay, O. et al. Attention U-Net: Learning where to look for the pancreas. arXiv preprint arXiv:1804.03999 (2018). 33. He, K., Zhang, X., Ren, S. & Sun, J. Deep resid"
2308.01760v1.pdf,pymupdf,page_text,7,doi,"10.1109/CVPR.2016.90(2016).34.Mahbod,",https://doi.org/10.1109/CVPR.2016.90(2016).34.Mahbod,"33. He, K., Zhang, X., Ren, S. & Sun, J. Deep residual learning for image recognition. In IEEE Conference on Computer Vision and Pattern Recognition, 770–778, 10.1109/CVPR.2016.90(2016).34.Mahbod, A. et al. A two-stage U-Net algorithm for segmentation of nuclei in H&E-stained tissues. In European Congress on Digital Pathology, 75–82, 10.1007/978-3-030-23"
2308.01760v1.pdf,pymupdf,page_text,7,doi,"10.1007/978-3-030-23937-4_9(2019).35.Kirillov,",https://doi.org/10.1007/978-3-030-23937-4_9(2019).35.Kirillov,".90(2016).34.Mahbod, A. et al. A two-stage U-Net algorithm for segmentation of nuclei in H&E-stained tissues. In European Congress on Digital Pathology, 75–82, 10.1007/978-3-030-23937-4_9(2019).35.Kirillov, A., He, K., Girshick, R., Rother, C. & Dollar, P. Panoptic segmentation. In Conference on Computer Vision and Pattern Recognition, 9404–9413 (2019). 36. Foucar"
2308.01760v1.pdf,pymupdf,page_text,7,doi,"10.1109/TMI.2022.3156023(2022).37.Mahbod,",https://doi.org/10.1109/TMI.2022.3156023(2022).37.Mahbod,"O. & Decaestecker, C. Comments on “MoNuSAC2020: A multi-organ nuclei segmentation and classification challenge”. IEEE Transactions on Med. Imaging 41, 997–999, 10.1109/TMI.2022.3156023(2022).37.Mahbod, A., Schaefer, G., Ecker, R. & Ellinger, I. Pollen grain microscopic image classification using an ensemble of fine-tuned deep convolutional neural networks. In"
2308.01760v1.pdf,pymupdf,page_text,7,doi,"10.1007/978-3-030-68763-2_26(Springer,",https://doi.org/10.1007/978-3-030-68763-2_26(Springer,"croscopic image classification using an ensemble of fine-tuned deep convolutional neural networks. In International Conference on Pattern Recognition, 344–356, 10.1007/978-3-030-68763-2_26(Springer, 2021). 38. Li, F., Hu, Z., Chen, W. & Kak, A. A laplacian pyramid based generative H&E stain augmentation network. arXiv preprint arXiv:2305.14301 (2023). 39."
2308.01760v1.pdf,grobid_tei,target,,url,https://github.com/kermitt2/grobid,https://github.com/kermitt2/grobid,
2308.01760v1.pdf,grobid_tei,target,,url,https://doi.org/10.1038/s41597-020-00608-w,https://doi.org/10.1038/s41597-020-00608-w,
2308.01760v1.pdf,grobid_tei,idno_doi,,doi,10.1038/s41374-020-00514-0,https://doi.org/10.1038/s41374-020-00514-0,10.1038/s41374-020-00514-0
2308.01760v1.pdf,grobid_tei,idno_doi,,doi,10.1007/s00412-016-0614-5,https://doi.org/10.1007/s00412-016-0614-5,10.1007/s00412-016-0614-5
2308.01760v1.pdf,grobid_tei,idno_doi,,doi,10.1177/1066896913517939,https://doi.org/10.1177/1066896913517939,10.1177/1066896913517939
2308.01760v1.pdf,grobid_tei,idno_doi,,doi,10.1109/TMI.2017.2677499,https://doi.org/10.1109/TMI.2017.2677499,10.1109/TMI.2017.2677499
2308.01760v1.pdf,grobid_tei,idno_doi,,doi,10.1016/j.compbiomed.2021.104349,https://doi.org/10.1016/j.compbiomed.2021.104349,10.1016/j.compbiomed.2021.104349
2308.01760v1.pdf,grobid_tei,idno_doi,,doi,10.1016/j.media.2019.101563,https://doi.org/10.1016/j.media.2019.101563,10.1016/j.media.2019.101563
2308.01760v1.pdf,grobid_tei,idno_doi,,doi,10.1109/TMI.2019.2947628,https://doi.org/10.1109/TMI.2019.2947628,10.1109/TMI.2019.2947628
2308.01760v1.pdf,grobid_tei,idno_doi,,doi,10.1109/TMI.2018.2865709,https://doi.org/10.1109/TMI.2018.2865709,10.1109/TMI.2018.2865709
2308.01760v1.pdf,grobid_tei,idno_doi,,doi,10.1109/ISBI.2017.7950669,https://doi.org/10.1109/ISBI.2017.7950669,10.1109/ISBI.2017.7950669
2308.01760v1.pdf,grobid_tei,idno_doi,,doi,10.1016/j.media.2020.101786,https://doi.org/10.1016/j.media.2020.101786,10.1016/j.media.2020.101786
2308.01760v1.pdf,grobid_tei,idno_doi,,doi,10.3389/fmed.2022.978146,https://doi.org/10.3389/fmed.2022.978146,10.3389/fmed.2022.978146
2308.01760v1.pdf,grobid_tei,idno_doi,,doi,10.1109/TMI.2018.2842767,https://doi.org/10.1109/TMI.2018.2842767,10.1109/TMI.2018.2842767
2308.01760v1.pdf,grobid_tei,idno_doi,,doi,10.3390/diagnostics11060967,https://doi.org/10.3390/diagnostics11060967,10.3390/diagnostics11060967
2308.01760v1.pdf,grobid_tei,idno_doi,,doi,10.1109/TMI.2021.3085712,https://doi.org/10.1109/TMI.2021.3085712,10.1109/TMI.2021.3085712
2308.01760v1.pdf,grobid_tei,idno_doi,,doi,10.1007/978-3-030-23937-4_2,https://doi.org/10.1007/978-3-030-23937-4_2,10.1007/978-3-030-23937-4_2
2308.01760v1.pdf,grobid_tei,idno_doi,,doi,10.1038/s41597-020-0528-1,https://doi.org/10.1038/s41597-020-0528-1,10.1038/s41597-020-0528-1
2308.01760v1.pdf,grobid_tei,idno_doi,,doi,10.1016/j.media.2020.101771,https://doi.org/10.1016/j.media.2020.101771,10.1016/j.media.2020.101771
2308.01760v1.pdf,grobid_tei,idno_doi,,doi,10.3389/fbioe.2019.00053,https://doi.org/10.3389/fbioe.2019.00053,10.3389/fbioe.2019.00053
2308.01760v1.pdf,grobid_tei,idno_doi,,doi,10.1109/TMI.2016.2525803,https://doi.org/10.1109/TMI.2016.2525803,10.1109/TMI.2016.2525803
2308.01760v1.pdf,grobid_tei,idno_doi,,doi,10.4103/2153-3539.186902,https://doi.org/10.4103/2153-3539.186902,10.4103/2153-3539.186902
2308.01760v1.pdf,grobid_tei,idno_doi,,doi,10.1142/9789814644730_0029,https://doi.org/10.1142/9789814644730_0029,10.1142/9789814644730_0029
2308.01760v1.pdf,grobid_tei,idno_doi,,doi,10.1091/mbc.E20-02-0156,https://doi.org/10.1091/mbc.E20-02-0156,10.1091/mbc.E20-02-0156
2308.01760v1.pdf,grobid_tei,idno_doi,,doi,10.1109/TMI.2022.3157048,https://doi.org/10.1109/TMI.2022.3157048,10.1109/TMI.2022.3157048
2308.01760v1.pdf,grobid_tei,idno_doi,,doi,10.1007/978-3-319-24574-4_28,https://doi.org/10.1007/978-3-319-24574-4_28,10.1007/978-3-319-24574-4_28
2308.01760v1.pdf,grobid_tei,idno_doi,,doi,10.1109/CVPR.2016.90,https://doi.org/10.1109/CVPR.2016.90,10.1109/CVPR.2016.90
2308.01760v1.pdf,grobid_tei,idno_doi,,doi,10.1007/978-3-030-23937-4_9,https://doi.org/10.1007/978-3-030-23937-4_9,10.1007/978-3-030-23937-4_9
2308.01760v1.pdf,grobid_tei,idno_doi,,doi,10.1109/TMI.2022.3156023,https://doi.org/10.1109/TMI.2022.3156023,10.1109/TMI.2022.3156023
2308.01760v1.pdf,grobid_tei,idno_doi,,doi,10.1007/978-3-030-68763-2_26,https://doi.org/10.1007/978-3-030-68763-2_26,10.1007/978-3-030-68763-2_26
2308.01760v1.pdf,grobid_tei,full_tei_text,,url,https://doi.org/10.1038/s41597-020-00608-w(2020).Investigatingtheimpactof,https://doi.org/10.1038/s41597-020-00608-w(2020).Investigatingtheimpactof,"mp 10.1038/s41597-020-00608-wSci.Data72020Kromp, F. et al. An annotated fluorescence image dataset for training nuclear segmentation methods. Sci. Data 7, 1-8, https://doi.org/10.1038/s41597-020-00608-w(2020).Investigatingtheimpactof the bit depth of fluorescence-stained images on the performance of deep learning-based nuclei instance segmentation AMahbod 10.3390/diagnostics11060967Diagnost"
2308.01760v1.pdf,grobid_tei,full_tei_text,,doi,"10.1038/s41374-020-00514-0Lab.Investig1012021Cui,",https://doi.org/10.1038/s41374-020-00514-0Lab.Investig1012021Cui,"uthors reviewed the manuscript. Competing interestsThe authors declare no competing interests. Artificial intelligence and computational pathology MCui DYZhang 10.1038/s41374-020-00514-0Lab.Investig1012021Cui, M. & Zhang, D. Y. Artificial intelligence and computational pathology. Lab. Investig. 101, 412-422, 10.1038/s41374-020-00514-0(2021).Nuclearmorphologies:their"
2308.01760v1.pdf,grobid_tei,full_tei_text,,doi,10.1038/s41374-020-00514-0(2021).Nuclearmorphologies:their,https://doi.org/10.1038/s41374-020-00514-0(2021).Nuclearmorphologies:their,"i DYZhang 10.1038/s41374-020-00514-0Lab.Investig1012021Cui, M. & Zhang, D. Y. Artificial intelligence and computational pathology. Lab. Investig. 101, 412-422, 10.1038/s41374-020-00514-0(2021).Nuclearmorphologies:their diversity and functional relevance BMSkinner EEJohnson 10.1007/s00412-016-0614-5Chromosoma1262017Skinner, B. M. & Johnson, E. E. Nuclear morphologies: their di"
2308.01760v1.pdf,grobid_tei,full_tei_text,,doi,"10.1007/s00412-016-0614-5Chromosoma1262017Skinner,",https://doi.org/10.1007/s00412-016-0614-5Chromosoma1262017Skinner,"ional pathology. Lab. Investig. 101, 412-422, 10.1038/s41374-020-00514-0(2021).Nuclearmorphologies:their diversity and functional relevance BMSkinner EEJohnson 10.1007/s00412-016-0614-5Chromosoma1262017Skinner, B. M. & Johnson, E. E. Nuclear morphologies: their diversity and functional relevance. Chromosoma 126, 195-212, 10.1007/s00412-016-0614-5(2017).Thewonderfulcol"
2308.01760v1.pdf,grobid_tei,full_tei_text,,doi,10.1007/s00412-016-0614-5(2017).Thewonderfulcolorsof,https://doi.org/10.1007/s00412-016-0614-5(2017).Thewonderfulcolorsof,"1007/s00412-016-0614-5Chromosoma1262017Skinner, B. M. & Johnson, E. E. Nuclear morphologies: their diversity and functional relevance. Chromosoma 126, 195-212, 10.1007/s00412-016-0614-5(2017).Thewonderfulcolorsof the hematoxylin-eosin stain in diagnostic surgical pathology JK CChan 10.1177/1066896913517939Int.J.Surg.Pathol22 2014 Chan, J. K. C. The wonderful colors of t"
2308.01760v1.pdf,grobid_tei,full_tei_text,,doi,10.1177/1066896913517939Int.J.Surg.Pathol22,https://doi.org/10.1177/1066896913517939Int.J.Surg.Pathol22,"relevance. Chromosoma 126, 195-212, 10.1007/s00412-016-0614-5(2017).Thewonderfulcolorsof the hematoxylin-eosin stain in diagnostic surgical pathology JK CChan 10.1177/1066896913517939Int.J.Surg.Pathol22 2014 Chan, J. K. C. The wonderful colors of the hematoxylin-eosin stain in diagnostic surgical pathology. Int. J. Surg. Pathol. 22, 12-32, 10.1177/106689691351"
2308.01760v1.pdf,grobid_tei,full_tei_text,,doi,10.1177/1066896913517939(2014).Adatasetanda,https://doi.org/10.1177/1066896913517939(2014).Adatasetanda,"9Int.J.Surg.Pathol22 2014 Chan, J. K. C. The wonderful colors of the hematoxylin-eosin stain in diagnostic surgical pathology. Int. J. Surg. Pathol. 22, 12-32, 10.1177/1066896913517939(2014).Adatasetanda technique for generalized nuclear segmentation for computational pathology NKumar 10.1109/TMI.2017.2677499IEEETransactionsonMed.Imaging 36 2017 Kumar, N. et al"
2308.01760v1.pdf,grobid_tei,full_tei_text,,doi,10.1109/TMI.2017.2677499IEEETransactionsonMed.Imaging,https://doi.org/10.1109/TMI.2017.2677499IEEETransactionsonMed.Imaging,"Int. J. Surg. Pathol. 22, 12-32, 10.1177/1066896913517939(2014).Adatasetanda technique for generalized nuclear segmentation for computational pathology NKumar 10.1109/TMI.2017.2677499IEEETransactionsonMed.Imaging 36 2017 Kumar, N. et al. A dataset and a technique for generalized nuclear segmentation for computational pathology. IEEE Transactions on Med. Imaging 36, 1550"
2308.01760v1.pdf,grobid_tei,full_tei_text,,doi,10.1109/TMI.2017.2677499(2017).CryoNuSeg:Adatasetfor,https://doi.org/10.1109/TMI.2017.2677499(2017).CryoNuSeg:Adatasetfor,"7 Kumar, N. et al. A dataset and a technique for generalized nuclear segmentation for computational pathology. IEEE Transactions on Med. Imaging 36, 1550-1560, 10.1109/TMI.2017.2677499(2017).CryoNuSeg:Adatasetfor nuclei instance segmentation of cryosectioned H&E-stained histological images AMahbod 10.1016/j.compbiomed.2021.104349Comput.Biol.Medicine1322021 Mahbod, A. et"
2308.01760v1.pdf,grobid_tei,full_tei_text,,doi,10.1016/j.compbiomed.2021.104349Comput.Biol.Medicine1322021,https://doi.org/10.1016/j.compbiomed.2021.104349Comput.Biol.Medicine1322021,"aging 36, 1550-1560, 10.1109/TMI.2017.2677499(2017).CryoNuSeg:Adatasetfor nuclei instance segmentation of cryosectioned H&E-stained histological images AMahbod 10.1016/j.compbiomed.2021.104349Comput.Biol.Medicine1322021 Mahbod, A. et al. CryoNuSeg: A dataset for nuclei instance segmentation of cryosectioned H&E-stained histological images. Comput. Biol. Medicine 132, 104349, 1"
2308.01760v1.pdf,grobid_tei,full_tei_text,,doi,10.1016/j.compbiomed.2021.104349(2021).Hover-Net:Simultaneoussegmentationand,https://doi.org/10.1016/j.compbiomed.2021.104349(2021).Hover-Net:Simultaneoussegmentationand,"1 Mahbod, A. et al. CryoNuSeg: A dataset for nuclei instance segmentation of cryosectioned H&E-stained histological images. Comput. Biol. Medicine 132, 104349, 10.1016/j.compbiomed.2021.104349(2021).Hover-Net:Simultaneoussegmentationand classification of nuclei in multi-tissue histology images SGraham 10.1016/j.media.2019.101563Med.ImageAnalysis58101563. 2019 Graham, S. et al. Hover-Net: Simul"
2308.01760v1.pdf,grobid_tei,full_tei_text,,doi,10.1016/j.media.2019.101563Med.ImageAnalysis58101563.,https://doi.org/10.1016/j.media.2019.101563Med.ImageAnalysis58101563,"ine 132, 104349, 10.1016/j.compbiomed.2021.104349(2021).Hover-Net:Simultaneoussegmentationand classification of nuclei in multi-tissue histology images SGraham 10.1016/j.media.2019.101563Med.ImageAnalysis58101563. 2019 Graham, S. et al. Hover-Net: Simultaneous segmentation and classification of nuclei in multi-tissue histology images. Med. Image Analysis 58, 101563, 10.1"
2308.01760v1.pdf,grobid_tei,full_tei_text,,doi,10.1016/j.media.2019.101563(2019).Amulti-organnucleussegmentation,https://doi.org/10.1016/j.media.2019.101563(2019).Amulti-organnucleussegmentation,"563. 2019 Graham, S. et al. Hover-Net: Simultaneous segmentation and classification of nuclei in multi-tissue histology images. Med. Image Analysis 58, 101563, 10.1016/j.media.2019.101563(2019).Amulti-organnucleussegmentation challenge NKumar 10.1109/TMI.2019.2947628IEEETransactionsonMed.Imaging 39 2020 Kumar, N. et al. A multi-organ nucleus segmentation challenge. IEEE Transactions"
2308.01760v1.pdf,grobid_tei,full_tei_text,,doi,10.1109/TMI.2019.2947628IEEETransactionsonMed.Imaging,https://doi.org/10.1109/TMI.2019.2947628IEEETransactionsonMed.Imaging,"of nuclei in multi-tissue histology images. Med. Image Analysis 58, 101563, 10.1016/j.media.2019.101563(2019).Amulti-organnucleussegmentation challenge NKumar 10.1109/TMI.2019.2947628IEEETransactionsonMed.Imaging 39 2020 Kumar, N. et al. A multi-organ nucleus segmentation challenge. IEEE Transactions on Med. Imaging 39, 1380-1391, 10.1109/TMI.2019.2947628(2020).KHeGGkio"
2308.01760v1.pdf,grobid_tei,full_tei_text,,doi,10.1109/TMI.2019.2947628(2020).KHeGGkioxariPDollár,https://doi.org/10.1109/TMI.2019.2947628(2020).KHeGGkioxariPDollár,"19.2947628IEEETransactionsonMed.Imaging 39 2020 Kumar, N. et al. A multi-organ nucleus segmentation challenge. IEEE Transactions on Med. Imaging 39, 1380-1391, 10.1109/TMI.2019.2947628(2020).KHeGGkioxariPDollár RGirshick R-CnnMask International Conference on Computer Vision IEEE 2017 He, K., Gkioxari, G., Dollár, P. & Girshick, R. Mask R-CNN. In International Conferen"
2308.01760v1.pdf,grobid_tei,full_tei_text,,doi,10.1109/TMI.2018.2865709IEEETransactionsonMed.Imaging,https://doi.org/10.1109/TMI.2018.2865709IEEETransactionsonMed.Imaging,"utational Pathology, vol. 156, 20-35 (2021). Segmentation of nuclei in histopathology images by deep regression of the distance map PNaylor MLaé FReyal TWalter 10.1109/TMI.2018.2865709IEEETransactionsonMed.Imaging 38 2019 Naylor, P., Laé, M., Reyal, F. & Walter, T. Segmentation of nuclei in histopathology images by deep regression of the distance map. IEEE Transactions o"
2308.01760v1.pdf,grobid_tei,full_tei_text,,doi,10.1109/TMI.2018.2865709(2019).Nucleisegmentationinhistopathology,https://doi.org/10.1109/TMI.2018.2865709(2019).Nucleisegmentationinhistopathology,", Reyal, F. & Walter, T. Segmentation of nuclei in histopathology images by deep regression of the distance map. IEEE Transactions on Med. Imaging 38, 448-459, 10.1109/TMI.2018.2865709(2019).Nucleisegmentationinhistopathology images using deep neural networks PNaylor MLaé FReyal TWalter 10.1109/ISBI.2017.7950669IEEEInternationalSymposiumonBiomedical Imaging 2017 Naylor, P., Laé, M.,"
2308.01760v1.pdf,grobid_tei,full_tei_text,,doi,10.1109/ISBI.2017.7950669IEEEInternationalSymposiumonBiomedical,https://doi.org/10.1109/ISBI.2017.7950669IEEEInternationalSymposiumonBiomedical,"ns on Med. Imaging 38, 448-459, 10.1109/TMI.2018.2865709(2019).Nucleisegmentationinhistopathology images using deep neural networks PNaylor MLaé FReyal TWalter 10.1109/ISBI.2017.7950669IEEEInternationalSymposiumonBiomedical Imaging 2017 Naylor, P., Laé, M., Reyal, F. & Walter, T. Nuclei segmentation in histopathology images using deep neural networks. In IEEE International Symposi"
2308.01760v1.pdf,grobid_tei,full_tei_text,,doi,10.1109/ISBI.2017.7950669(2017).Tripleu-net:Hematoxylin-awarenuclei,https://doi.org/10.1109/ISBI.2017.7950669(2017).Tripleu-net:Hematoxylin-awarenuclei,"Reyal, F. & Walter, T. Nuclei segmentation in histopathology images using deep neural networks. In IEEE International Symposium on Biomedical Imaging, 933-936, 10.1109/ISBI.2017.7950669(2017).Tripleu-net:Hematoxylin-awarenuclei segmentation with progressive dense feature aggregation BZhao 10.1016/j.media.2020.101786Med.ImageAnalysis65101786. 2020 Zhao, B. et al. Triple u-net: Hematoxy"
2308.01760v1.pdf,grobid_tei,full_tei_text,,doi,10.1016/j.media.2020.101786Med.ImageAnalysis65101786.,https://doi.org/10.1016/j.media.2020.101786Med.ImageAnalysis65101786,"Biomedical Imaging, 933-936, 10.1109/ISBI.2017.7950669(2017).Tripleu-net:Hematoxylin-awarenuclei segmentation with progressive dense feature aggregation BZhao 10.1016/j.media.2020.101786Med.ImageAnalysis65101786. 2020 Zhao, B. et al. Triple u-net: Hematoxylin-aware nuclei segmentation with progressive dense feature aggregation. Med. Image Analysis 65, 101786, 10.1016/j."
2308.01760v1.pdf,grobid_tei,full_tei_text,,doi,10.1016/j.media.2020.101786(2020).AdualdecoderU-Net-based,https://doi.org/10.1016/j.media.2020.101786(2020).AdualdecoderU-Net-based,"s65101786. 2020 Zhao, B. et al. Triple u-net: Hematoxylin-aware nuclei segmentation with progressive dense feature aggregation. Med. Image Analysis 65, 101786, 10.1016/j.media.2020.101786(2020).AdualdecoderU-Net-based model for nuclei instance segmentation in hematoxylin and eosin-stained histological images AMahbod 10.3389/fmed.2022.978146Front.Medicine92022Mahbod, A. et al"
2308.01760v1.pdf,grobid_tei,full_tei_text,,doi,"10.3389/fmed.2022.978146Front.Medicine92022Mahbod,",https://doi.org/10.3389/fmed.2022.978146Front.Medicine92022Mahbod,", 10.1016/j.media.2020.101786(2020).AdualdecoderU-Net-based model for nuclei instance segmentation in hematoxylin and eosin-stained histological images AMahbod 10.3389/fmed.2022.978146Front.Medicine92022Mahbod, A. et al. A dual decoder U-Net-based model for nuclei instance segmentation in hematoxylin and eosin-stained histological images. Front. Medicine 9, 10.3389/fm"
2308.01760v1.pdf,grobid_tei,full_tei_text,,doi,10.3389/fmed.2022.978146(2022).Unsupervisedreversedomainadaptation,https://doi.org/10.3389/fmed.2022.978146(2022).Unsupervisedreversedomainadaptation,"022Mahbod, A. et al. A dual decoder U-Net-based model for nuclei instance segmentation in hematoxylin and eosin-stained histological images. Front. Medicine 9, 10.3389/fmed.2022.978146(2022).Unsupervisedreversedomainadaptation for synthetic medical images via adversarial training FMahmood RChen NJDurr 10.1109/TMI.2018.2842767IEEETransactionsonMed.Imaging 37 2018 Mahmood, F., Chen, R."
2308.01760v1.pdf,grobid_tei,full_tei_text,,doi,10.1109/TMI.2018.2842767IEEETransactionsonMed.Imaging,https://doi.org/10.1109/TMI.2018.2842767IEEETransactionsonMed.Imaging,"ont. Medicine 9, 10.3389/fmed.2022.978146(2022).Unsupervisedreversedomainadaptation for synthetic medical images via adversarial training FMahmood RChen NJDurr 10.1109/TMI.2018.2842767IEEETransactionsonMed.Imaging 37 2018 Mahmood, F., Chen, R. & Durr, N. J. Unsupervised reverse domain adaptation for synthetic medical images via adversarial training. IEEE Transactions on"
2308.01760v1.pdf,grobid_tei,full_tei_text,,doi,10.1109/TMI.2018.2842767(2018).Anannotatedfluorescenceimage,https://doi.org/10.1109/TMI.2018.2842767(2018).Anannotatedfluorescenceimage,"R. & Durr, N. J. Unsupervised reverse domain adaptation for synthetic medical images via adversarial training. IEEE Transactions on Med. Imaging 37, 2572-2581, 10.1109/TMI.2018.2842767(2018).Anannotatedfluorescenceimage dataset for training nuclear segmentation methods FKromp 10.1038/s41597-020-00608-wSci.Data72020Kromp, F. et al. An annotated fluorescence image dataset for tr"
2308.01760v1.pdf,grobid_tei,full_tei_text,,doi,"10.1038/s41597-020-00608-wSci.Data72020Kromp,",https://doi.org/10.1038/s41597-020-00608-wSci.Data72020Kromp,"ransactions on Med. Imaging 37, 2572-2581, 10.1109/TMI.2018.2842767(2018).Anannotatedfluorescenceimage dataset for training nuclear segmentation methods FKromp 10.1038/s41597-020-00608-wSci.Data72020Kromp, F. et al. An annotated fluorescence image dataset for training nuclear segmentation methods. Sci. Data 7, 1-8, https://doi.org/10.1038/s41597-020-00608-w(2020)"
2308.01760v1.pdf,grobid_tei,full_tei_text,,doi,"10.3390/diagnostics11060967Diagnostics112021Mahbod,",https://doi.org/10.3390/diagnostics11060967Diagnostics112021Mahbod,"08-w(2020).Investigatingtheimpactof the bit depth of fluorescence-stained images on the performance of deep learning-based nuclei instance segmentation AMahbod 10.3390/diagnostics11060967Diagnostics112021Mahbod, A. et al. Investigating the impact of the bit depth of fluorescence-stained images on the performance of deep learning-based nuclei instance segmentation. Diag"
2308.01760v1.pdf,grobid_tei,full_tei_text,,doi,10.3390/diagnostics11060967(2021).MoNuSAC2020:Amulti-organnuclei,https://doi.org/10.3390/diagnostics11060967(2021).MoNuSAC2020:Amulti-organnuclei,"nvestigating the impact of the bit depth of fluorescence-stained images on the performance of deep learning-based nuclei instance segmentation. Diagnostics 11, 10.3390/diagnostics11060967(2021).MoNuSAC2020:Amulti-organnuclei segmentation and classification challenge RVerma 10.1109/TMI.2021.3085712IEEETransactionsonMed.Imaging 1 1 2021 Verma, R. et al. MoNuSAC2020: A multi-organ nuc"
2308.01760v1.pdf,grobid_tei,full_tei_text,,doi,10.1109/TMI.2021.3085712IEEETransactionsonMed.Imaging,https://doi.org/10.1109/TMI.2021.3085712IEEETransactionsonMed.Imaging,"nuclei instance segmentation. Diagnostics 11, 10.3390/diagnostics11060967(2021).MoNuSAC2020:Amulti-organnuclei segmentation and classification challenge RVerma 10.1109/TMI.2021.3085712IEEETransactionsonMed.Imaging 1 1 2021 Verma, R. et al. MoNuSAC2020: A multi-organ nuclei segmentation and classification challenge. IEEE Transactions on Med. Imaging 1-1, 10.1109/TMI.2021."
2308.01760v1.pdf,grobid_tei,full_tei_text,,doi,10.1109/TMI.2021.3085712(2021).Anopenpan-cancerhistology,https://doi.org/10.1109/TMI.2021.3085712(2021).Anopenpan-cancerhistology,"ionsonMed.Imaging 1 1 2021 Verma, R. et al. MoNuSAC2020: A multi-organ nuclei segmentation and classification challenge. IEEE Transactions on Med. Imaging 1-1, 10.1109/TMI.2021.3085712(2021).Anopenpan-cancerhistology dataset for nuclei instance segmentation and classification JGamper NAlemi Koohbanani KBenet AKhuram NRajpoot Pannuke 10.1007/978-3-030-23937-4_2DigitalPatholo"
2308.01760v1.pdf,grobid_tei,full_tei_text,,doi,10.1007/978-3-030-23937-4_2DigitalPathologyCCReyes-AldasoroAJanowczykMVeta,https://doi.org/10.1007/978-3-030-23937-4_2DigitalPathologyCCReyes-AldasoroAJanowczykMVeta,"1.3085712(2021).Anopenpan-cancerhistology dataset for nuclei instance segmentation and classification JGamper NAlemi Koohbanani KBenet AKhuram NRajpoot Pannuke 10.1007/978-3-030-23937-4_2DigitalPathologyCCReyes-AldasoroAJanowczykMVeta PBankhead KSirinukunwattana Cham Springer International Publishing 2019 Gamper, J., Alemi Koohbanani, N., Benet, K., Khuram, A. & Rajpoot, N. PanNuke: An open"
2308.01760v1.pdf,grobid_tei,full_tei_text,,doi,"10.1038/s41597-020-0528-1Sci.data72020Hou,",https://doi.org/10.1038/s41597-020-0528-1Sci.data72020Hou,"rence on Computer Vision Workshops, 684-693 (2021). Dataset of segmented nuclei in hematoxylin and eosin stained histopathology images of ten cancer types LHou 10.1038/s41597-020-0528-1Sci.data72020Hou, L. et al. Dataset of segmented nuclei in hematoxylin and eosin stained histopathology images of ten cancer types. Sci. data 7, 1-12, 10.1038/s41597-020-0528-1("
2308.01760v1.pdf,grobid_tei,full_tei_text,,doi,10.1038/s41597-020-0528-1(2020).CoNICchallenge:Pushingthe,https://doi.org/10.1038/s41597-020-0528-1(2020).CoNICchallenge:Pushingthe,"20-0528-1Sci.data72020Hou, L. et al. Dataset of segmented nuclei in hematoxylin and eosin stained histopathology images of ten cancer types. Sci. data 7, 1-12, 10.1038/s41597-020-0528-1(2020).CoNICchallenge:Pushingthe frontiers of nuclear detection, segmentation, classification and counting SGraham arXiv:2303.06274 2023 arXiv preprint Graham, S. et al. CoNIC challenge: Pushi"
2308.01760v1.pdf,grobid_tei,full_tei_text,,doi,10.1016/j.media.2020.101771Med.ImageAnalysis652020,https://doi.org/10.1016/j.media.2020.101771Med.ImageAnalysis652020,"iv:2202.08195 (2022). NuClick: deep learning framework for interactive segmentation of microscopic images AlemiKoohbanani NJahanifar MZamani Tajadin NRajpoot N 10.1016/j.media.2020.101771Med.ImageAnalysis652020 Alemi Koohbanani, N., Jahanifar, M., Zamani Tajadin, N. & Rajpoot, N. NuClick: deep learning framework for interactive segmentation of microscopic images. Med."
2308.01760v1.pdf,grobid_tei,full_tei_text,,doi,10.1016/j.media.2020.101771(2020).Methodsforsegmentationand,https://doi.org/10.1016/j.media.2020.101771(2020).Methodsforsegmentationand,"ifar, M., Zamani Tajadin, N. & Rajpoot, N. NuClick: deep learning framework for interactive segmentation of microscopic images. Med. Image Analysis 65, 101771, 10.1016/j.media.2020.101771(2020).Methodsforsegmentationand classification of digital microscopy tissue images QDVu 10.3389/fbioe.2019.00053Front.Bioeng.Biotechnol72019 Vu, Q. D. et al. Methods for segmentation and clas"
2308.01760v1.pdf,grobid_tei,full_tei_text,,doi,10.3389/fbioe.2019.00053Front.Bioeng.Biotechnol72019,https://doi.org/10.3389/fbioe.2019.00053Front.Bioeng.Biotechnol72019,"pic images. Med. Image Analysis 65, 101771, 10.1016/j.media.2020.101771(2020).Methodsforsegmentationand classification of digital microscopy tissue images QDVu 10.3389/fbioe.2019.00053Front.Bioeng.Biotechnol72019 Vu, Q. D. et al. Methods for segmentation and classification of digital microscopy tissue images. Front. Bioeng. Biotechnol. 7, 53, 10.3389/fbioe.2019.00053(20"
2308.01760v1.pdf,grobid_tei,full_tei_text,,doi,10.3389/fbioe.2019.00053(2019).Localitysensitivedeeplearning,https://doi.org/10.3389/fbioe.2019.00053(2019).Localitysensitivedeeplearning,"ront.Bioeng.Biotechnol72019 Vu, Q. D. et al. Methods for segmentation and classification of digital microscopy tissue images. Front. Bioeng. Biotechnol. 7, 53, 10.3389/fbioe.2019.00053(2019).Localitysensitivedeeplearning for detection and classification of nuclei in routine colon cancer histology images KSirin 10.1109/TMI.2016.2525803IEEETransactiononMed.Imaging 35 2016 Sirin,"
2308.01760v1.pdf,grobid_tei,full_tei_text,,doi,10.1109/TMI.2016.2525803IEEETransactiononMed.Imaging,https://doi.org/10.1109/TMI.2016.2525803IEEETransactiononMed.Imaging,"7, 53, 10.3389/fbioe.2019.00053(2019).Localitysensitivedeeplearning for detection and classification of nuclei in routine colon cancer histology images KSirin 10.1109/TMI.2016.2525803IEEETransactiononMed.Imaging 35 2016 Sirin, K. et al. Locality sensitive deep learning for detection and classification of nuclei in routine colon cancer histology images. IEEE Transaction"
2308.01760v1.pdf,grobid_tei,full_tei_text,,doi,10.1109/TMI.2016.2525803(2016).Deeplearningfordigital,https://doi.org/10.1109/TMI.2016.2525803(2016).Deeplearningfordigital,"ty sensitive deep learning for detection and classification of nuclei in routine colon cancer histology images. IEEE Transaction on Med. Imaging 35, 1196-1206, 10.1109/TMI.2016.2525803(2016).Deeplearningfordigital pathology image analysis: A comprehensive tutorial with selected use cases AJanowczyk AMadabhushi 10.4103/2153-3539.186902J.Pathol.Informatics72016 Janowczyk,"
2308.01760v1.pdf,grobid_tei,full_tei_text,,doi,10.4103/2153-3539.186902J.Pathol.Informatics72016,https://doi.org/10.4103/2153-3539.186902J.Pathol.Informatics72016,"6-1206, 10.1109/TMI.2016.2525803(2016).Deeplearningfordigital pathology image analysis: A comprehensive tutorial with selected use cases AJanowczyk AMadabhushi 10.4103/2153-3539.186902J.Pathol.Informatics72016 Janowczyk, A. & Madabhushi, A. Deep learning for digital pathology image analysis: A comprehensive tutorial with selected use cases. J. Pathol. Informatics 7,"
2308.01760v1.pdf,grobid_tei,full_tei_text,,doi,10.4103/2153-3539.186902(2016).Crowdsourcingimageannotationfor,https://doi.org/10.4103/2153-3539.186902(2016).Crowdsourcingimageannotationfor,"owczyk, A. & Madabhushi, A. Deep learning for digital pathology image analysis: A comprehensive tutorial with selected use cases. J. Pathol. Informatics 7, 29, 10.4103/2153-3539.186902(2016).Crowdsourcingimageannotationfor nucleus detection and segmentation in computational pathology: evaluating experts, automated methods, and the crowd HIrshad 10.1142/9789814644730_0029Pacificsy"
2308.01760v1.pdf,grobid_tei,full_tei_text,,doi,10.1142/9789814644730_0029PacificsymposiumonbiocomputingCo-chairs,https://doi.org/10.1142/9789814644730_0029PacificsymposiumonbiocomputingCo-chairs,"16).Crowdsourcingimageannotationfor nucleus detection and segmentation in computational pathology: evaluating experts, automated methods, and the crowd HIrshad 10.1142/9789814644730_0029PacificsymposiumonbiocomputingCo-chairs 2014 294 Irshad, H. et al. Crowdsourcing image annotation for nucleus detection and segmentation in computational pathology: evaluating experts, automated meth"
2308.01760v1.pdf,grobid_tei,full_tei_text,,doi,10.1142/9789814644730_0029(2014).Fiji:anopen-sourceplatform,https://doi.org/10.1142/9789814644730_0029(2014).Fiji:anopen-sourceplatform,"ion and segmentation in computational pathology: evaluating experts, automated methods, and the crowd. In Pacific symposium on biocomputing Co-chairs, 294-305, 10.1142/9789814644730_0029(2014).Fiji:anopen-sourceplatform for biological-image analysis JSchindelin Nat. Methods 9 676 2012 Schindelin, J. et al. Fiji: an open-source platform for biological-image analysis. Nat. Metho"
2308.01760v1.pdf,grobid_tei,full_tei_text,,doi,10.1091/mbc.E20-02-0156Mol.Biol.Cell312020,https://doi.org/10.1091/mbc.E20-02-0156Mol.Biol.Cell312020,"alysis. Nat. Methods 9, 676 (2012). AnnotatorJ: an imagej plugin to ease hand annotation of cellular compartments RHollandi ADiósdi GHollandi NMoshkov PHorváth 10.1091/mbc.E20-02-0156Mol.Biol.Cell312020 Hollandi, R., Diósdi, A., Hollandi, G., Moshkov, N. & Horváth, P. AnnotatorJ: an imagej plugin to ease hand annotation of cellular compartments. Mol. Biol. Cel"
2308.01760v1.pdf,grobid_tei,full_tei_text,,doi,10.1091/mbc.E20-02-0156(2020).Author,https://doi.org/10.1091/mbc.E20-02-0156(2020).Author,"ósdi, A., Hollandi, G., Moshkov, N. & Horváth, P. AnnotatorJ: an imagej plugin to ease hand annotation of cellular compartments. Mol. Biol. Cell 31, 2179-2186, 10.1091/mbc.E20-02-0156(2020).Author's reply to ""MoNuSAC2020: A multi-organ nuclei segmentation and classification challenge RVerma 10.1109/TMI.2022.3157048IEEETransactionsonMed.Imaging 41 2022 Ve"
2308.01760v1.pdf,grobid_tei,full_tei_text,,doi,10.1109/TMI.2022.3157048IEEETransactionsonMed.Imaging,https://doi.org/10.1109/TMI.2022.3157048IEEETransactionsonMed.Imaging,". Biol. Cell 31, 2179-2186, 10.1091/mbc.E20-02-0156(2020).Author's reply to ""MoNuSAC2020: A multi-organ nuclei segmentation and classification challenge RVerma 10.1109/TMI.2022.3157048IEEETransactionsonMed.Imaging 41 2022 Verma, R. et al. Author's reply to ""MoNuSAC2020: A multi-organ nuclei segmentation and classification challenge"". IEEE Transactions on Med. Imaging 41,"
2308.01760v1.pdf,grobid_tei,full_tei_text,,doi,10.1109/TMI.2022.3157048(2022).U-Net:Convolutionalnetworksfor,https://doi.org/10.1109/TMI.2022.3157048(2022).U-Net:Convolutionalnetworksfor,"ma, R. et al. Author's reply to ""MoNuSAC2020: A multi-organ nuclei segmentation and classification challenge"". IEEE Transactions on Med. Imaging 41, 1000-1003, 10.1109/TMI.2022.3157048(2022).U-Net:Convolutionalnetworksfor biomedical image segmentation ORonneberger PFischer TBrox 10.1007/978-3-319-24574-4_28InternationalConferenceonMedicalImage Computing and Computer-Assisted Int"
2308.01760v1.pdf,grobid_tei,full_tei_text,,doi,10.1007/978-3-319-24574-4_28InternationalConferenceonMedicalImage,https://doi.org/10.1007/978-3-319-24574-4_28InternationalConferenceonMedicalImage,"sactions on Med. Imaging 41, 1000-1003, 10.1109/TMI.2022.3157048(2022).U-Net:Convolutionalnetworksfor biomedical image segmentation ORonneberger PFischer TBrox 10.1007/978-3-319-24574-4_28InternationalConferenceonMedicalImage Computing and Computer-Assisted Intervention 2015 Ronneberger, O., Fischer, P. & Brox, T. U-Net: Convolutional networks for biomedical image segmentation. In I"
2308.01760v1.pdf,grobid_tei,full_tei_text,,doi,10.1007/978-3-319-24574-4_28(2015).AttentionU-Net:Learningwhere,https://doi.org/10.1007/978-3-319-24574-4_28(2015).AttentionU-Net:Learningwhere,": Convolutional networks for biomedical image segmentation. In International Conference on Medical Image Computing and Computer-Assisted Intervention, 234-241, 10.1007/978-3-319-24574-4_28(2015).AttentionU-Net:Learningwhere to look for the pancreas OOktay arXiv:1804.03999 2018 arXiv preprint Oktay, O. et al. Attention U-Net: Learning where to look for the pancreas. arXiv preprint"
2308.01760v1.pdf,grobid_tei,full_tei_text,,doi,10.1109/CVPR.2016.90IEEEConferenceonComputerVision,https://doi.org/10.1109/CVPR.2016.90IEEEConferenceonComputerVision,"ntion U-Net: Learning where to look for the pancreas. arXiv preprint arXiv:1804.03999 (2018). Deep residual learning for image recognition KHe XZhang SRen JSun 10.1109/CVPR.2016.90IEEEConferenceonComputerVision and Pattern Recognition 2016 He, K., Zhang, X., Ren, S. & Sun, J. Deep residual learning for image recognition. In IEEE Conference on Computer Vision and Patte"
2308.01760v1.pdf,grobid_tei,full_tei_text,,doi,10.1109/CVPR.2016.90(2016).Atwo-stageU-Netalgorithm,https://doi.org/10.1109/CVPR.2016.90(2016).Atwo-stageU-Netalgorithm,"2016 He, K., Zhang, X., Ren, S. & Sun, J. Deep residual learning for image recognition. In IEEE Conference on Computer Vision and Pattern Recognition, 770-778, 10.1109/CVPR.2016.90(2016).Atwo-stageU-Netalgorithm for segmentation of nuclei in H&E-stained tissues AMahbod 10.1007/978-3-030-23937-4_9EuropeanCongressonDigitalPathology 2019 Mahbod, A. et al. A two-stage U-Ne"
2308.01760v1.pdf,grobid_tei,full_tei_text,,doi,10.1007/978-3-030-23937-4_9EuropeanCongressonDigitalPathology,https://doi.org/10.1007/978-3-030-23937-4_9EuropeanCongressonDigitalPathology,"Computer Vision and Pattern Recognition, 770-778, 10.1109/CVPR.2016.90(2016).Atwo-stageU-Netalgorithm for segmentation of nuclei in H&E-stained tissues AMahbod 10.1007/978-3-030-23937-4_9EuropeanCongressonDigitalPathology 2019 Mahbod, A. et al. A two-stage U-Net algorithm for segmentation of nuclei in H&E-stained tissues. In European Congress on Digital Pathology, 75-82, 10.1007"
2308.01760v1.pdf,grobid_tei,full_tei_text,,doi,10.1007/978-3-030-23937-4_9(2019).PanopticsegmentationAKirillovKHe,https://doi.org/10.1007/978-3-030-23937-4_9(2019).PanopticsegmentationAKirillovKHe,"thology 2019 Mahbod, A. et al. A two-stage U-Net algorithm for segmentation of nuclei in H&E-stained tissues. In European Congress on Digital Pathology, 75-82, 10.1007/978-3-030-23937-4_9(2019).PanopticsegmentationAKirillovKHe RGirshick CRother PDollar Conference on Computer Vision and Pattern Recognition 2019 Kirillov, A., He, K., Girshick, R., Rother, C. & Dollar, P. Panoptic segme"
2308.01760v1.pdf,grobid_tei,full_tei_text,,doi,10.1109/TMI.2022.3156023IEEETransactionsonMed.Imaging,https://doi.org/10.1109/TMI.2022.3156023IEEETransactionsonMed.Imaging,"Pattern Recognition, 9404-9413 (2019). Comments on ""MoNuSAC2020: A multi-organ nuclei segmentation and classification challenge AFoucart ODebeir CDecaestecker 10.1109/TMI.2022.3156023IEEETransactionsonMed.Imaging 41 2022 Foucart, A., Debeir, O. & Decaestecker, C. Comments on ""MoNuSAC2020: A multi-organ nuclei segmentation and classification challenge"". IEEE Transactions"
2308.01760v1.pdf,grobid_tei,full_tei_text,,doi,10.1109/TMI.2022.3156023(2022).Pollengrainmicroscopicimage,https://doi.org/10.1109/TMI.2022.3156023(2022).Pollengrainmicroscopicimage,"O. & Decaestecker, C. Comments on ""MoNuSAC2020: A multi-organ nuclei segmentation and classification challenge"". IEEE Transactions on Med. Imaging 41, 997-999, 10.1109/TMI.2022.3156023(2022).Pollengrainmicroscopicimage classification using an ensemble of fine-tuned deep convolutional neural networks AMahbod GSchaefer REcker IEllinger 10.1007/978-3-030-68763-2_26InternationalC"
2308.01760v1.pdf,grobid_tei,full_tei_text,,doi,10.1007/978-3-030-68763-2_26InternationalConferenceonPatternRecognition,https://doi.org/10.1007/978-3-030-68763-2_26InternationalConferenceonPatternRecognition,".3156023(2022).Pollengrainmicroscopicimage classification using an ensemble of fine-tuned deep convolutional neural networks AMahbod GSchaefer REcker IEllinger 10.1007/978-3-030-68763-2_26InternationalConferenceonPatternRecognition Springer 2021 Mahbod, A., Schaefer, G., Ecker, R. & Ellinger, I. Pollen grain microscopic image classification using an ensemble of fine-tuned deep convolution"
2401.08598v1.pdf,pymupdf,page_text,1,url,https://www.kaggle.com/datasets/nutritionverse/nutritionverse-real,https://www.kaggle.com/datasets/nutritionverse/nutritionverse-real,data diversity to highlight potential biases when using this data to develop models for dietary intake estimation. NutritionVerse-Real is publicly available at https://www.kaggle.com/datasets/nutritionverse/nutritionverse-real as part of an open initiative to accelerate machine learning for dietary sensing. 1 Introduction Dietary intake estimation plays a crucial role in understandin
2401.08598v1.pdf,pymupdf,page_text,1,url,https://www.kaggle.com/datasets/37th,https://www.kaggle.com/datasets/37th,s manually collected 2D food scene dataset for dietary intake estimation. Sample images can be seen in Fig- ure 1. NutritionVerse-Real is publicly available at https://www.kaggle.com/datasets/37th Conference on Neural Information Processing Systems (NeurIPS 2023). arXiv:2401.08598v1 [cs.CV] 20 Nov 2023
2401.08598v1.pdf,grobid_tei,target,,url,https://github.com/kermitt2/grobid,https://github.com/kermitt2/grobid,
2505.16226v1.pdf,pymupdf,page_text,15,url,https://anonymous.4open.science/r/tabpfn-ood-4E65.The,https://anonymous.4open.science/r/tabpfn-ood-4E65.The,"model to be trained. C Evaluation Framework To facilitate the use of our proposed evaluation framework, we provide a set of APIs. More details are available at https://anonymous.4open.science/r/tabpfn-ood-4E65.The API accepts four param- eters: dataset, model, task, and export_dataset. We will give further specifications in the supplementary material and the repository r"
2505.16226v1.pdf,pymupdf,page_text,17,url,https://www.kaggle.com/datasets/vinnyr12/eye-movements.Contraceptive,https://www.kaggle.com/datasets/vinnyr12/eye-movements.Contraceptive,"ion, first fixation duration, next fixation duration, time spent on the predicted region, and other relevant eye movement metrics. This dataset is available at https://www.kaggle.com/datasets/vinnyr12/eye-movements.Contraceptive Method Choice (CMC) This dataset contains 1,473 instances with 10 demo- graphic and socio-economic attributes, originally derived from the 1987 National Indone"
2505.16226v1.pdf,pymupdf,page_text,17,url,https://archive.ics.uci.edu/ml/datasets/Contraceptive+Method+Choice.Wine,https://archive.ics.uci.edu/ml/datasets/Contraceptive+Method+Choice.Wine,"individual, categorized into three classes: no-use, long-term meth- ods, and short-term methods. This dataset was prepared by Tjen-Sien Lim and is available at https://archive.ics.uci.edu/ml/datasets/Contraceptive+Method+Choice.Wine Quality (Red and White) This dataset includes two subsets related to red and white Vinho Verde wine samples from the north of Portugal. Each sample is describe"
2505.16226v1.pdf,pymupdf,page_text,17,url,https://archive.ics.uci.edu/dataset/186/wine+quality.17,https://archive.ics.uci.edu/dataset/186/wine+quality.17,to predict the sensory quality of the wine based on its physicochemical properties. The dataset was first introduced by Cortez et al. [12] and is available at https://archive.ics.uci.edu/dataset/186/wine+quality.17
2505.16226v1.pdf,pymupdf,page_text,19,url,https://www.openml.org/search?type=data&sort=runs&id=31&status=active.Electricity,https://www.openml.org/search?type=data&sort=runs&id=31&status=active.Electricity,"NCA 0.051 0.178 0.085 0.205 TabPFN v2 0.072 0.156 0.142 0.241 target is to determine whether the customer’s credit is good or bad. This dataset is available at https://www.openml.org/search?type=data&sort=runs&id=31&status=active.Electricity The Electricity dataset, collected from the Australian New South Wales Electric- ity Market, contains 45,312 instances from May 1996 to December 1998. Each ins"
2505.16226v1.pdf,pymupdf,page_text,19,url,https://www.kaggle.com/datasets/vstacknocopyright/electricity.Heart,https://www.kaggle.com/datasets/vstacknocopyright/electricity.Heart,"the price in New South Wales is up or down relative to a 24-hour mov- ing average, based on market demand and supply fluctuations. This dataset is available on https://www.kaggle.com/datasets/vstacknocopyright/electricity.Heart Cardiovascular diseases (CVDs) are the leading cause of death globally, responsible for 17.9 million deaths annually. Heart failure is a common event caused by"
2505.16226v1.pdf,pymupdf,page_text,19,url,https://www.kaggle.com/datasets/fedesoriano/heart-failure-prediction,https://www.kaggle.com/datasets/fedesoriano/heart-failure-prediction,e used to predict a possible heart disease. The target is to de- termine whether the patient’s heart disease is present or absent. This dataset is available on https://www.kaggle.com/datasets/fedesoriano/heart-failure-prediction . Miniboone This dataset aims to construct a predictive model using various machine learning algo- rithms and document the end-to-end steps using a template. T
2505.16226v1.pdf,pymupdf,page_text,19,url,https://www.kaggle.com/datasets/alexanderliapatis/miniboone.Iris,https://www.kaggle.com/datasets/alexanderliapatis/miniboone.Iris,"here we attempt to predict one of two possible outcomes. The target is to determine whether the neutrino is an electron or a muon. This dataset is available at https://www.kaggle.com/datasets/alexanderliapatis/miniboone.Iris The Iris flower dataset, introduced by Ronald Fisher in 1936, contains 150 samples from three Iris species: Iris setosa, Iris virginica, and Iris versicolor. E"
2505.16226v1.pdf,pymupdf,page_text,19,url,https://www.kaggle.com/datasets/uciml/iris.Jannis,https://www.kaggle.com/datasets/uciml/iris.Jannis,"length, and petal width, measured in centimeters. The target is to classify the Iris species as setosa, versicolor, or virginica. This dataset is available on https://www.kaggle.com/datasets/uciml/iris.Jannis This dataset is used in the tabular benchmark from [20]. It belongs to the ’classification on numerical features’ benchmark. The dataset is designed to test cl"
2505.16226v1.pdf,pymupdf,page_text,20,url,https://www.openml.org/search?type=data&status=active&id=45021.Penguins,https://www.openml.org/search?type=data&status=active&id=45021.Penguins,"ool for machine learning models in real-world scenarios, including medical diagnosis, credit rating, and object recognition tasks. This dataset is available on https://www.openml.org/search?type=data&status=active&id=45021.Penguins Data were collected and made available by Dr. Kristen Gorman and the Palmer Station, Antarctica LTER, a member of the Long Term Ecological Research Network. Th"
2505.16226v1.pdf,pymupdf,page_text,20,url,https://www.kaggle.com/datasets/youssefaboelwafa/clustering-penguins-species.Eye,https://www.kaggle.com/datasets/youssefaboelwafa/clustering-penguins-species.Eye,"ion, serving as an alternative to the Iris dataset. The target is to classify the penguin species as Adelie, Chinstrap, or Gentoo. This dataset is available at https://www.kaggle.com/datasets/youssefaboelwafa/clustering-penguins-species.Eye Movements This dataset is designed to predict the relevance of sentences in relation to a given question based on eye movement task. The target is to classify"
2505.16226v1.pdf,pymupdf,page_text,20,url,https://www.kaggle.com/datasets/vinnyr12/eye-movements.Abalone,https://www.kaggle.com/datasets/vinnyr12/eye-movements.Abalone,"ion, first fixation duration, next fixation duration, time spent on the predicted region, and other relevant eye movement metrics. This dataset is available at https://www.kaggle.com/datasets/vinnyr12/eye-movements.Abalone The age of abalone is traditionally determined by cutting the shell, staining it, and counting the rings under a microscope, a process that is both tedious and"
2505.16226v1.pdf,pymupdf,page_text,20,url,https://www.kaggle.com/datasets/rodolfomendes/abalone-dataset.Bike,https://www.kaggle.com/datasets/rodolfomendes/abalone-dataset.Bike,"length, diameter, and weight, to predict the abalone’s age. The target is to predict the age, providing a more efficient approach. This dataset is available on https://www.kaggle.com/datasets/rodolfomendes/abalone-dataset.Bike The dataset records the rental of shared bikes in the Washington area from 2011-01-01 to 2012-12-31, containing 11 features such as season, holiday, working da"
2505.16226v1.pdf,pymupdf,page_text,20,url,https://www.kaggle.com/datasets/abdullapathan/bikesharingdemand.Concrete,https://www.kaggle.com/datasets/abdullapathan/bikesharingdemand.Concrete,"available for rent today based on historical rental patterns and external factors like temperature, humidity, and seasonal trends. This dataset is available on https://www.kaggle.com/datasets/abdullapathan/bikesharingdemand.Concrete Concrete is the most important material in civil engineering, and its compressive strength is influenced by a highly nonlinear relationship with its ingredient"
2505.16226v1.pdf,pymupdf,page_text,20,url,https://www.kaggle.com/datasets/maajdl/yeh-concret-data.20,https://www.kaggle.com/datasets/maajdl/yeh-concret-data.20,"cement, water, and age. The target is to predict the concrete compressive strength (measured in MPa) using these input variables. This dataset is available on https://www.kaggle.com/datasets/maajdl/yeh-concret-data.20"
2505.16226v1.pdf,pymupdf,page_text,21,url,https://www.kaggle.com/datasets/owm4096/laptop-prices.F.2,https://www.kaggle.com/datasets/owm4096/laptop-prices.F.2,"moved. The cleaned dataset serves as the final result. The target is to predict the price of a laptop based on its specifications. This dataset is available on https://www.kaggle.com/datasets/owm4096/laptop-prices.F.2 Performance Gap We consider the percentage of model performance gap ∆as model robustness in feature-shift scenarios by following TabFSBench [10], ∆= (metrici −"
2505.16226v1.pdf,pymupdf,page_text,23,url,https://github.com/namkoong-lab/whyshift,https://github.com/namkoong-lab/whyshift,cy. The analysis is performed on i.i.d. datasets that are employed in Changing Data Distribution. Table 11 demonstrates results on varied learning objectives. 2https://github.com/namkoong-lab/whyshift 23
2505.16226v1.pdf,grobid_tei,target,,url,https://github.com/kermitt2/grobid,https://github.com/kermitt2/grobid,
2505.16226v1.pdf,grobid_tei,full_tei_text,,url,https://archive.ics.uci.edu/dataset/186/wine+quality.F.2,https://archive.ics.uci.edu/dataset/186/wine+quality.F.2,"to predict the sensory quality of the wine based on its physicochemical properties. The dataset was first introduced by Cortez et al. [12] and is available at https://archive.ics.uci.edu/dataset/186/wine+quality.F.2 Performance GapWe consider the percentage of model performance gap ∆ as model robustness in feature-shift scenarios by following TabFSBench [10],∆ = (metric i"
2505.16226v1.pdf,grobid_tei,full_tei_text,,url,https://www.kaggle.com/datasets/youssefaboelwafa/clusteringpenguins-species.Eye,https://www.kaggle.com/datasets/youssefaboelwafa/clusteringpenguins-species.Eye,"ion, serving as an alternative to the Iris dataset. The target is to classify the penguin species as Adelie, Chinstrap, or Gentoo. This dataset is available at https://www.kaggle.com/datasets/youssefaboelwafa/clusteringpenguins-species.Eye Movements This dataset is designed to predict the relevance of sentences in relation to a given question based on eye movement task. The target is to classify"
2505.16226v1.pdf,grobid_tei,full_tei_text,,url,https://www.kaggle.com/datasets/abdullapathan/bikesharingdemand.DatasetTrain,https://www.kaggle.com/datasets/abdullapathan/bikesharingdemand.DatasetTrain,"available for rent today based on historical rental patterns and external factors like temperature, humidity, and seasonal trends. This dataset is available on https://www.kaggle.com/datasets/abdullapathan/bikesharingdemand.DatasetTrain Size ID Test OOD TestTotal Num. Columns Cat. Columns # Classes ∆x(Eqn. 2) ∆y|x(Eqn. 3) ∆y(Eqn. 4)college_scorecard43,9085,488602 49,9981180243,566.392116.630.0"
2505.16226v1.pdf,grobid_tei,full_tei_text,,url,https://www.kaggle.com/datasets/maajdl/yeh-concret-data.Table,https://www.kaggle.com/datasets/maajdl/yeh-concret-data.Table,"cement, water, and age. The target is to predict the concrete compressive strength (measured in MPa) using these input variables. This dataset is available on https://www.kaggle.com/datasets/maajdl/yeh-concret-data.Table 10 :10Overview of selected WhyShift datasets and settings (after subsampling). The evaluation of Shift Pattern is described in G.2.Laptop The original dataset"
2505.16226v1.pdf,grobid_tei,full_tei_text,,url,https://www.kaggle.com/datasets/owm4096/laptop-prices.DatasetTrain,https://www.kaggle.com/datasets/owm4096/laptop-prices.DatasetTrain,"moved. The cleaned dataset serves as the final result. The target is to predict the price of a laptop based on its specifications. This dataset is available on https://www.kaggle.com/datasets/owm4096/laptop-prices.DatasetTrain ID Test OOD TestTotal #Features SettingShift PatternACS Income (CA→PR)38,2279,5572,215 49,9999 California → Puerto Rico Y |X ≫ XACS Mobility (MS→HI)4,2541,0642"
2506.10412v4.pdf,pymupdf,page_text,1,url,"https://github.com/blacksnail789521/Time-IMM,",https://github.com/blacksnail789521/Time-IMM,"ing performance. TIME-IMM and IMM-TSF provide a foundation for advancing time series analysis under real-world conditions. The dataset is publicly available at https://github.com/blacksnail789521/Time-IMM, and the benchmark li- brary can be accessed at https://github.com/blacksnail789521/IMM-TSF.1 Introduction Time series analysis plays a foundational role across"
2506.10412v4.pdf,pymupdf,page_text,1,url,https://github.com/blacksnail789521/IMM-TSF.1,https://github.com/blacksnail789521/IMM-TSF.1,"under real-world conditions. The dataset is publicly available at https://github.com/blacksnail789521/Time-IMM, and the benchmark li- brary can be accessed at https://github.com/blacksnail789521/IMM-TSF.1 Introduction Time series analysis plays a foundational role across diverse fields such as healthcare [40, 54], climate science [56, 10], and finance [18, 81]."
2506.10412v4.pdf,pymupdf,page_text,11,url,https://www.cs.ucr.edu/~eamonn/time_series_data_2018/.,https://www.cs.ucr.edu/~eamonn/time_series_data_2018/,", Yanping, Bing Hu, Nurjahan Begum, Anthony Bagnall, Abdullah Mueen, Gustavo Batista, and Hexagon-ML. The ucr time series classification archive, October 2018. https://www.cs.ucr.edu/~eamonn/time_series_data_2018/. [15] Edward De Brouwer, Jaak Simm, Adam Arany, and Yves Moreau. Gru-ode-bayes: Continuous modeling of sporadically-observed time series. Advances in neural inf"
2506.10412v4.pdf,pymupdf,page_text,12,url,https://physionet.org/content/mimi-civ/1.0/(accessed,https://physionet.org/content/mimi-civ/1.0/(accessed,"10.01728, 2023. [27] Alistair Johnson, Lucas Bulgarelli, Tom Pollard, Steven Horng, Leo Anthony Celi, and Roger Mark. Mimic-iv. PhysioNet. Available online at: https://physionet.org/content/mimi-civ/1.0/(accessed August 23, 2021), pages 49–55, 2020. [28] Alistair Johnson, Tom Pollard, Steven Horng, Leo Anthony Celi, and Roger Mark. Mimic-iv- note: Deidentified free-text"
2506.10412v4.pdf,pymupdf,page_text,13,url,"https://platform.openai.com/docs/models/gpt-4.1-nano,",https://platform.openai.com/docs/models/gpt-4.1-nano,"v:2503.07649, 2025. [49] California Department of Transportation. Performance measurement system (pems), 2024. Accessed: 2025-04-15. [50] OpenAI. Gpt-4.1 nano. https://platform.openai.com/docs/models/gpt-4.1-nano, 2025. Accessed: 2025-04-15. [51] Ting-Yun Ou, Ching Chang, and Wen-Chih Peng. Coke: Causal discovery with chronological order and expert knowledge in high prop"
2506.10412v4.pdf,pymupdf,page_text,13,url,"https://archive.ics.uci.edu/dataset/321/electricityloaddiagrams20112014,",https://archive.ics.uci.edu/dataset/321/electricityloaddiagrams20112014,"p learning with electronic health records. NPJ digital medicine, 1(1):18, 2018. [55] UCI Machine Learning Repository. Electricityloaddiagrams20112014 data set. https://archive.ics.uci.edu/dataset/321/electricityloaddiagrams20112014, 2014. Ac- cessed: 2025-04-15. [56] Yulia Rubanova, Ricky TQ Chen, and David K Duvenaud. Latent ordinary differential equations for irregularly-sampled time ser"
2506.10412v4.pdf,pymupdf,page_text,14,url,"https://archive.physionet.org/challenge/2012,",https://archive.physionet.org/challenge/2012,"] Ikaro Silva, George B. Moody, Daniel J. Scott, and Roger G. Mark. Predicting mortality of icu patients: The physionet/computing in cardiology challenge 2012. https://archive.physionet.org/challenge/2012, 2012. Accessed: 2025-05-18. [61] U.S. Environmental Protection Agency. Air quality data. https://www.epa.gov/air-quality, n.d. Accessed: 2025-04-15. [62] Vedra"
2506.10412v4.pdf,pymupdf,page_text,14,url,"https://www.epa.gov/air-quality,",https://www.epa.gov/air-quality,"rdiology challenge 2012. https://archive.physionet.org/challenge/2012, 2012. Accessed: 2025-05-18. [61] U.S. Environmental Protection Agency. Air quality data. https://www.epa.gov/air-quality, n.d. Accessed: 2025-04-15. [62] Vedrana Vidulin, Mitja Lustrek, Bostjan Kaluza, Rok Piltaver, and Jana Krivec. Localization data for person activity. https://a"
2506.10412v4.pdf,pymupdf,page_text,14,url,https://archive.ics.uci.edu/dataset/196/localization+,https://archive.ics.uci.edu/dataset/196/localization+,"-quality, n.d. Accessed: 2025-04-15. [62] Vedrana Vidulin, Mitja Lustrek, Bostjan Kaluza, Rok Piltaver, and Jana Krivec. Localization data for person activity. https://archive.ics.uci.edu/dataset/196/localization+ data+for+person+activity, 2010. Accessed: 2025-04-15. [63] Chengsen Wang, Qi Qi, Jingyu Wang, Haifeng Sun, Zirui Zhuang, Jinming Wu, Lei Zhang, and Jianxin Lia"
2506.10412v4.pdf,pymupdf,page_text,18,url,https://data.gdeltproject.org/gdeltv2/masterfilelist.txt,https://data.gdeltproject.org/gdeltv2/masterfilelist.txt,"to real-world happenings such as political crises, protests, or policy changes. Source GDELT Event Database 2.0 (2021–2024) [36]. Raw data was downloaded from: https://data.gdeltproject.org/gdeltv2/masterfilelist.txt Entity Each entity corresponds to a unique (country, event type) pair. We select 4 countries—USA, GBR, AUS, and CAN—and 2 event types: AGR (Agriculture) and LA"
2506.10412v4.pdf,pymupdf,page_text,19,url,https://physionet.org/content/mimiciv/3.1/Entity,https://physionet.org/content/mimiciv/3.1/Entity,"y. This results in inherently irregular sampling tied to human judgment and workflow. Source MIMIC-IV clinical database and MIMIC-Notes [27, 28]. Available at: https://physionet.org/content/mimiciv/3.1/Entity Each entity is a single ICU patient who satisfies the following inclusion criteria: • Patients included in the Metavision system. • Exactly one hospital admiss"
2506.10412v4.pdf,pymupdf,page_text,19,url,https://github.com/edebrouwer/gru_ode_bayes/tree/master/data_preproc/MIMIC,https://github.com/edebrouwer/gru_ode_bayes/tree/master/data_preproc/MIMIC,"inical courses and recording patterns. The choice of criteria and the preprocessing code mostly follow the logic from the GRU-ODE-Bayes preprocessing pipeline: https://github.com/edebrouwer/gru_ode_bayes/tree/master/data_preproc/MIMIC Collection • Numerical Time-Series For each selected patient we extract 105 variables spanning: IV infusion and boluses, laboratory chemistry and hematology, b"
2506.10412v4.pdf,pymupdf,page_text,20,url,https://huggingface.co/datasets/Zihan1004/FNSPID.Only,https://huggingface.co/datasets/Zihan1004/FNSPID.Only,"le 10 different companies. Collection • Numerical Time Series: We download daily closing prices and related trading statis- tics for each selected company from https://huggingface.co/datasets/Zihan1004/FNSPID.Only trading days are included, with no entries for weekends or market holidays, leading to regularly spaced but discontinuous sampling. • Textual Data: For each tr"
2506.10412v4.pdf,pymupdf,page_text,20,url,https://huggingface.co/datasets/Zihan1004/FNSPID.Articles,https://huggingface.co/datasets/Zihan1004/FNSPID.Articles,"aced but discontinuous sampling. • Textual Data: For each trading day, we collect news headlines and article excerpts related to the corresponding company from https://huggingface.co/datasets/Zihan1004/FNSPID.Articles are time-stamped and filtered for relevance. We then use GPT-4.1 Nano to summarize the article into concise 5-sentence narratives, highlighting market developm"
2506.10412v4.pdf,pymupdf,page_text,20,url,https://github.com/alibaba/clusterdata/tree/master?tab=readme-ov-file,https://github.com/alibaba/clusterdata/tree/master?tab=readme-ov-file,"failure or noise, but because the monitoring system is deliberately inactive during idle periods. Source Alibaba GPU Cluster Trace v2020 [68]. Main repository: https://github.com/alibaba/clusterdata/tree/master?tab=readme-ov-file Entity Each entity corresponds to a distinct physical GPU machine in the Alibaba cluster. We select 3 machines from the dataset, identified by their anonymized"
2506.10412v4.pdf,pymupdf,page_text,22,url,https://aqs.epa.gov/aqsweb/airdata/download_files.html,https://aqs.epa.gov/aqsweb/airdata/download_files.html,"alignment, especially when modalities are collected independently. Source EPA Outdoor Air Quality Sensors [61]. Numerical time series data was downloaded from: https://aqs.epa.gov/aqsweb/airdata/download_files.html Textual news articles were retrieved from Common Crawl News, using monthly archives available at: https://data.commoncrawl.org/crawl-data/CC-NEWS/Entity Each e"
2506.10412v4.pdf,pymupdf,page_text,22,url,https://data.commoncrawl.org/crawl-data/CC-NEWS/Entity,https://data.commoncrawl.org/crawl-data/CC-NEWS/Entity,"from: https://aqs.epa.gov/aqsweb/airdata/download_files.html Textual news articles were retrieved from Common Crawl News, using monthly archives available at: https://data.commoncrawl.org/crawl-data/CC-NEWS/Entity Each entity corresponds to a U.S. county monitored by the EPA sensor network. We select 8 counties for inclusion in this dataset: • Los Angeles, CA • Maricopa"
2506.10412v4.pdf,pymupdf,page_text,25,url,https://physionet.org/content/mimiciv/3.1/.To,https://physionet.org/content/mimiciv/3.1/.To,"ealthcare (e.g., MIMIC-IV), we take additional precautions to ensure data privacy and regulatory compliance. MIMIC-IV is a restricted-access resource hosted on https://physionet.org/content/mimiciv/3.1/.To access the raw files, users must be credentialed, complete the CITI “Data or Specimens Only Research” training, and sign the official data use agreement on Phy"
2506.10412v4.pdf,pymupdf,page_text,25,url,https://www.kaggle.com/datasets/blacksnail789521/time-imm/data,https://www.kaggle.com/datasets/blacksnail789521/time-imm/data,ewing contributions and issues reported by the community to ensure continued compatibility and correctness. Accessing. The TIME-IMM dataset can be accessed at: https://www.kaggle.com/datasets/blacksnail789521/time-imm/data The accompanying benchmark code and processing tools are available at: https://anonymous.4open.science/r/IMMTSF_NeurIPS2025 Ethical Usage Encouragement. We str
2506.10412v4.pdf,pymupdf,page_text,25,url,https://anonymous.4open.science/r/IMMTSF_NeurIPS2025,https://anonymous.4open.science/r/IMMTSF_NeurIPS2025,"taset can be accessed at: https://www.kaggle.com/datasets/blacksnail789521/time-imm/data The accompanying benchmark code and processing tools are available at: https://anonymous.4open.science/r/IMMTSF_NeurIPS2025 Ethical Usage Encouragement. We strongly encourage responsible usage of TIME-IMM and IMM-TSF in research contexts that prioritize fairness, transparency, and r"
2506.10412v4.pdf,pymupdf,page_text,46,url,https://nips.cc/public/guides/CodeSubmissionPolicy),https://nips.cc/public/guides/CodeSubmissionPolicy,"bstract Guidelines: • The answer NA means that paper does not include experiments requiring code. • Please see the NeurIPS code and data submission guidelines (https://nips.cc/public/guides/CodeSubmissionPolicy) for more details. • While we encourage the release of code and data, we understand that this might not be possible, so “No” is an acceptable answer. Papers can"
2506.10412v4.pdf,pymupdf,page_text,47,url,https://neurips.cc/public/EthicsGuidelines?Answer:,https://neurips.cc/public/EthicsGuidelines?Answer,"didn’t make it into the paper). 9. Code of ethics Question: Does the research conducted in the paper conform, in every respect, with the NeurIPS Code of Ethics https://neurips.cc/public/EthicsGuidelines?Answer: [Yes] Justification: Section 2 and Appendix G Guidelines: • The answer NA means that the authors have not reviewed the NeurIPS Code of Ethics. • If the authors"
2506.10412v4.pdf,pymupdf,page_text,50,url,https://neurips.cc/Conferences/2025/LLM),https://neurips.cc/Conferences/2025/LLM,"at the core method development in this research does not involve LLMs as any important, original, or non-standard components. • Please refer to our LLM policy (https://neurips.cc/Conferences/2025/LLM) for what should or should not be described. 50"
2506.10412v4.pdf,grobid_tei,target,,url,https://github.com/kermitt2/grobid,https://github.com/kermitt2/grobid,
2506.10412v4.pdf,grobid_tei,target,,url,https://physionet.org/content/mimi-civ/1.0/,https://physionet.org/content/mimi-civ/1.0/,
2506.10412v4.pdf,grobid_tei,target,,url,https://archive.ics.uci.edu/dataset/196/localization+data+for+person+activity,https://archive.ics.uci.edu/dataset/196/localization+data+for+person+activity,
2506.10412v4.pdf,grobid_tei,full_tei_text,,url,https://github.com/blacksnail789521/IMM-TSF.IntroductionTime,https://github.com/blacksnail789521/IMM-TSF.IntroductionTime,"is under real-world conditions. The dataset is publicly available at https://github.com/blacksnail789521/Time-IMM, and the benchmark library can be accessed at https://github.com/blacksnail789521/IMM-TSF.IntroductionTime series analysis plays a foundational role across diverse fields such as healthcare [40,54], climate science [56,10], and finance [18,81]. It underpins critical"
2506.10412v4.pdf,grobid_tei,full_tei_text,,url,https://data.gdeltproject.org/gdeltv2/masterfilelist.txtEntity,https://data.gdeltproject.org/gdeltv2/masterfilelist.txtEntity,"to real-world happenings such as political crises, protests, or policy changes.Source GDELT Event Database 2.0 (2021-2024) [36]. Raw data was downloaded from: https://data.gdeltproject.org/gdeltv2/masterfilelist.txtEntity Each entity corresponds to a unique (country, event type) pair. We select 4 countries-USA, GBR, AUS, and CAN-and 2 event types: AGR (Agriculture) and LAB (Labo"
2506.10412v4.pdf,grobid_tei,full_tei_text,,url,https://github.com/alibaba/clusterdata/tree/master?tab=readme-ov-fileEntity,https://github.com/alibaba/clusterdata/tree/master?tab=readme-ov-fileEntity,"failure or noise, but because the monitoring system is deliberately inactive during idle periods.Source Alibaba GPU Cluster Trace v2020 [68]. Main repository: https://github.com/alibaba/clusterdata/tree/master?tab=readme-ov-fileEntity Each entity corresponds to a distinct physical GPU machine in the Alibaba cluster. We select 3 machines from the dataset, identified by their anonymized worker"
2506.10412v4.pdf,grobid_tei,full_tei_text,,url,https://www.kaggle.com/datasets/blacksnail789521/time-imm/dataThe,https://www.kaggle.com/datasets/blacksnail789521/time-imm/dataThe,iewing contributions and issues reported by the community to ensure continued compatibility and correctness.Accessing. The TIME-IMM dataset can be accessed at: https://www.kaggle.com/datasets/blacksnail789521/time-imm/dataThe accompanying benchmark code and processing tools are available at: https://anonymous.4open.science/r/IMMTSF_NeurIPS2025 Ethical Usage Encouragement. We strongl
2506.10412v4.pdf,grobid_tei,full_tei_text,,url,https://aqs.epa.gov/aqsweb/airdata/download_files.htmlTextual,https://aqs.epa.gov/aqsweb/airdata/download_files.htmlTextual,"key environmental developments or disruptions affecting the region.Source EPA Outdoor Air Quality Sensors [61]. Numerical time series data was downloaded from:https://aqs.epa.gov/aqsweb/airdata/download_files.htmlTextual news articles were retrieved from Common Crawl News, using monthly archives available at:https://data.commoncrawl.org/crawl-data/CC-NEWS/Entity Each entity cor"
2506.10412v4.pdf,grobid_tei,full_tei_text,,url,https://www.cs.ucr.edu/~eamonn/time_series_data_2018/.Gru-ode-bayes:Continuous,https://www.cs.ucr.edu/~eamonn/time_series_data_2018/.Gru-ode-bayes:Continuous,", Yanping, Bing Hu, Nurjahan Begum, Anthony Bagnall, Abdullah Mueen, Gustavo Batista, and Hexagon-ML. The ucr time series classification archive, October 2018. https://www.cs.ucr.edu/~eamonn/time_series_data_2018/.Gru-ode-bayes:Continuous modeling of sporadically-observed time series EdwardDeBrouwer JaakSimm AdamArany YvesMoreau Advances in neural information processing systems 2019 32 Edward De"
2508.08868v1.pdf,pymupdf,page_text,1,url,https://doi.org/10.5281/zenodo.15656471arXiv:2508.08868v1,https://doi.org/10.5281/zenodo.15656471arXiv:2508.08868v1,"forming a substantial component [6]. These findings underscore the field’s growing emphasis on transparency, reproducibility, and data-driven experimentation. 1https://doi.org/10.5281/zenodo.15656471arXiv:2508.08868v1 [cs.SE] 12 Aug 2025"
2508.08868v1.pdf,pymupdf,page_text,2,url,https://zenodo.org/communities/re-data/records,https://zenodo.org/communities/re-data/records,"(44 out of 57) are inaccessible to the research community. • The datasets that are publicly accessible tend to be small in scale (median of 20 requirements). 2https://zenodo.org/communities/re-data/records 3https://reqfactoront.com/content/datasets • Although 42 out of 57 datasets originate from practition- ers, only 7 are annotated or labeled by practitioners. D"
2508.08868v1.pdf,pymupdf,page_text,2,url,https://reqfactoront.com/content/datasets,https://reqfactoront.com/content/datasets,"community. • The datasets that are publicly accessible tend to be small in scale (median of 20 requirements). 2https://zenodo.org/communities/re-data/records 3https://reqfactoront.com/content/datasets • Although 42 out of 57 datasets originate from practition- ers, only 7 are annotated or labeled by practitioners. Due to these constraints, some researchers h"
2508.08868v1.pdf,pymupdf,page_text,4,url,https://www.kaggle.com/datasets/computerscience3/public-requirementspure-dataset,https://www.kaggle.com/datasets/computerscience3/public-requirementspure-dataset,"bering were removed. We also removed identically duplicate requirements, yet did not attempt to de-duplicate requirements that were only semantically similar. 4https://www.kaggle.com/datasets/computerscience3/public-requirementspure-dataset Generic English: Inspired by the PURE paper [7], we also compare the datasets to the Brown corpus [23] to relate the our findings to generic English. The datas"
2508.08868v1.pdf,pymupdf,page_text,4,url,https://www.kaggle.com/datasets/nltkdata/brown-corpus/data,https://www.kaggle.com/datasets/nltkdata/brown-corpus/data,"and tokens (Tab. II). Except PURE*, real-world requirements exhibit consistent lexical diversity. In contrast, both PURE* and the Brown corpus show noticeably 5https://www.kaggle.com/datasets/nltkdata/brown-corpus/data"
2508.08868v1.pdf,pymupdf,page_text,7,url,https://zenodo.org/doi/10.5281/zenodo.14513612,https://zenodo.org/doi/10.5281/zenodo.14513612,"ional Requirements Engineering Conference (RE). IEEE, 2019, pp. 142–152. [10] A. Wohlgemuth, “Intralogistics requirements data set,” 2024. [Online]. Available: https://zenodo.org/doi/10.5281/zenodo.14513612 [11] F. Dalpiaz, “Requirements data sets (user stories),” 2018. [Online]. Available: https://data.mendeley.com/datasets/7zbk8zsd8y/1 [12] E. Knauss, S. H. Houm"
2508.08868v1.pdf,pymupdf,page_text,7,url,https://data.mendeley.com/datasets/7zbk8zsd8y/1,https://data.mendeley.com/datasets/7zbk8zsd8y/1,"2024. [Online]. Available: https://zenodo.org/doi/10.5281/zenodo.14513612 [11] F. Dalpiaz, “Requirements data sets (user stories),” 2018. [Online]. Available: https://data.mendeley.com/datasets/7zbk8zsd8y/1 [12] E. Knauss, S. H. Houmb, S. Islam, J. Jürjens, and K. Schneider, “SecReq,” 2021. [Online]. Available: https://zenodo.org/doi/10.5281/zenodo.4530182 [13] J."
2508.08868v1.pdf,pymupdf,page_text,7,url,https://zenodo.org/doi/10.5281/zenodo.4530182,https://zenodo.org/doi/10.5281/zenodo.4530182,"able: https://data.mendeley.com/datasets/7zbk8zsd8y/1 [12] E. Knauss, S. H. Houmb, S. Islam, J. Jürjens, and K. Schneider, “SecReq,” 2021. [Online]. Available: https://zenodo.org/doi/10.5281/zenodo.4530182 [13] J. Frattini, L. Montgomery, D. Fucci, M. Unterkalmsteiner, D. Mendez, and J. Fischbach, “Requirements quality research artifacts: Recovery, analysis, and"
2508.08868v1.pdf,grobid_tei,target,,url,https://github.com/kermitt2/grobid,https://github.com/kermitt2/grobid,
2508.08868v1.pdf,grobid_tei,idno_doi,,doi,10.5281/zenodo.15656471,https://doi.org/10.5281/zenodo.15656471,10.5281/zenodo.15656471
2508.08868v1.pdf,grobid_tei,idno_doi,,doi,10.5281/zenodo.14513612,https://doi.org/10.5281/zenodo.14513612,10.5281/zenodo.14513612
2508.08868v1.pdf,grobid_tei,idno_doi,,doi,10.5281/zenodo.4530182,https://doi.org/10.5281/zenodo.4530182,10.5281/zenodo.4530182
2508.08868v1.pdf,grobid_tei,full_tei_text,,url,https://doi.org/10.5281/zenodo.15656471https://zenodo.org/communities/re-data/recordshttps://reqfactoront.com/content/datasetshttps://www.kaggle.com/datasets/computerscience3/public-requirementspure-datasethttps://www.kaggle.com/datasets/nltkdata/brown-corpus/dataRequirements,https://doi.org/10.5281/zenodo.15656471https://zenodo.org/communities/re-data/recordshttps://reqfactoront.com/content/datasetshttps://www.kaggle.com/datasets/computerscience3/public-requirementspure-datasethttps://www.kaggle.com/datasets/nltkdata/brown-corpus/dataRequirements,"subset of PURE, as discussed in Sec. IV-AQ u R EP U R E P r o m is e S e c u r it y U s e r S t o r ie s B a s icC o n t e x t C o n t e x t -R o le B r o w n https://doi.org/10.5281/zenodo.15656471https://zenodo.org/communities/re-data/recordshttps://reqfactoront.com/content/datasetshttps://www.kaggle.com/datasets/computerscience3/public-requirementspure-datasethttps://www.kaggle.com/datasets/nltkdata/brown-corpus/dataRequirements quality is quality in use HFemmer AVogelsang IEEE Software 36 3 2019 H. Femmer and A. Vogelsang, ""Requirements quality is quality in use,"" IEEE Software, vol."
2508.08868v1.pdf,grobid_tei,full_tei_text,,url,https://zenodo.org/doi/10.5281/zenodo.14513612Requirementsdatasets(userstories),https://zenodo.org/doi/10.5281/zenodo.14513612Requirementsdatasets(userstories),"2. Intralogistics requirements data set AWohlgemuth 10.5281/zenodo.145136122024A.Wohlgemuth, ""Intralogistics requirements data set,"" 2024. [Online]. Available: https://zenodo.org/doi/10.5281/zenodo.14513612Requirementsdatasets(userstories) FDalpiaz 2018 F. Dalpiaz, ""Requirements data sets (user stories),"" 2018. [Online]. Available: https://data.mendeley.com/datasets/7zbk8zsd8y/1 EKnauss SHHoumb S"
2508.08868v1.pdf,grobid_tei,full_tei_text,,url,"https://zenodo.org/doi/10.5281/zenodo.4530182Requirementsqualityresearchartifacts:Recovery,",https://zenodo.org/doi/10.5281/zenodo.4530182Requirementsqualityresearchartifacts:Recovery,"ns KSchneider 10.5281/zenodo.4530182SecReq,"" 2021. [Online E. Knauss, S. H. Houmb, S. Islam, J. Jürjens, and K. Schneider, ""SecReq,"" 2021. [Online]. Available: https://zenodo.org/doi/10.5281/zenodo.4530182Requirementsqualityresearchartifacts:Recovery, analysis, and management guideline JFrattini LMontgomery DFucci MUnterkalmsteiner DMendez JFischbach Journal of Systems and Software 216 112120 2024 J. Frattin"
2508.08868v1.pdf,grobid_tei,full_tei_text,,doi,10.5281/zenodo.15656471arXiv:2508.08868v1[cs.SE],https://doi.org/10.5281/zenodo.15656471arXiv:2508.08868v1[cs.SE,rg-Essen Essen Germany Description and Comparative Analysis of QURE: A New Industrial Requirements Quality Dataset 12 Aug 2025 826C708A1C1C95DF8D276E1632C9549D 10.5281/zenodo.15656471arXiv:2508.08868v1[cs.SE] GROBID - A machine learning software for extracting information from scholarly documents Requirements Engineering Requirements Quality Requirements Data Set Be
2508.08868v1.pdf,grobid_tei,full_tei_text,,doi,"10.5281/zenodo.145136122024A.Wohlgemuth,",https://doi.org/10.5281/zenodo.145136122024A.Wohlgemuth,"ency pars- ing,"" in IEEE 27th International Requirements Engineering Conference (RE). IEEE, 2019, pp. 142-152. Intralogistics requirements data set AWohlgemuth 10.5281/zenodo.145136122024A.Wohlgemuth, ""Intralogistics requirements data set,"" 2024. [Online]. Available: https://zenodo.org/doi/10.5281/zenodo.14513612Requirementsdatasets(userstories) FDalpiaz 201"
2508.08868v1.pdf,grobid_tei,full_tei_text,,doi,"10.5281/zenodo.4530182SecReq,",https://doi.org/10.5281/zenodo.4530182SecReq,"""Requirements data sets (user stories),"" 2018. [Online]. Available: https://data.mendeley.com/datasets/7zbk8zsd8y/1 EKnauss SHHoumb SIslam JJürjens KSchneider 10.5281/zenodo.4530182SecReq,"" 2021. [Online E. Knauss, S. H. Houmb, S. Islam, J. Jürjens, and K. Schneider, ""SecReq,"" 2021. [Online]. Available: https://zenodo.org/doi/10.5281/zenodo.45301"
2601.12533v2.pdf,pymupdf,page_text,1,url,https://www.kaggle.com/datasets/mdahanafarifkhan/birdseye-ru.Keywords:Face,https://www.kaggle.com/datasets/mdahanafarifkhan/birdseye-ru.Keywords:Face,"tude. We present a detailed description of the BirdsEye-RU dataset in this paper. We made our dataset freely available to the public, and it can be accessed at https://www.kaggle.com/datasets/mdahanafarifkhan/birdseye-ru.Keywords:Face Detection, Overhead Images 1. Introduction Bird’s-eye digital images refer to overhead images captured from a high vantage point, resembling the perspective of"
2601.12533v2.pdf,pymupdf,page_text,6,url,https://www.kaggle.com/datasets/mdahanafarifkhan/birdseye-ru.6,https://www.kaggle.com/datasets/mdahanafarifkhan/birdseye-ru.6,data is intended solely for academic research. Dataset Availability The dataset is publicly accessible for research purposes via Kaggle at the following link: https://www.kaggle.com/datasets/mdahanafarifkhan/birdseye-ru.6
2601.12533v2.pdf,pymupdf,page_text,7,url,https://dx.doi.org/10.1145/3083187.3083214,https://dx.doi.org/10.1145/3083187.3083214,"en dataset for drone research, in: Proceedings of the 8th ACM on Multimedia Systems Conference, MMSys’17, ACM, 2017, p. 187–192. doi:10.1145/3083187.3083214.URLhttps://dx.doi.org/10.1145/3083187.3083214 [2] I. Kalra, M. Singh, S. Nagpal, R. Singh, M. Vatsa, P. B. Sujit, Dronesurf: Benchmark dataset for drone-based face recognition, in: 2019 14th IEEE Internati"
2601.12533v2.pdf,pymupdf,page_text,7,url,https://dx.doi.org/10.1109/FG.2019.8756593,https://dx.doi.org/10.1109/FG.2019.8756593,"sed face recognition, in: 2019 14th IEEE International Conference on Automatic Face & Gesture Recognition (FG 2019), IEEE, 2019. doi:10.1109/fg.2019.8756593.URLhttps://dx.doi.org/10.1109/FG.2019.8756593 [3] Y. Luo, S. Chen, X. G. Ma, Drone lams: A drone-based face detection dataset with large angles and many scenarios (2021). arXiv:2011.07689. URL https://arxi"
2601.12533v2.pdf,pymupdf,page_text,7,url,https://arxiv.org/abs/2011.07689,https://arxiv.org/abs/2011.07689,"2019.8756593 [3] Y. Luo, S. Chen, X. G. Ma, Drone lams: A drone-based face detection dataset with large angles and many scenarios (2021). arXiv:2011.07689. URL https://arxiv.org/abs/2011.07689 [4] F. Detection, R. Dataset, Droneface dataset, https://universe.roboflow.com/face-detection-and-recognition-dataset/droneface (apr 2023). URL https://univers"
2601.12533v2.pdf,pymupdf,page_text,7,url,https://universe.roboflow.com/face-detection-and-recognition-dataset/droneface,https://universe.roboflow.com/face-detection-and-recognition-dataset/droneface,"on dataset with large angles and many scenarios (2021). arXiv:2011.07689. URL https://arxiv.org/abs/2011.07689 [4] F. Detection, R. Dataset, Droneface dataset, https://universe.roboflow.com/face-detection-and-recognition-dataset/droneface (apr 2023). URL https://universe.roboflow.com/face-detection-and-recognition-dataset/droneface 7"
2601.12533v2.pdf,pymupdf,page_text,7,doi,doi:10.1145/3083187.3083214.URLhttps://dx.doi.org/10.1145/3083187.3083214,https://doi.org/10.1145/3083187.3083214.URLhttps://dx.doi.org/10.1145/3083187.3083214,"u, K.-T. Chen, Droneface: An open dataset for drone research, in: Proceedings of the 8th ACM on Multimedia Systems Conference, MMSys’17, ACM, 2017, p. 187–192. doi:10.1145/3083187.3083214.URLhttps://dx.doi.org/10.1145/3083187.3083214 [2] I. Kalra, M. Singh, S. Nagpal, R. Singh, M. Vatsa, P. B. Sujit, Dronesurf: Benchmark dataset for drone-based face recognition, in: 2019 14th IEEE Internati"
2601.12533v2.pdf,pymupdf,page_text,7,doi,doi:10.1109/fg.2019.8756593.URLhttps://dx.doi.org/10.1109/FG.2019.8756593,https://doi.org/10.1109/fg.2019.8756593.URLhttps://dx.doi.org/10.1109/FG.2019.8756593,"Benchmark dataset for drone-based face recognition, in: 2019 14th IEEE International Conference on Automatic Face & Gesture Recognition (FG 2019), IEEE, 2019. doi:10.1109/fg.2019.8756593.URLhttps://dx.doi.org/10.1109/FG.2019.8756593 [3] Y. Luo, S. Chen, X. G. Ma, Drone lams: A drone-based face detection dataset with large angles and many scenarios (2021). arXiv:2011.07689. URL https://arxi"
2601.12533v2.pdf,grobid_tei,target,,url,https://github.com/kermitt2/grobid,https://github.com/kermitt2/grobid,
2601.12533v2.pdf,grobid_tei,target,,url,http://dx.doi.org/10.1145/3083187.3083214,http://dx.doi.org/10.1145/3083187.3083214,
2601.12533v2.pdf,grobid_tei,target,,url,http://dx.doi.org/10.1109/FG.2019.8756593,http://dx.doi.org/10.1109/FG.2019.8756593,
2601.12533v2.pdf,grobid_tei,idno_doi,,doi,10.1145/3083187.3083214,https://doi.org/10.1145/3083187.3083214,10.1145/3083187.3083214
2601.12533v2.pdf,grobid_tei,idno_doi,,doi,10.1109/FG.2019.8756593,https://doi.org/10.1109/FG.2019.8756593,10.1109/FG.2019.8756593
2601.12533v2.pdf,grobid_tei,full_tei_text,,url,https://www.kaggle.com/datasets/mdahanafarifkhan/birdseye-ru.IntroductionBird,https://www.kaggle.com/datasets/mdahanafarifkhan/birdseye-ru.IntroductionBird,"tude. We present a detailed description of the BirdsEye-RU dataset in this paper. We made our dataset freely available to the public, and it can be accessed at https://www.kaggle.com/datasets/mdahanafarifkhan/birdseye-ru.IntroductionBird's-eye digital images refer to overhead images captured from a high vantage point, resembling the perspective of a bird in flight. Such images can be acquired u"
2601.12533v2.pdf,grobid_tei,full_tei_text,,url,https://www.kaggle.com/datasets/mdahanafarifkhan/birdseye-ru.Droneface:An,https://www.kaggle.com/datasets/mdahanafarifkhan/birdseye-ru.Droneface:An,"710194465Testing2820230512Total1,601619758 2,978 Dataset AvailabilityThe dataset is publicly accessible for research purposes via Kaggle at the following link: https://www.kaggle.com/datasets/mdahanafarifkhan/birdseye-ru.Droneface:An open dataset for drone research H.-JHsu K.-TChen 10.1145/3083187.3083214Proceedingsofthe8thACM on Multimedia Systems Conference, MMSys'17, ACM the 8th ACM on M"
2601.12533v2.pdf,grobid_tei,full_tei_text,,url,https://dx.doi.org/10.1145/3083187.3083214Dronesurf:Benchmarkdatasetfor,https://dx.doi.org/10.1145/3083187.3083214Dronesurf:Benchmarkdatasetfor,"en dataset for drone research, in: Proceedings of the 8th ACM on Multimedia Systems Conference, MMSys'17, ACM, 2017, p. 187-192. doi:10.1145/3083187.3083214.URLhttps://dx.doi.org/10.1145/3083187.3083214Dronesurf:Benchmarkdatasetfor drone-based face recognition IKalra MSingh SNagpal RSingh MVatsa PBSujit 10.1109/FG.2019.875659314thIEEEInternationalConferenceon Automatic Face & Gesture Reco"
2601.12533v2.pdf,grobid_tei,full_tei_text,,url,https://dx.doi.org/10.1109/FG.2019.8756593Dronelams:Adrone-based,https://dx.doi.org/10.1109/FG.2019.8756593Dronelams:Adrone-based,"sed face recognition, in: 2019 14th IEEE International Conference on Automatic Face & Gesture Recognition (FG 2019), IEEE, 2019. doi:10.1109/fg.2019.8756593.URLhttps://dx.doi.org/10.1109/FG.2019.8756593Dronelams:Adrone-based face detection dataset with large angles and many scenarios YLuo SChen XGMa arXiv:2011.07689 2021 Y. Luo, S. Chen, X. G. Ma, Drone lams: A drone-based face det"
2601.12533v2.pdf,grobid_tei,full_tei_text,,doi,10.1145/3083187.3083214Proceedingsofthe8thACM,https://doi.org/10.1145/3083187.3083214Proceedingsofthe8thACM,"es via Kaggle at the following link: https://www.kaggle.com/datasets/mdahanafarifkhan/birdseye-ru.Droneface:An open dataset for drone research H.-JHsu K.-TChen 10.1145/3083187.3083214Proceedingsofthe8thACM on Multimedia Systems Conference, MMSys'17, ACM the 8th ACM on Multimedia Systems Conference, MMSys'17, ACM 2017 H.-J. Hsu, K.-T. Chen, Droneface: An open data"
2601.12533v2.pdf,grobid_tei,full_tei_text,,doi,doi:10.1145/3083187.3083214.URLhttps://dx.doi.org/10.1145/3083187.3083214Dronesurf:Benchmarkdatasetfor,https://doi.org/10.1145/3083187.3083214.URLhttps://dx.doi.org/10.1145/3083187.3083214Dronesurf:Benchmarkdatasetfor,"u, K.-T. Chen, Droneface: An open dataset for drone research, in: Proceedings of the 8th ACM on Multimedia Systems Conference, MMSys'17, ACM, 2017, p. 187-192. doi:10.1145/3083187.3083214.URLhttps://dx.doi.org/10.1145/3083187.3083214Dronesurf:Benchmarkdatasetfor drone-based face recognition IKalra MSingh SNagpal RSingh MVatsa PBSujit 10.1109/FG.2019.875659314thIEEEInternationalConferenceon Automatic Face & Gesture Reco"
2601.12533v2.pdf,grobid_tei,full_tei_text,,doi,10.1109/FG.2019.875659314thIEEEInternationalConferenceon,https://doi.org/10.1109/FG.2019.875659314thIEEEInternationalConferenceon,"187.3083214.URLhttps://dx.doi.org/10.1145/3083187.3083214Dronesurf:Benchmarkdatasetfor drone-based face recognition IKalra MSingh SNagpal RSingh MVatsa PBSujit 10.1109/FG.2019.875659314thIEEEInternationalConferenceon Automatic Face & Gesture Recognition (FG 2019) IEEE 2019. 2019 I. Kalra, M. Singh, S. Nagpal, R. Singh, M. Vatsa, P. B. Sujit, Dronesurf: Benchmark dataset for"
2601.12533v2.pdf,grobid_tei,full_tei_text,,doi,doi:10.1109/fg.2019.8756593.URLhttps://dx.doi.org/10.1109/FG.2019.8756593Dronelams:Adrone-based,https://doi.org/10.1109/fg.2019.8756593.URLhttps://dx.doi.org/10.1109/FG.2019.8756593Dronelams:Adrone-based,"Benchmark dataset for drone-based face recognition, in: 2019 14th IEEE International Conference on Automatic Face & Gesture Recognition (FG 2019), IEEE, 2019. doi:10.1109/fg.2019.8756593.URLhttps://dx.doi.org/10.1109/FG.2019.8756593Dronelams:Adrone-based face detection dataset with large angles and many scenarios YLuo SChen XGMa arXiv:2011.07689 2021 Y. Luo, S. Chen, X. G. Ma, Drone lams: A drone-based face det"
essd-13-5337-2021.pdf,pymupdf,page_text,1,url,https://doi.org/10.5194/essd-13-5337-2021,https://doi.org/10.5194/essd-13-5337-2021,"Earth Syst. Sci. Data, 13, 5337–5351, 2021 https://doi.org/10.5194/essd-13-5337-2021 © Author(s) 2021. This work is distributed under the Creative Commons Attribution 4.0 License. Patterns of nitrogen and phosphorus pools in terrestrial ecosyst"
essd-13-5337-2021.pdf,pymupdf,page_text,1,url,"https://doi.org/10.5061/dryad.6hdr7sqzx),",https://doi.org/10.5061/dryad.6hdr7sqzx,"estern part of China. The estimated N and P density and concentration datasets, “Patterns of nitrogen and phosphorus pools in terrestrial ecosystems in China” (https://doi.org/10.5061/dryad.6hdr7sqzx), are available from the Dryad digital repository (Zhang et al., 2021). These patterns of N and P densities could potentially improve existing earth system model"
essd-13-5337-2021.pdf,pymupdf,page_text,3,url,"https://www.usgs.gov/centers/eros/science/,",https://www.usgs.gov/centers/eros/science/,"esolution of 1 km. MAT and MAP of each site were extracted from this dataset. Elevation was extracted from GTOPO30 with a spatial resolution of 30 arc seconds (https://www.usgs.gov/centers/eros/science/, last access date: 29 October 2021). The mean enhanced vegetation index (EVI) from June to September during the 2011–2015 period was calculated based on MOD13A3"
essd-13-5337-2021.pdf,pymupdf,page_text,3,url,https://lpdaac.usgs.gov/products/mod13a3v006/last,https://lpdaac.usgs.gov/products/mod13a3v006/last,1). The mean enhanced vegetation index (EVI) from June to September during the 2011–2015 period was calculated based on MOD13A3 data with a resolution of 1 km (https://lpdaac.usgs.gov/products/mod13a3v006/last access date: 29 October 2021). The ranges of these variables of our ﬁeld sites (EVI: 0.03– 0.7; elevation: −137–5797 m; MAP: 19.8–2316.3 mm; MAT: −5.2–26.0 ◦C)
essd-13-5337-2021.pdf,pymupdf,page_text,3,url,"https://doi.org/10.5194/essd-13-5337-2021EarthSyst.Sci.Data,",https://doi.org/10.5194/essd-13-5337-2021EarthSyst.Sci.Data,"ctively. We estimated the relative im- portance of predictors using the increase in node purity for the splitting variable, which was measured by the reduction https://doi.org/10.5194/essd-13-5337-2021EarthSyst.Sci.Data, 13, 5337–5351, 2021"
essd-13-5337-2021.pdf,pymupdf,page_text,6,url,"https://doi.org/10.5061/dryad.6hdr7sqzx)(Zhangetal.,",https://doi.org/10.5061/dryad.6hdr7sqzx)(Zhangetal,"are available from the Dryad digital repos- itory along with the geographic coordinates of ﬁeld sites and layer ﬁles of environmental factors for predic- tion (https://doi.org/10.5061/dryad.6hdr7sqzx)(Zhangetal., 2021). 5 Discussion 5.1 Performance of density models The accuracy of the density models varied among different components. Models for soil showed relatively p"
essd-13-5337-2021.pdf,pymupdf,page_text,12,url,https://doi.org/10.5194/essd-13-5337-2021-supplement.Authorcontributions.ZTdesignedtheresearch.,https://doi.org/10.5194/essd-13-5337-2021-supplement.Authorcontributions.ZTdesignedtheresearch,"y to enlarge the generality of remote sensing models and algorithms at large scales. Supplement. The supplement related to this article is available online at: https://doi.org/10.5194/essd-13-5337-2021-supplement.Authorcontributions.ZTdesignedtheresearch. YWZ, YG, YF, and XZ analysed the data. WX, YB, GZ, ZX, and ZT organized the ﬁeld investigation. YWZ, YG, and ZT wrote the manuscript, and all authors contribut"
essd-13-5337-2021.pdf,pymupdf,page_text,12,url,"https://doi.org/10.1111/gcb.13691,",https://doi.org/10.1111/gcb.13691,"Vidal, D., and Ringeval, B.: Soil parent material-A major driver of plant nutrient limi- tations in terrestrial ecosystems, Glob. Chang Biol., 23, 3808– 3824, https://doi.org/10.1111/gcb.13691, 2017. Bonan, G. B.: Carbon and nitrogen cycling in North American boreal forests, Biogeochemistry, 10, 1–28, https://doi.org/10.1007/BF00000889, 1990. Bonito,"
essd-13-5337-2021.pdf,pymupdf,page_text,12,url,"https://doi.org/10.1007/BF00000889,",https://doi.org/10.1007/BF00000889,"23, 3808– 3824, https://doi.org/10.1111/gcb.13691, 2017. Bonan, G. B.: Carbon and nitrogen cycling in North American boreal forests, Biogeochemistry, 10, 1–28, https://doi.org/10.1007/BF00000889, 1990. Bonito, G. M., Coleman, D. C., Haines, B. L., and Cabrera, M. L.: Can nitrogen budgets explain differences in soil nitrogen miner- alization rates of for"
essd-13-5337-2021.pdf,pymupdf,page_text,12,url,"https://doi.org/10.1016/S0378-1127(02)00234-7,",https://doi.org/10.1016/S0378-1127(02)00234-7,"itrogen budgets explain differences in soil nitrogen miner- alization rates of forest stands along an elevation gradient?, For- est Ecol. Manag., 176, 563–574, https://doi.org/10.1016/S0378-1127(02)00234-7, 2003. Buol, S. W. and Eswaran, H.: Oxisols, in: Advances in Agronomy, vol. 68, edited by: Sparks, D. L., Academic Press, New York, USA, 151–195, https://doi.or"
essd-13-5337-2021.pdf,pymupdf,page_text,12,url,"https://doi.org/10.1016/S0065-2113(08)60845-7,",https://doi.org/10.1016/S0065-2113(08)60845-7,"27(02)00234-7, 2003. Buol, S. W. and Eswaran, H.: Oxisols, in: Advances in Agronomy, vol. 68, edited by: Sparks, D. L., Academic Press, New York, USA, 151–195, https://doi.org/10.1016/S0065-2113(08)60845-7, 1999. Earth Syst. Sci. Data, 13, 5337–5351, 2021 https://doi.org/10.5194/essd-13-5337-2021"
essd-13-5337-2021.pdf,pymupdf,page_text,13,url,"https://doi.org/10.1093/treephys/tpx038,",https://doi.org/10.1093/treephys/tpx038,"B. E., and Duursma, R. A.: Reduced growth due to belowground sink limitation is not fully ex- plained by reduced photosynthesis, Tree Physiol., 37, 1042– 1054, https://doi.org/10.1093/treephys/tpx038, 2017. Carvajal, M., Cooke, D. T., and Clarkson, D. T.: Responses of wheat plants to nutrient deprivation may involve the regulation of water-channel function,"
essd-13-5337-2021.pdf,pymupdf,page_text,13,url,"https://doi.org/10.1007/BF00195729,",https://doi.org/10.1007/BF00195729,"ooke, D. T., and Clarkson, D. T.: Responses of wheat plants to nutrient deprivation may involve the regulation of water-channel function, Planta, 199, 372–381, https://doi.org/10.1007/BF00195729, 1996. Cheeseman, J. M. and Lovelock, C. E.: Photosynthetic char- acteristics of dwarf and fringe Rhizophora mangle L. in a Belizean mangrove, Plant Cell Enviro"
essd-13-5337-2021.pdf,pymupdf,page_text,13,url,"https://doi.org/10.1111/j.1365-3040.2004.01181.x,",https://doi.org/10.1111/j.1365-3040.2004.01181.x,"J. M. and Lovelock, C. E.: Photosynthetic char- acteristics of dwarf and fringe Rhizophora mangle L. in a Belizean mangrove, Plant Cell Environ., 27, 769–780, https://doi.org/10.1111/j.1365-3040.2004.01181.x, 2004. Chen, C., Park, T., Wang, X., Piao, S., Xu, B., Chaturvedi, R. K., Fuchs, R., Brovkin, V., Ciais, P., Fensholt, R., Tømmervik, H., Bala, G., Zhu, Z., Nem"
essd-13-5337-2021.pdf,pymupdf,page_text,13,url,"https://doi.org/10.1038/s41893-019-0220-7,",https://doi.org/10.1038/s41893-019-0220-7,"., Bala, G., Zhu, Z., Nemani, R. R., and Myneni, R. B.: China and India lead in greening of the world through land-use manage- ment, Nat. Sustain., 2, 122–129, https://doi.org/10.1038/s41893-019-0220-7, 2019. Cleveland, C. C., Houlton, B. Z., Smith, W. K., Marklein, A. R., Reed, S. C., Parton, W., Grosso, S. J. D., and Running, S. W.: Patterns of new versus re"
essd-13-5337-2021.pdf,pymupdf,page_text,13,url,"https://doi.org/10.1073/pnas.1302768110,",https://doi.org/10.1073/pnas.1302768110,"so, S. J. D., and Running, S. W.: Patterns of new versus recycled primary production in the ter- restrial biosphere, P. Natl. Acad. Sci. USA, 110, 12733–12737, https://doi.org/10.1073/pnas.1302768110, 2013. Cramer, W., Bondeau, A., Woodward, F. I., Prentice, I. C., Betts, R. A., Brovkin, V., Cox, P. M., Fisher, V., Foley, J. A., Friend, A. D., Kucharik, C.,"
essd-13-5337-2021.pdf,pymupdf,page_text,13,url,"https://doi.org/10.1046/j.1365-2486.2001.00383.x,",https://doi.org/10.1046/j.1365-2486.2001.00383.x,"of terrestrial ecosystem structure and function to CO2 and cli- mate change: results from six dynamic global vegetation models, Glob. Change Biol., 7, 357–373, https://doi.org/10.1046/j.1365-2486.2001.00383.x, 2001. Doetterl, S., Stevens, A., Six, J., Merckx, R., Van Oost, K., Casanova Pinto, M., Casanova-Katny, A., Muñoz, C., Boudin, M., Zagal Venegas, E., and Boeck"
essd-13-5337-2021.pdf,pymupdf,page_text,13,url,"https://doi.org/10.1038/ngeo2516,",https://doi.org/10.1038/ngeo2516,"C., Boudin, M., Zagal Venegas, E., and Boeckx, P.: Soil carbon storage con- trolled by interactions between geochemistry and climate, Nat. Geosci., 8, 780–783, https://doi.org/10.1038/ngeo2516, 2015. Du, E., Terrer, C., Pellegrini, A. F. A., Ahlström, A., van Lissa, C. J., Zhao, X., Xia, N., Wu, X., and Jackson, R. B.: Global patterns of terrestrial n"
essd-13-5337-2021.pdf,pymupdf,page_text,13,url,"https://doi.org/10.1038/s41561-019-0530-4,",https://doi.org/10.1038/s41561-019-0530-4,"A., van Lissa, C. J., Zhao, X., Xia, N., Wu, X., and Jackson, R. B.: Global patterns of terrestrial nitrogen and phosphorus limitation, Nat. Geosci., 221–226, https://doi.org/10.1038/s41561-019-0530-4, 2020. Elser, J. J., Acharya, K., Kyle, M., Cotner, J., Makino, W., Markow, T., Watts, T., Hobbie, S., Fagan, W., Schade, J., Hood, J., and Sterner, R. W.: Grow"
essd-13-5337-2021.pdf,pymupdf,page_text,13,url,"https://doi.org/10.1046/j.1461-0248.2003.00518.x,",https://doi.org/10.1046/j.1461-0248.2003.00518.x,"T., Watts, T., Hobbie, S., Fagan, W., Schade, J., Hood, J., and Sterner, R. W.: Growth rate–stoichiometry couplings in diverse biota, Ecol. Lett., 6, 936–943, https://doi.org/10.1046/j.1461-0248.2003.00518.x, 2003. Elser, J. J., Bracken, M. E. S., Cleland, E. E., Gruner, D. S., Harpole, W. S., Hillebrand, H., Ngai, J. T., Seabloom, E. W., Shurin, J. B., and Smith, J"
essd-13-5337-2021.pdf,pymupdf,page_text,13,url,"https://doi.org/10.1111/j.1461-0248.2007.01113.x,",https://doi.org/10.1111/j.1461-0248.2007.01113.x,"J. E.: Global analysis of nitrogen and phosphorus limitation of primary producers in freshwater, marine and terrestrial ecosystems, Ecol. Lett., 10, 1135–1142, https://doi.org/10.1111/j.1461-0248.2007.01113.x, 2007. Elser, J. J., Fagan, W. F., Kerkhoff, A. J., Swenson, N. G., and Enquist, B. J.: Biological stoichiometry of plant produc- tion: metabolism, scaling and"
essd-13-5337-2021.pdf,pymupdf,page_text,13,url,"https://doi.org/10.1111/j.1469-8137.2010.03214.x,",https://doi.org/10.1111/j.1469-8137.2010.03214.x,".: Biological stoichiometry of plant produc- tion: metabolism, scaling and ecological response to global change, in: Tansley review, New Phytol., 186, 593–608, https://doi.org/10.1111/j.1469-8137.2010.03214.x, 2010. Eziz, A., Yan, Z., Tian, D., Han, W., Tang, Z., and Fang, J.: Drought effect on plant biomass allocation: a meta-analysis, Ecol. Evol., 7, 11002–11010, h"
essd-13-5337-2021.pdf,pymupdf,page_text,13,url,"https://doi.org/10.1002/ece3.3630,",https://doi.org/10.1002/ece3.3630,", 2010. Eziz, A., Yan, Z., Tian, D., Han, W., Tang, Z., and Fang, J.: Drought effect on plant biomass allocation: a meta-analysis, Ecol. Evol., 7, 11002–11010, https://doi.org/10.1002/ece3.3630, 2017. Fatichi, S., Pappas, C., Zscheischler, J., and Leuzinger, S.: Mod- elling carbon sources and sinks in terrestrial vegetation, New Phytol., 221, 652–668,"
essd-13-5337-2021.pdf,pymupdf,page_text,13,url,"https://doi.org/10.1111/nph.15451,",https://doi.org/10.1111/nph.15451,"2017. Fatichi, S., Pappas, C., Zscheischler, J., and Leuzinger, S.: Mod- elling carbon sources and sinks in terrestrial vegetation, New Phytol., 221, 652–668, https://doi.org/10.1111/nph.15451, 2019. Fernández-Martínez, M., Pearse, I., Sardans, J., Sayol, F., Koenig, W. D., LaMontagne, J. M., Bogdziewicz, M., Col- lalti, A., Hacket-Pain, A., Vacchiano"
essd-13-5337-2021.pdf,pymupdf,page_text,13,url,"https://doi.org/10.1038/s41477-019-0549-y,",https://doi.org/10.1038/s41477-019-0549-y,"., Vacchiano, G., Espelta, J. M., Peñue- las, J., and Janssens, I. A.: Nutrient scarcity as a selec- tive pressure for mast seeding, Nat. Plants, 5, 1222–1228, https://doi.org/10.1038/s41477-019-0549-y, 2019. Field, C.: Allocating leaf nitrogen for the maximization of carbon gain: Leaf age as a control on the allocation program, Oecologia, 56, 341–347, https:/"
essd-13-5337-2021.pdf,pymupdf,page_text,13,url,"https://doi.org/10.1007/BF00379710,",https://doi.org/10.1007/BF00379710,"0549-y, 2019. Field, C.: Allocating leaf nitrogen for the maximization of carbon gain: Leaf age as a control on the allocation program, Oecologia, 56, 341–347, https://doi.org/10.1007/BF00379710, 1983. Finzi, A. C., Norby, R. J., Calfapietra, C., Gallet-Budynek, A., Gie- len, B., Holmes, W. E., Hoosbeek, M. R., Iversen, C. M., Jackson, R. B., Kubiske, M"
essd-13-5337-2021.pdf,pymupdf,page_text,13,url,"https://doi.org/10.1073/pnas.0706518104,",https://doi.org/10.1073/pnas.0706518104,"ake rather than nitrogen-use efﬁ- ciency support higher rates of temperate forest productivity un- der elevated CO2, P. Natl. Acad. Sci. USA, 104, 14014–14019, https://doi.org/10.1073/pnas.0706518104, 2007. Fisher, J. B., Badgley, G., and Blyth, E.: Global nutrient limitation in terrestrial vegetation, Glob. Biogeochem. Cycle, 26, GB3007, https://doi.org/10."
essd-13-5337-2021.pdf,pymupdf,page_text,13,url,"https://doi.org/10.1029/2011GB004252,",https://doi.org/10.1029/2011GB004252,"73/pnas.0706518104, 2007. Fisher, J. B., Badgley, G., and Blyth, E.: Global nutrient limitation in terrestrial vegetation, Glob. Biogeochem. Cycle, 26, GB3007, https://doi.org/10.1029/2011GB004252, 2012. Fleischer, K., Rammig, A., De Kauwe, M. G., Walker, A. P., Domingues, T. F., Fuchslueger, L., Garcia, S., Goll, D. S., Gran- dis, A., Jiang, M., Haverd,"
essd-13-5337-2021.pdf,pymupdf,page_text,13,url,"https://doi.org/10.1038/s41561-019-0404-9,",https://doi.org/10.1038/s41561-019-0404-9,"., Zaehle, S., Zhu, Q., and Lapola, D. M.: Amazon forest response to CO2 fertilization de- pendent on plant phosphorus acquisition, Nat. Geosci., 12, 736– 741, https://doi.org/10.1038/s41561-019-0404-9, 2019. Föllmi, K. B.: The phosphorus cycle, phosphogenesis and ma- rine phosphate-rich deposits, Earth-Sci. Rev., 40, 55–124, https://doi.org/10.1016/0012-8252("
essd-13-5337-2021.pdf,pymupdf,page_text,13,url,"https://doi.org/10.1016/0012-8252(95)00049-6,",https://doi.org/10.1016/0012-8252(95)00049-6,"doi.org/10.1038/s41561-019-0404-9, 2019. Föllmi, K. B.: The phosphorus cycle, phosphogenesis and ma- rine phosphate-rich deposits, Earth-Sci. Rev., 40, 55–124, https://doi.org/10.1016/0012-8252(95)00049-6, 1996. Hou, E., Luo, Y., Kuang, Y., Chen, C., Lu, X., Jiang, L., Luo, X., and Wen, D.: Global meta-analysis shows perva- sive phosphorus limitation of abovegrou"
essd-13-5337-2021.pdf,pymupdf,page_text,13,url,"https://doi.org/10.1038/s41467-020-14492-w,",https://doi.org/10.1038/s41467-020-14492-w,"Wen, D.: Global meta-analysis shows perva- sive phosphorus limitation of aboveground plant production in natural terrestrial ecosystems, Nat. Commun., 11, 637, https://doi.org/10.1038/s41467-020-14492-w, 2020. Houghton, J. T., Ding, Y., Griggs, D. J., Noguer, M., van der Linden, P. J., Dai, X., Maskell, K., and Johnson, C. A. (Eds.): Climate Change 2001: The Sc"
essd-13-5337-2021.pdf,pymupdf,page_text,13,url,"https://doi.org/10.1126/science.1091390,",https://doi.org/10.1126/science.1091390,"versity Press, Cambridge, UK, 2001. Hungate, B. A., Dukes, J. S., Shaw, M. R., Luo, Y., and Field, C. B.: Nitrogen and climate change, Science, 302, 1512–1513, https://doi.org/10.1126/science.1091390, 2003. Jetz, W., Cavender-Bares, J., Pavlick, R., Schimel, D., Davis, F. W., Asner, G. P., Guralnick, R., Kattge, J., Latimer, A. M., Moorcroft, P., Schaepman,"
essd-13-5337-2021.pdf,pymupdf,page_text,13,url,"https://doi.org/10.1038/nplants.2016.24,",https://doi.org/10.1038/nplants.2016.24,"., Schildhauer, M. P., Schnei- der, F. D., Schrodt, F., Stahl, U., and Ustin, S. L.: Monitor- ing plant functional diversity from space, Nat. Plants, 2, 16024, https://doi.org/10.1038/nplants.2016.24, 2016. Jones Jr., J. B.: Laboratory guide for conducting soil tests and plant analysis, CRC press, Boca Raton, US, 76–77, https://doi.org/10.1201/9781420025293,"
essd-13-5337-2021.pdf,pymupdf,page_text,13,url,"https://doi.org/10.1201/9781420025293,",https://doi.org/10.1201/9781420025293,"tps://doi.org/10.1038/nplants.2016.24, 2016. Jones Jr., J. B.: Laboratory guide for conducting soil tests and plant analysis, CRC press, Boca Raton, US, 76–77, https://doi.org/10.1201/9781420025293, ISBN: 9780429132117, 2001. https://doi.org/10.5194/essd-13-5337-2021EarthSyst.Sci.Data, 13, 5337–5351, 2021"
essd-13-5337-2021.pdf,pymupdf,page_text,14,url,"https://doi.org/10.1139/x87-165,",https://doi.org/10.1139/x87-165,"ecosystems in China Jozsa, L. A. and Powell, J. M.: Some climatic aspects of biomass productivity of white spruce stem wood, Can. J. For. Res., 17, 1075–1079, https://doi.org/10.1139/x87-165, 1987. Kirilenko, A. P. and Sedjo, R. A.: Climate change impacts on forestry, P. Natl. Acad. Sci. USA, 104, 19697–19702, https://doi.org/10.1073/pnas.0701424104"
essd-13-5337-2021.pdf,pymupdf,page_text,14,url,"https://doi.org/10.1073/pnas.0701424104,",https://doi.org/10.1073/pnas.0701424104,"–1079, https://doi.org/10.1139/x87-165, 1987. Kirilenko, A. P. and Sedjo, R. A.: Climate change impacts on forestry, P. Natl. Acad. Sci. USA, 104, 19697–19702, https://doi.org/10.1073/pnas.0701424104, 2007. Kramer-Walter, K. R. and Laughlin, D. C.: Root nutrient concentra- tion and biomass allocation are more plastic than morphological traits in response to"
essd-13-5337-2021.pdf,pymupdf,page_text,14,url,"https://doi.org/10.1007/s11104-017-3234-9,",https://doi.org/10.1007/s11104-017-3234-9,": Root nutrient concentra- tion and biomass allocation are more plastic than morphological traits in response to nutrient limitation, Plant Soil, 416, 539–550, https://doi.org/10.1007/s11104-017-3234-9, 2017. Land Cover Atlas of the People’s Republic of China Editorial Board: Land Cover Atlas of the People’s Republic of China (1 : 1000000), China Map Publishin"
essd-13-5337-2021.pdf,pymupdf,page_text,14,url,"https://doi.org/10.1890/06-2057.1,",https://doi.org/10.1890/06-2057.1,"7. LeBauer, D. S. and Treseder, K. K.: Nitrogen limitation of net primary productivity in terrestrial ecosystems is globally distributed, Ecology, 89, 371–379, https://doi.org/10.1890/06-2057.1, 2008. Le Quéré, C., Andrew, R. M., Friedlingstein, P., Sitch, S., Pongratz, J., Manning, A. C., Korsbakken, J. I., Peters, G. P., Canadell, J. G., Jackson, R."
essd-13-5337-2021.pdf,pymupdf,page_text,14,url,"https://doi.org/10.5194/essd-10-405-2018,",https://doi.org/10.5194/essd-10-405-2018,"iovy, N., Vuichard, N., Walker, A. P., Watson, A. J., Wiltshire, A. J., Zaehle, S., and Zhu, D.: Global Carbon Budget 2017, Earth Syst. Sci. Data, 10, 405–448, https://doi.org/10.5194/essd-10-405-2018, 2018. Liaw, A. and Wiener, M.: Classiﬁcation and regression by random- Forest, R News, 2, 18–22, 2002. Lovelock, C. E., Feller, I. C., Mckee, K. L., Engelbrech"
essd-13-5337-2021.pdf,pymupdf,page_text,14,url,"https://doi.org/10.1046/j.0269-8463.2004.00805.x,",https://doi.org/10.1046/j.0269-8463.2004.00805.x,"and Ball, M. C.: The effect of nutrient enrich- ment on growth, photosynthesis and hydraulic conductance of dwarf mangroves in Panama, Funct. Ecol., 18, 25–33, https://doi.org/10.1046/j.0269-8463.2004.00805.x, 2004. Lovelock, C. E., Feller, I. C., Ball, M. C., Engelbrecht, B. M. J., and Ewe, M. L.: Differences in plant function in phosphorus- and nitrogen-limited man"
essd-13-5337-2021.pdf,pymupdf,page_text,14,url,"https://doi.org/10.1111/j.1469-8137.2006.01851.x,",https://doi.org/10.1111/j.1469-8137.2006.01851.x,". C., Engelbrecht, B. M. J., and Ewe, M. L.: Differences in plant function in phosphorus- and nitrogen-limited mangrove ecosystems, New Phytol., 172, 514– 522, https://doi.org/10.1111/j.1469-8137.2006.01851.x, 2006. Lu, F., Hu, H., Sun, W., Zhu, J., Liu, G., Zhou, W., Zhang, Q., Shi, P., Liu, X., Wu, X., Zhang, L., Wei, X., Dai, L., Zhang, K., Sun, Y., Xue, S., Zhang"
essd-13-5337-2021.pdf,pymupdf,page_text,14,url,"https://doi.org/10.1073/pnas.1700294115,",https://doi.org/10.1073/pnas.1700294115,"and Yu, G.: Effects of national ecological restoration projects on carbon sequestra- tion in China from 2001 to 2010, P. Natl. Acad. Sci. USA, 115, 4039–4044, https://doi.org/10.1073/pnas.1700294115, 2018. Luo, Y., Su, B., Currie, W. S., Dukes, J. S., Finzi, A., Hartwig, U., Hungate, B., McMurtrie, R. E., Oren, R., Parton, W. J., Pataki, D. E., Shaw, R. M.,"
essd-13-5337-2021.pdf,pymupdf,page_text,14,url,https://doi.org/10.1641/0006-3568(2004)054,https://doi.org/10.1641/0006-3568(2004)054,"w, R. M., Zak, D. R., and Field, C. B.: Progressive nitrogen limitation of ecosystem responses to rising atmospheric carbon diox- ide, BioScience, 54, 731–739, https://doi.org/10.1641/0006-3568(2004)054[0731:PNLOER]2.0.CO;2, 2004. McGrath, D. A., Comerford, N. B., and Duryea, M. L.: Litter dy- namics and monthly ﬂuctuations in soil phosphorus availability in a"
essd-13-5337-2021.pdf,pymupdf,page_text,14,url,"https://doi.org/10.1016/S0378-1127(99)00207-8,",https://doi.org/10.1016/S0378-1127(99)00207-8,"B., and Duryea, M. L.: Litter dy- namics and monthly ﬂuctuations in soil phosphorus availability in an Amazonian agroforest, For. Ecol. Manage., 131, 167–181, https://doi.org/10.1016/S0378-1127(99)00207-8, 2000. McVicar, T. R., Van Niel, T. G., Li, L., Hutchinson, M. F., Mu, X., and Liu, Z.: Spatially distributing monthly reference evapotranspiration and pan evap"
essd-13-5337-2021.pdf,pymupdf,page_text,14,url,"https://doi.org/10.1016/j.jhydrol.2007.02.018,",https://doi.org/10.1016/j.jhydrol.2007.02.018,"X., and Liu, Z.: Spatially distributing monthly reference evapotranspiration and pan evaporation consid- ering topographic inﬂuences, J. Hydrol., 338, 196–220, https://doi.org/10.1016/j.jhydrol.2007.02.018, 2007. Miller, H. G.: Forest Fertilization: Some Guiding Concepts, Forestry, 54, 157–167, https://doi.org/10.1093/forestry/54.2.157, 1981. Norby, R. J., Warren,"
essd-13-5337-2021.pdf,pymupdf,page_text,14,url,"https://doi.org/10.1093/forestry/54.2.157,",https://doi.org/10.1093/forestry/54.2.157,"Hydrol., 338, 196–220, https://doi.org/10.1016/j.jhydrol.2007.02.018, 2007. Miller, H. G.: Forest Fertilization: Some Guiding Concepts, Forestry, 54, 157–167, https://doi.org/10.1093/forestry/54.2.157, 1981. Norby, R. J., Warren, J. M., Iversen, C. M., Medlyn, B. E., and McMurtrie, R. E.: CO2 enhancement of forest productivity con- strained by limited nitroge"
essd-13-5337-2021.pdf,pymupdf,page_text,14,url,"https://doi.org//10.1073/pnas.1006463107,",https://doi.org//10.1073/pnas.1006463107,"B. E., and McMurtrie, R. E.: CO2 enhancement of forest productivity con- strained by limited nitrogen availability, P. Natl. Acad. Sci. USA, 107, 19368–19373, https://doi.org//10.1073/pnas.1006463107, 2010. Parks, S. E., Haigh, A. M., and Cresswell, G. C.: Stem tissue phosphorus as an index of the phosphorus sta- tus of Banksia ericifolia L. f., Plant Soil,"
essd-13-5337-2021.pdf,pymupdf,page_text,14,url,"https://doi.org/10.1023/A:1026563926187,",https://doi.org/10.1023/A:1026563926187,", S. E., Haigh, A. M., and Cresswell, G. C.: Stem tissue phosphorus as an index of the phosphorus sta- tus of Banksia ericifolia L. f., Plant Soil, 227, 59–65, https://doi.org/10.1023/A:1026563926187, 2000. Porder, S. and Chadwick, O. A.: Climate and soil-age constraints on nutrient uplift and retention by plants, Ecology, 90, 623–636, https://doi.org/10.189"
essd-13-5337-2021.pdf,pymupdf,page_text,14,url,"https://doi.org/10.1890/07-1739.1,",https://doi.org/10.1890/07-1739.1,".1023/A:1026563926187, 2000. Porder, S. and Chadwick, O. A.: Climate and soil-age constraints on nutrient uplift and retention by plants, Ecology, 90, 623–636, https://doi.org/10.1890/07-1739.1, 2009. Poudel, B. C., Sathre, R., Gustavsson, L., Bergh, J., Lundström, A., and Hyvönen, R.: Effects of climate change on biomass production and substitution in"
essd-13-5337-2021.pdf,pymupdf,page_text,14,url,"https://doi.org/10.1016/j.biombioe.2011.08.005,",https://doi.org/10.1016/j.biombioe.2011.08.005,"., Lundström, A., and Hyvönen, R.: Effects of climate change on biomass production and substitution in north- central Sweden, Biomass Bioenerg., 35, 4340–4355, https://doi.org/10.1016/j.biombioe.2011.08.005, 2011. Raaimakers, D., Boot, R. G. A., Dijkstra, P., Pot, S., and Pons, T.: Photosynthetic rates in relation to leaf phosphorus content in pio- neer versus clim"
essd-13-5337-2021.pdf,pymupdf,page_text,14,url,"https://doi.org/10.1111/nph.13521,",https://doi.org/10.1111/nph.13521,"., Yang, X., and Thornton, P. E.: Incorporat- ing phosphorus cycling into global modeling efforts: a worthwhile, tractable endeavor, New Phytol., 208, 324–329, https://doi.org/10.1111/nph.13521, 2015. Reich, P. B. and Oleksyn, J.: Global patterns of plant leaf N and P in relation to temperature and latitude, P. Natl. Acad. Sci. USA, 101, 11001–11006, h"
essd-13-5337-2021.pdf,pymupdf,page_text,14,url,"https://doi.org/10.1073/pnas.0403588101,",https://doi.org/10.1073/pnas.0403588101,", 2015. Reich, P. B. and Oleksyn, J.: Global patterns of plant leaf N and P in relation to temperature and latitude, P. Natl. Acad. Sci. USA, 101, 11001–11006, https://doi.org/10.1073/pnas.0403588101, 2004. Shangguan, W., Dai, Y., Liu, B., Zhu, A., Duan, Q., Wu, L., Ji, D., Ye, A., Yuan, H., Zhang, Q., Chen, D., Chen, M., Chu, J., Dou, Y., Guo, J., Li, H., L"
essd-13-5337-2021.pdf,pymupdf,page_text,14,url,"https://doi.org/10.1002/jame.20026,",https://doi.org/10.1002/jame.20026,"., Liang, X., Liu, H., Liu, S., Miao, C., and Zhang, Y.: A China data set of soil properties for land surface modeling, J. Adv. Model. Earth Syst., 5, 212–224, https://doi.org/10.1002/jame.20026, 2013. Shangguan, W., Hengl, T., Mendes de Jesus, J., Yuan, H., and Dai, Y.: Mapping the global depth to bedrock for land surface modeling, J. Adv. Model. Earth"
essd-13-5337-2021.pdf,pymupdf,page_text,14,url,"https://doi.org/10.1002/2016MS000686,",https://doi.org/10.1002/2016MS000686,"W., Hengl, T., Mendes de Jesus, J., Yuan, H., and Dai, Y.: Mapping the global depth to bedrock for land surface modeling, J. Adv. Model. Earth Syst., 9, 65–88, https://doi.org/10.1002/2016MS000686, 2017. Singh, A., Serbin, S. P., McNeil, B. E., Kingdon, C. C., and Townsend, P. A.: Imaging spectroscopy algorithms for mapping canopy foliar chemical and morp"
essd-13-5337-2021.pdf,pymupdf,page_text,14,doi,"https://doi.org/10.1641/0006-3568(2004)054[0731:PNLOER]2.0.CO;2,",https://doi.org/10.1641/0006-3568(2004)054[0731:PNLOER]2.0.CO;2,"w, R. M., Zak, D. R., and Field, C. B.: Progressive nitrogen limitation of ecosystem responses to rising atmospheric carbon diox- ide, BioScience, 54, 731–739, https://doi.org/10.1641/0006-3568(2004)054[0731:PNLOER]2.0.CO;2, 2004. McGrath, D. A., Comerford, N. B., and Duryea, M. L.: Litter dy- namics and monthly ﬂuctuations in soil phosphorus availability in an Amazonian agroforest"
essd-13-5337-2021.pdf,pymupdf,page_text,15,url,"https://doi.org/10.1890/14-2098.1,",https://doi.org/10.1890/14-2098.1,"Y.-W. Zhang et al.: Patterns of nitrogen and phosphorus pools in terrestrial ecosystems in China 5351 tainties, Ecol. Appl., 25, 2180–2197, https://doi.org/10.1890/14-2098.1, 2015. Skidmore, A. K., Ferwerda, J. G., Mutanga, O., Van Wieren, S. E., Peel, M., Grant, R. C., Prins, H. H. T., Balcik, F. B., and Venus, V.: Forage quality o"
essd-13-5337-2021.pdf,pymupdf,page_text,15,url,"https://doi.org/10.1016/j.rse.2009.08.010,",https://doi.org/10.1016/j.rse.2009.08.010,"ity of savannas – simultaneously map- ping foliar protein and polyphenols for trees and grass us- ing hyperspectral imagery, Remote Sens. Environ., 114, 64–72, https://doi.org/10.1016/j.rse.2009.08.010, 2010. Sun, Y., Peng, S., Goll, D. S., Ciais, P., Guenet, B., Guim- berteau, M., Hinsinger, P., Janssens, I. A., Peñuelas, J., Piao, S., Poulter, B., Violette,"
essd-13-5337-2021.pdf,pymupdf,page_text,15,url,"https://doi.org/10.1002/2016EF000472,",https://doi.org/10.1002/2016EF000472,"tte, A., Yang, X., Yin, Y., and Zeng, H.: Diagnosing phosphorus limitations in natural terrestrial ecosystems in carbon cycle models, Earth Future, 5, 730–749, https://doi.org/10.1002/2016EF000472, 2017. Tang, X., Zhao, X., Bai, Y., Tang, Z., Wang, W., Zhao, Y., Wan, H., Xie, Z., Shi, X., Wu, B., Wang, G., Yan, J., Ma, K., Du, S., Li, S., Han, S., Ma, Y.,"
essd-13-5337-2021.pdf,pymupdf,page_text,15,url,"https://doi.org/10.1073/pnas.1700291115,",https://doi.org/10.1073/pnas.1700291115,", J., and Zhou, G.: Carbon pools in China’s terrestrial ecosystems: New estimates based on an in- tensive ﬁeld survey, P. Natl. Acad. Sci. USA, 115, 4021–4026, https://doi.org/10.1073/pnas.1700291115, 2018. Tang, Z., Xu, W., Zhou, G., Bai, Y., Li, J., Tang, X., Chen, D., Liu, Q., Ma, W., Xiong, G., He, H., He, N., Guo, Y., Guo, Q., Zhu, J., Han, W., Hu, H.,"
essd-13-5337-2021.pdf,pymupdf,page_text,15,url,"https://doi.org/10.1073/pnas.1700295114,",https://doi.org/10.1073/pnas.1700295114,"plant carbon, nitrogen, and phosphorus concentration in relation to productivity in China’s terres- trial ecosystems, P. Natl. Acad. Sci. USA., 115, 4033–4038, https://doi.org/10.1073/pnas.1700295114, 2018. Terrer, C., Jackson, R. B., Prentice, I. C., Keenan, T. F., Kaiser, C., Vicca, S., Fisher, J. B., Reich, P. B., Stocker, B. D., Hungate, B. A., Peñuelas,"
essd-13-5337-2021.pdf,pymupdf,page_text,15,url,"https://doi.org/10.1038/s41558-019-0545-2,",https://doi.org/10.1038/s41558-019-0545-2,"shyk, V. O., Polley, H. W., and Franklin, O.: Nitrogen and phosphorus constrain the CO2 fertil- ization of global plant biomass, Nat. Clim. Chang., 9, 684–689, https://doi.org/10.1038/s41558-019-0545-2, 2019. Thomas, R. Q., Canham, C. D., Weathers, K. C., and Goodale, C. L.: Increased tree carbon storage in response to nitrogen deposition in the US, Nat. Geosc"
essd-13-5337-2021.pdf,pymupdf,page_text,15,url,"https://doi.org/10.1038/ngeo721,",https://doi.org/10.1038/ngeo721,"R. Q., Canham, C. D., Weathers, K. C., and Goodale, C. L.: Increased tree carbon storage in response to nitrogen deposition in the US, Nat. Geosci., 3, 13–17, https://doi.org/10.1038/ngeo721, 2010. Thornton, P. E., Lamarque, J.-F., Rosenbloom, N. A., and Mahowald, N. M.: Inﬂuence of carbon-nitrogen cycle cou- pling on land model response to CO2 fert"
essd-13-5337-2021.pdf,pymupdf,page_text,15,url,"https://doi.org/10.1029/2006GB002868,",https://doi.org/10.1029/2006GB002868,"N. M.: Inﬂuence of carbon-nitrogen cycle cou- pling on land model response to CO2 fertilization and cli- mate variability, Glob. Biogeochem. Cycle, 21, GB4018, https://doi.org/10.1029/2006GB002868, 2007. Tian, H., Chen, G., Zhang, C., Melillo, J. M., and Hall, C. A. S.: Pattern and variation of C : N : P ratios in China’s soils: a synthesis of observation"
essd-13-5337-2021.pdf,pymupdf,page_text,15,url,"https://doi.org/10.1007/s10533-009-9382-0,",https://doi.org/10.1007/s10533-009-9382-0,"elillo, J. M., and Hall, C. A. S.: Pattern and variation of C : N : P ratios in China’s soils: a synthesis of observational data, Biogeochemistry, 98, 139–151, https://doi.org/10.1007/s10533-009-9382-0, 2010. Vincent, A. G., Sundqvist, M. K., Wardle, D. A., and Giesler, R.: Bioavailable soil phosphorus decreases with increasing el- evation in a subarctic tundr"
essd-13-5337-2021.pdf,pymupdf,page_text,15,url,"https://doi.org/10.1371/journal.pone.0092942,",https://doi.org/10.1371/journal.pone.0092942,"M. K., Wardle, D. A., and Giesler, R.: Bioavailable soil phosphorus decreases with increasing el- evation in a subarctic tundra landscape, Plos One, 9, e92942, https://doi.org/10.1371/journal.pone.0092942, 2014. Vitousek, P.: Nutrient cycling and nutrient use efﬁciency, Am. Nat., 119, 553–572, https://doi.org/10.1086/283931, 1982. Vitousek, P. M. and Howarth, R."
essd-13-5337-2021.pdf,pymupdf,page_text,15,url,"https://doi.org/10.1086/283931,",https://doi.org/10.1086/283931,"pe, Plos One, 9, e92942, https://doi.org/10.1371/journal.pone.0092942, 2014. Vitousek, P.: Nutrient cycling and nutrient use efﬁciency, Am. Nat., 119, 553–572, https://doi.org/10.1086/283931, 1982. Vitousek, P. M. and Howarth, R. W.: Nitrogen limitation on land and in the sea: How can it occur?, Biogeochemistry, 13, 87–115, https://doi.org/10.1007/B"
essd-13-5337-2021.pdf,pymupdf,page_text,15,url,"https://doi.org/10.1007/BF00002772,",https://doi.org/10.1007/BF00002772,"//doi.org/10.1086/283931, 1982. Vitousek, P. M. and Howarth, R. W.: Nitrogen limitation on land and in the sea: How can it occur?, Biogeochemistry, 13, 87–115, https://doi.org/10.1007/BF00002772, 1991. Vitousek, P. M., Porder, S., Houlton, B. Z., and Chadwick, O. A.: Terrestrial phosphorus limitation: mechanisms, implications, and nitrogen–phosphorus in"
essd-13-5337-2021.pdf,pymupdf,page_text,15,url,"https://doi.org/10.1890/08-0127.1,",https://doi.org/10.1890/08-0127.1,"Houlton, B. Z., and Chadwick, O. A.: Terrestrial phosphorus limitation: mechanisms, implications, and nitrogen–phosphorus interactions, Ecol. Appl., 20, 5–15, https://doi.org/10.1890/08-0127.1, 2010. Walker, T. W. and Syers, J. K.: The fate of phosphorus during pedogenesis, Geoderma, 15, 1–19, https://doi.org/10.1016/0016-7061(76)90066-5, 1976. Wang,"
essd-13-5337-2021.pdf,pymupdf,page_text,15,url,"https://doi.org/10.1016/0016-7061(76)90066-5,",https://doi.org/10.1016/0016-7061(76)90066-5,"Ecol. Appl., 20, 5–15, https://doi.org/10.1890/08-0127.1, 2010. Walker, T. W. and Syers, J. K.: The fate of phosphorus during pedogenesis, Geoderma, 15, 1–19, https://doi.org/10.1016/0016-7061(76)90066-5, 1976. Wang, Z., Townsend, P. A., Schweiger, A. K., Couture, J. J., Singh, A., Hobbie, S. E., and Cavender-Bares, J.: Mapping fo- liar functional traits and the"
essd-13-5337-2021.pdf,pymupdf,page_text,15,url,"https://doi.org/10.1016/j.rse.2018.11.016,",https://doi.org/10.1016/j.rse.2018.11.016,"vender-Bares, J.: Mapping fo- liar functional traits and their uncertainties across three years in a grassland experiment, Remote Sens. Environ., 221, 405–416, https://doi.org/10.1016/j.rse.2018.11.016, 2019. Wieder, W. R., Cleveland, C. C., Smith, W. K., and Todd- Brown, K.: Future productivity and carbon storage limited by terrestrial nutrient availability,"
essd-13-5337-2021.pdf,pymupdf,page_text,15,url,"https://doi.org/10.1038/ngeo2413,",https://doi.org/10.1038/ngeo2413,"eland, C. C., Smith, W. K., and Todd- Brown, K.: Future productivity and carbon storage limited by terrestrial nutrient availability, Nat. Geosci., 8, 441–444, https://doi.org/10.1038/ngeo2413, 2015. Xu, L., He, N., and Yu, G.: Nitrogen storage in China’s terrestrial ecosystems, Sci. Total Environ., 709, 136201, https://doi.org/10.1016/j.scitotenv.201"
essd-13-5337-2021.pdf,pymupdf,page_text,15,url,"https://doi.org/10.1016/j.scitotenv.2019.136201,",https://doi.org/10.1016/j.scitotenv.2019.136201,"–444, https://doi.org/10.1038/ngeo2413, 2015. Xu, L., He, N., and Yu, G.: Nitrogen storage in China’s terrestrial ecosystems, Sci. Total Environ., 709, 136201, https://doi.org/10.1016/j.scitotenv.2019.136201, 2020. Yang, Y.-H., Ma, W.-H., Mohammat, A., and Fang, J.-Y.: Stor- age, patterns and controls of soil nitrogen in China, Pedosphere, 17, 776–785, https://doi.o"
essd-13-5337-2021.pdf,pymupdf,page_text,15,url,"https://doi.org/10.1016/S1002-0160(07)60093-9,",https://doi.org/10.1016/S1002-0160(07)60093-9,".2019.136201, 2020. Yang, Y.-H., Ma, W.-H., Mohammat, A., and Fang, J.-Y.: Stor- age, patterns and controls of soil nitrogen in China, Pedosphere, 17, 776–785, https://doi.org/10.1016/S1002-0160(07)60093-9, 2007. Zhang, C., Tian, H., Liu, J., Wang, S., Liu, M., Pan, S., and Shi, X.: Pools and distributions of soil phos- phorus in China, Glob. Biogeochem. Cycle, 19"
essd-13-5337-2021.pdf,pymupdf,page_text,15,url,"https://doi.org/10.1029/2004GB002296,",https://doi.org/10.1029/2004GB002296,"ng, C., Tian, H., Liu, J., Wang, S., Liu, M., Pan, S., and Shi, X.: Pools and distributions of soil phos- phorus in China, Glob. Biogeochem. Cycle, 19, GB1020, https://doi.org/10.1029/2004GB002296, 2005. Zhang, J., Zhao, N., Liu, C., Yang, H., Li, M., Yu, G., Wilcox, K., Yu, Q., and He, N.: C : N : P stoichiometry in China’s forests: From organs to ecosys"
essd-13-5337-2021.pdf,pymupdf,page_text,15,url,"https://doi.org/10.1111/1365-2435.12979,",https://doi.org/10.1111/1365-2435.12979,", C., Yang, H., Li, M., Yu, G., Wilcox, K., Yu, Q., and He, N.: C : N : P stoichiometry in China’s forests: From organs to ecosystems, Funct. Ecol., 32, 50–60, https://doi.org/10.1111/1365-2435.12979, 2018. Zhang, Y.-W., Guo, Y., Tang, Z., Feng, Y., Zhu, X., Xu, W., Bai, Y., Zhou, G., Xie, Z., and Fang, J.: Patterns of nitrogen and phos- phorus pools in terr"
essd-13-5337-2021.pdf,grobid_tei,target,,url,https://github.com/kermitt2/grobid,https://github.com/kermitt2/grobid,
essd-13-5337-2021.pdf,grobid_tei,target,,url,https://doi.org/10.1016/S0378-1127,https://doi.org/10.1016/S0378-1127,
essd-13-5337-2021.pdf,grobid_tei,target,,url,https://doi.org/10.1641/0006-3568,https://doi.org/10.1641/0006-3568,
essd-13-5337-2021.pdf,grobid_tei,target,,url,https://doi.org/10.1016/0016-7061,https://doi.org/10.1016/0016-7061,
essd-13-5337-2021.pdf,grobid_tei,idno_doi,,doi,10.1073/pnas.1006463107,https://doi.org/10.1073/pnas.1006463107,10.1073/pnas.1006463107
essd-13-5337-2021.pdf,grobid_tei,full_tei_text,,url,https://doi.org/10.5194/essd-13-5337-2021-supplement.Figure1.1Figure1.Frequencydistributions,https://doi.org/10.5194/essd-13-5337-2021-supplement.Figure1.1Figure1.Frequencydistributions,"ty to enlarge the generality of remote sensing models and algorithms at large scales.Supplement. The supplement related to this article is available online at: https://doi.org/10.5194/essd-13-5337-2021-supplement.Figure1.1Figure1.Frequencydistributions of N densities in soil, roots, leaves, litter, and woody stems in forests (a-e), shrublands (f-j), and grasslands (k-n) in China. Figure 2 .2Figure 2. Frequenc"
essd-13-5337-2021.pdf,grobid_tei,full_tei_text,,url,https://doi.org/10.5194/essd-13-5337-2021Y.-W.Zhangetal.:Patterns,https://doi.org/10.5194/essd-13-5337-2021Y.-W.Zhangetal.:Patterns,"G103.81.10.012.50.10.00.8Subtotal308.24.70.044.10.40.03.1Total600.427.757.871.22.79.46.7See Table1for abbreviations. Earth Syst. Sci. Data, 13, 5337-5351, 2021 https://doi.org/10.5194/essd-13-5337-2021Y.-W.Zhangetal.:Patterns of nitrogen and phosphorus pools in terrestrial ecosystems in China https://doi.org/10.5194/essd-13-5337-2021EarthSyst.Sci.Data, 13, 5337-5351, 2021 Earth Syst"
essd-13-5337-2021.pdf,grobid_tei,full_tei_text,,url,https://doi.org/10.5194/essd-13-5337-2021Authorcontributions.ZTdesignedthe,https://doi.org/10.5194/essd-13-5337-2021Authorcontributions.ZTdesignedthe,"s in terrestrial ecosystems in China https://doi.org/10.5194/essd-13-5337-2021EarthSyst.Sci.Data, 13, 5337-5351, 2021 Earth Syst. Sci.Data, 13, 5337-5351, 2021 https://doi.org/10.5194/essd-13-5337-2021Authorcontributions.ZTdesignedthe research. YWZ, YG, YF, and XZ analysed the data. WX, YB, GZ, ZX, and ZT organized the field investigation. YWZ, YG, and ZT wrote the manuscript, and all author"
essd-13-5337-2021.pdf,grobid_tei,full_tei_text,,doi,10.1111/gcb.13691Glob.ChangBiol232017,https://doi.org/10.1111/gcb.13691Glob.ChangBiol232017,"J., 73, 2131-2142, 2009. Soil parent material-A major driver of plant nutrient limitations in terrestrial ecosystems LAugusto DLAchat MJonard DVidal BRingeval 10.1111/gcb.13691Glob.ChangBiol232017 Augusto, L., Achat, D. L., Jonard, M., Vidal, D., and Ringeval, B.: Soil parent material-A major driver of plant nutrient limi- tations in terrestrial ecosyste"
essd-13-5337-2021.pdf,grobid_tei,full_tei_text,,doi,"10.1111/gcb.13691Biogeochemistry101990Bonan,",https://doi.org/10.1111/gcb.13691Biogeochemistry101990Bonan,"al ecosystems, Glob. Chang Biol., 23, 3808- 3824, https://doi.org/10.1111/gcb.13691, 2017. Carbon and nitrogen cycling in North American boreal forests GBBonan 10.1111/gcb.13691Biogeochemistry101990Bonan, G. B.: Carbon and nitrogen cycling in North American boreal forests, Biogeochemistry, 10, 1-28, https://doi.org/10.1007/BF00000889, 1990. Can nitrogen budgets"
essd-13-5337-2021.pdf,grobid_tei,full_tei_text,,doi,10.1007/BF00000889ForestEcol.Manag17602,https://doi.org/10.1007/BF00000889ForestEcol.Manag17602,"nitrogen budgets explain differences in soil nitrogen mineralization rates of forest stands along an elevation gradient? GMBonito DCColeman BLHaines MLCabrera 10.1007/BF00000889ForestEcol.Manag17602 2003 Bonito, G. M., Coleman, D. C., Haines, B. L., and Cabrera, M. L.: Can nitrogen budgets explain differences in soil nitrogen miner- alization rates of fore"
essd-13-5337-2021.pdf,grobid_tei,full_tei_text,,doi,"10.1016/S0378-1127(02)00234-7Oxisols,",https://doi.org/10.1016/S0378-1127(02)00234-7Oxisols,"rates of forest stands along an elevation gradient?, For- est Ecol. Manag., 176, 563-574, https://doi.org/10.1016/S0378-1127(02)00234-7, 2003. SWBuol HEswaran 10.1016/S0378-1127(02)00234-7Oxisols, in: Advances in Agronomy DLSparks New York, USA Academic Press 1999 68 Buol, S. W. and Eswaran, H.: Oxisols, in: Advances in Agronomy, vol. 68, edited by: Spar"
essd-13-5337-2021.pdf,grobid_tei,full_tei_text,,doi,"10.1093/treephys/tpx038TreePhysiol372017Campany,",https://doi.org/10.1093/treephys/tpx038TreePhysiol372017Campany,"16/S0065-2113(08)60845-7, 1999. Reduced growth due to belowground sink limitation is not fully explained by reduced photosynthesis CECampany BEMedlyn RADuursma 10.1093/treephys/tpx038TreePhysiol372017Campany, C. E., Medlyn, B. E., and Duursma, R. A.: Reduced growth due to belowground sink limitation is not fully ex- plained by reduced photosynthesis, Tree Physiol.,"
essd-13-5337-2021.pdf,grobid_tei,full_tei_text,,doi,"10.1093/treephys/tpx038Planta1991996Carvajal,",https://doi.org/10.1093/treephys/tpx038Planta1991996Carvajal,"1093/treephys/tpx038, 2017. Responses of wheat plants to nutrient deprivation may involve the regulation of water-channel function MCarvajal DTCooke DTClarkson 10.1093/treephys/tpx038Planta1991996Carvajal, M., Cooke, D. T., and Clarkson, D. T.: Responses of wheat plants to nutrient deprivation may involve the regulation of water-channel function, Planta, 199, 372"
essd-13-5337-2021.pdf,grobid_tei,full_tei_text,,doi,10.1007/BF00195729PlantCellEnviron272004,https://doi.org/10.1007/BF00195729PlantCellEnviron272004,"https://doi.org/10.1007/BF00195729, 1996. Photosynthetic characteristics of dwarf and fringe Rhizophora mangle L. in a Belizean mangrove JMCheeseman CELovelock 10.1007/BF00195729PlantCellEnviron272004 Cheeseman, J. M. and Lovelock, C. E.: Photosynthetic char- acteristics of dwarf and fringe Rhizophora mangle L. in a Belizean mangrove, Plant Cell Environ., 27"
essd-13-5337-2021.pdf,grobid_tei,full_tei_text,,doi,"10.1111/j.1365-3040.2004.01181.xNat.Sustain22019Chen,",https://doi.org/10.1111/j.1365-3040.2004.01181.xNat.Sustain22019Chen,"ning of the world through land-use management CChen TPark XWang SPiao BXu RKChaturvedi RFuchs VBrovkin PCiais RFensholt HTømmervik GBala ZZhu RRNemani RBMyneni 10.1111/j.1365-3040.2004.01181.xNat.Sustain22019Chen, C., Park, T., Wang, X., Piao, S., Xu, B., Chaturvedi, R. K., Fuchs, R., Brovkin, V., Ciais, P., Fensholt, R., Tømmervik, H., Bala, G., Zhu, Z., Nemani, R. R.,"
essd-13-5337-2021.pdf,grobid_tei,full_tei_text,,doi,10.1038/s41893-019-0220-7P.Natl.Acad.Sci.USA,https://doi.org/10.1038/s41893-019-0220-7P.Natl.Acad.Sci.USA,"19. Patterns of new versus recycled primary production in the terrestrial biosphere CCCleveland BZHoulton WKSmith RMarklein SCReed WParton SJ DGrosso SWRunning 10.1038/s41893-019-0220-7P.Natl.Acad.Sci.USA 110 2013 Cleveland, C. C., Houlton, B. Z., Smith, W. K., Marklein, R., Reed, S. C., Parton, W., Grosso, S. J. D., and Running, S. W.: Patterns of new versus re"
essd-13-5337-2021.pdf,grobid_tei,full_tei_text,,doi,10.1073/pnas.1302768110Glob.ChangeBiol72001,https://doi.org/10.1073/pnas.1302768110Glob.ChangeBiol72001,"models WCramer ABondeau FIWoodward ICPrentice RABetts VBrovkin PMCox VFisher JAFoley ADFriend CKucharik MRLomas NRamankutty SSitch BSmith AWhite CYoung-Molling 10.1073/pnas.1302768110Glob.ChangeBiol72001 Cramer, W., Bondeau, A., Woodward, F. I., Prentice, I. C., Betts, R. A., Brovkin, V., Cox, P. M., Fisher, V., Foley, J. A., Friend, A. D., Kucharik, C., Lomas,"
essd-13-5337-2021.pdf,grobid_tei,full_tei_text,,doi,"10.1046/j.1365-2486.2001.00383.xNat.Geosci82015Doetterl,",https://doi.org/10.1046/j.1365-2486.2001.00383.xNat.Geosci82015Doetterl,"lled by interactions between geochemistry and climate SDoetterl AStevens JSix RMerckx KVan Oost MCasanova Pinto ACasanova-Katny CMuñoz MBoudin EVenegas PBoeckx 10.1046/j.1365-2486.2001.00383.xNat.Geosci82015Doetterl, S., Stevens, A., Six, J., Merckx, R., Van Oost, K., Casanova Pinto, M., Casanova-Katny, A., Muñoz, C., Boudin, M., Zagal Venegas, E., and Boeckx, P.: Soil carb"
essd-13-5337-2021.pdf,grobid_tei,full_tei_text,,doi,"10.1038/ngeo2516Nat.Geosci2020Du,",https://doi.org/10.1038/ngeo2516Nat.Geosci2020Du,"038/ngeo2516, 2015. Global patterns of terrestrial nitrogen and phosphorus limitation EDu CTerrer AF APellegrini AAhlström CJVan Lissa XZhao NXia XWu RBJackson 10.1038/ngeo2516Nat.Geosci2020Du, E., Terrer, C., Pellegrini, A. F. A., Ahlström, A., van Lissa, C. J., Zhao, X., Xia, N., Wu, X., and Jackson, R. B.: Global patterns of terrestrial nitrogen an"
essd-13-5337-2021.pdf,grobid_tei,full_tei_text,,doi,10.1038/s41561-019-0530-4Growthrate-stoichiometrycouplingsindiverse,https://doi.org/10.1038/s41561-019-0530-4Growthrate-stoichiometrycouplingsindiverse,"Geosci., 221-226, https://doi.org/10.1038/s41561-019-0530-4, 2020. JJElser KAcharya MKyle JCotner WMakino TMarkow TWatts SHobbie WFagan JSchade JHood RWSterner 10.1038/s41561-019-0530-4Growthrate-stoichiometrycouplingsindiverse biota 2003 6 Elser, J. J., Acharya, K., Kyle, M., Cotner, J., Makino, W., Markow, T., Watts, T., Hobbie, S., Fagan, W., Schade, J., Hood, J., and Sterner, R. W"
essd-13-5337-2021.pdf,grobid_tei,full_tei_text,,doi,"10.1046/j.1461-0248.2003.00518.xEcol.Lett102007Elser,",https://doi.org/10.1046/j.1461-0248.2003.00518.xEcol.Lett102007Elser,"mary producers in freshwater, marine and terrestrial ecosystems JJElser ME SBracken EECleland DSGruner WSHarpole HHillebrand JTNgai EWSeabloom JBShurin JESmith 10.1046/j.1461-0248.2003.00518.xEcol.Lett102007Elser, J. J., Bracken, M. E. S., Cleland, E. E., Gruner, D. S., Harpole, W. S., Hillebrand, H., Ngai, J. T., Seabloom, E. W., Shurin, J. B., and Smith, J. E.: Global"
essd-13-5337-2021.pdf,grobid_tei,full_tei_text,,doi,"10.1111/j.1461-0248.2007.01113.xNewPhytol1862010Elser,",https://doi.org/10.1111/j.1461-0248.2007.01113.xNewPhytol1862010Elser,"ichiometry of plant production: metabolism, scaling and ecological response to global change, in: Tansley review JJElser WFFagan AJKerkhoff NGSwenson BJEnquist 10.1111/j.1461-0248.2007.01113.xNewPhytol1862010Elser, J. J., Fagan, W. F., Kerkhoff, A. J., Swenson, N. G., and Enquist, B. J.: Biological stoichiometry of plant produc- tion: metabolism, scaling and ecological re"
essd-13-5337-2021.pdf,grobid_tei,full_tei_text,,doi,"10.1111/j.1469-8137.2010.03214.xEcol.Evol72017Eziz,",https://doi.org/10.1111/j.1469-8137.2010.03214.xEcol.Evol72017Eziz,"593-608, https://doi.org/10.1111/j.1469-8137.2010.03214.x, 2010. Drought effect on plant biomass allocation: a meta-analysis AEziz ZYan DTian WHan ZTang JFang 10.1111/j.1469-8137.2010.03214.xEcol.Evol72017Eziz, A., Yan, Z., Tian, D., Han, W., Tang, Z., and Fang, J.: Drought effect on plant biomass allocation: a meta-analysis, Ecol. Evol., 7, 11002-11010, https://doi.o"
essd-13-5337-2021.pdf,grobid_tei,full_tei_text,,doi,"10.1111/nph.15451NewPhytol2212019Fatichi,",https://doi.org/10.1111/nph.15451NewPhytol2212019Fatichi,"7, 11002-11010, https://doi.org/10.1002/ece3.3630, 2017. Modelling carbon sources and sinks in terrestrial vegetation SFatichi CPappas JZscheischler SLeuzinger 10.1111/nph.15451NewPhytol2212019Fatichi, S., Pappas, C., Zscheischler, J., and Leuzinger, S.: Mod- elling carbon sources and sinks in terrestrial vegetation, New Phytol., 221, 652-668, https://doi.org"
essd-13-5337-2021.pdf,grobid_tei,full_tei_text,,doi,"10.1111/nph.15451Nat.Plants52019Fernández-Martínez,",https://doi.org/10.1111/nph.15451Nat.Plants52019Fernández-Martínez,"or mast seeding MFernández-Martínez IPearse JSardans FSayol WDKoenig JMLamontagne MBogdziewicz ACollalti AHacket-Pain GVacchiano JMEspelta JPeñuelas IAJanssens 10.1111/nph.15451Nat.Plants52019Fernández-Martínez, M., Pearse, I., Sardans, J., Sayol, F., Koenig, W. D., LaMontagne, J. M., Bogdziewicz, M., Col- lalti, A., Hacket-Pain, A., Vacchiano, G., Espelta, J. M., Peñu"
essd-13-5337-2021.pdf,grobid_tei,full_tei_text,,doi,"10.1038/s41477-019-0549-yOecologia561983Field,",https://doi.org/10.1038/s41477-019-0549-yOecologia561983Field,"//doi.org/10.1038/s41477-019-0549-y, 2019. Allocating leaf nitrogen for the maximization of carbon gain: Leaf age as a control on the allocation program CField 10.1038/s41477-019-0549-yOecologia561983Field, C.: Allocating leaf nitrogen for the maximization of carbon gain: Leaf age as a control on the allocation program, Oecologia, 56, 341-347, https://doi.org/10.1"
essd-13-5337-2021.pdf,grobid_tei,full_tei_text,,doi,10.1007/BF00379710P.Natl.Acad.Sci.USA,https://doi.org/10.1007/BF00379710P.Natl.Acad.Sci.USA,"Calfapietra AGallet-Budynek BGielen WEHolmes MRHoosbeek CMIversen RBJackson MEKubiske JLedford MLiberloo ROren APolle SPritchard DRZak WHSchlesinger RCeulemans 10.1007/BF00379710P.Natl.Acad.Sci.USA 104 2007 Finzi, A. C., Norby, R. J., Calfapietra, C., Gallet-Budynek, A., Gie- len, B., Holmes, W. E., Hoosbeek, M. R., Iversen, C. M., Jackson, R. B., Kubiske"
essd-13-5337-2021.pdf,grobid_tei,full_tei_text,,doi,10.1073/pnas.0706518104Glob.Biogeochem.Cycle262012,https://doi.org/10.1073/pnas.0706518104Glob.Biogeochem.Cycle262012,"Acad. Sci. USA, 104, 14014-14019, https://doi.org/10.1073/pnas.0706518104, 2007. Global nutrient limitation in terrestrial vegetation JBFisher GBadgley EBlyth 10.1073/pnas.0706518104Glob.Biogeochem.Cycle262012 GB Fisher, J. B., Badgley, G., and Blyth, E.: Global nutrient limitation in terrestrial vegetation, Glob. Biogeochem. Cycle, 26, GB3007, https://doi.org/10.102"
essd-13-5337-2021.pdf,grobid_tei,full_tei_text,,doi,"10.1029/2011GB004252Nat.Geosci122019Fleischer,",https://doi.org/10.1029/2011GB004252Nat.Geosci122019Fleischer,"Haverd FHofhansl JAHolm BKruijt FLeung BEMedlyn LMMercado RJNorby BPak CVon Randow CAQuesada KJSchaap OJValverde-Barrantes Y.-PWang XYang SZaehle QZhu DMLapola 10.1029/2011GB004252Nat.Geosci122019Fleischer, K., Rammig, A., De Kauwe, M. G., Walker, A. P., Domingues, T. F., Fuchslueger, L., Garcia, S., Goll, D. S., Gran- dis, A., Jiang, M., Haverd, V., Hofhansl, F.,"
essd-13-5337-2021.pdf,grobid_tei,full_tei_text,,doi,"10.1038/s41561-019-0404-9Earth-Sci.Rev401996Föllmi,",https://doi.org/10.1038/s41561-019-0404-9Earth-Sci.Rev401996Föllmi,", Nat. Geosci., 12, 736- 741, https://doi.org/10.1038/s41561-019-0404-9, 2019. The phosphorus cycle, phosphogenesis and marine phosphate-rich deposits KBFöllmi 10.1038/s41561-019-0404-9Earth-Sci.Rev401996Föllmi, K. B.: The phosphorus cycle, phosphogenesis and ma- rine phosphate-rich deposits, Earth-Sci. Rev., 40, 55-124, https://doi.org/10.1016/0012-8252(95)00049-6, 19"
essd-13-5337-2021.pdf,grobid_tei,full_tei_text,,doi,10.1016/0012-8252(95)00049-6Nat.Commun116372020,https://doi.org/10.1016/0012-8252(95)00049-6Nat.Commun116372020,"ta-analysis shows pervasive phosphorus limitation of aboveground plant production in natural terrestrial ecosystems EHou YLuo YKuang CChen XLu LJiang XLuo DWen 10.1016/0012-8252(95)00049-6Nat.Commun116372020 Hou, E., Luo, Y., Kuang, Y., Chen, C., Lu, X., Jiang, L., Luo, X., and Wen, D.: Global meta-analysis shows perva- sive phosphorus limitation of aboveground pla"
essd-13-5337-2021.pdf,grobid_tei,full_tei_text,,doi,"10.1038/s41467-020-14492-wClimateChangeCACambridge,",https://doi.org/10.1038/s41467-020-14492-wClimateChangeCACambridge,"l ecosystems, Nat. Commun., 11, 637, https://doi.org/10.1038/s41467-020-14492-w, 2020. JTHoughton YDing DJGriggs MNoguer PJVan Der Linden XDai KMaskell Johnson 10.1038/s41467-020-14492-wClimateChangeCACambridge, UK Cambridge University Press 2001. 2001 Houghton, J. T., Ding, Y., Griggs, D. J., Noguer, M., van der Linden, P. J., Dai, X., Maskell, K., and Johnson, C. A."
essd-13-5337-2021.pdf,grobid_tei,full_tei_text,,doi,"10.1126/science.1091390Science3022003Hungate,",https://doi.org/10.1126/science.1091390Science3022003Hungate,": Climate Change 2001: The Scientific Basis, Cambridge University Press, Cambridge, UK, 2001. Nitrogen and climate change BAHungate JSDukes MRShaw YLuo CBField 10.1126/science.1091390Science3022003Hungate, B. A., Dukes, J. S., Shaw, M. R., Luo, Y., and Field, C. B.: Nitrogen and climate change, Science, 302, 1512-1513, https://doi.org/10.1126/science.1091390, 200"
essd-13-5337-2021.pdf,grobid_tei,full_tei_text,,doi,10.1126/science.1091390Nat.Plants2160242016,https://doi.org/10.1126/science.1091390Nat.Plants2160242016,"e WJetz JCavender-Bares RPavlick DSchimel FWDavis GPAsner RGuralnick JKattge AMLatimer PMoorcroft MESchaepman MPSchildhauer FDSchneider FSchrodt UStahl SLUstin 10.1126/science.1091390Nat.Plants2160242016 Jetz, W., Cavender-Bares, J., Pavlick, R., Schimel, D., Davis, F. W., Asner, G. P., Guralnick, R., Kattge, J., Latimer, A. M., Moorcroft, P., Schaepman, M. E.,"
essd-13-5337-2021.pdf,grobid_tei,full_tei_text,,doi,"10.1038/nplants.2016.242001CRCpressBocaRaton,",https://doi.org/10.1038/nplants.2016.242001CRCpressBocaRaton,"rsity from space, Nat. Plants, 2, 16024, https://doi.org/10.1038/nplants.2016.24, 2016. Laboratory guide for conducting soil tests and plant analysis JBJonesJr 10.1038/nplants.2016.242001CRCpressBocaRaton, US Jones Jr., J. B.: Laboratory guide for conducting soil tests and plant analysis, CRC press, Boca Raton, US, 76-77, https://doi.org/10.1201/9781420025293, IS"
essd-13-5337-2021.pdf,grobid_tei,full_tei_text,,doi,10.1139/x87-165Can.J.For.Res17,https://doi.org/10.1139/x87-165Can.J.For.Res17,"-77, https://doi.org/10.1201/9781420025293, ISBN: 9780429132117, 2001. Some climatic aspects of biomass productivity of white spruce stem wood LAJozsa JMPowell 10.1139/x87-165Can.J.For.Res17 1987 Jozsa, L. A. and Powell, J. M.: Some climatic aspects of biomass productivity of white spruce stem wood, Can. J. For. Res., 17, 1075-1079, https://doi.org"
essd-13-5337-2021.pdf,grobid_tei,full_tei_text,,doi,10.1139/x87-165P.Natl.Acad.Sci.USA,https://doi.org/10.1139/x87-165P.Natl.Acad.Sci.USA,"vity of white spruce stem wood, Can. J. For. Res., 17, 1075-1079, https://doi.org/10.1139/x87-165, 1987. Climate change impacts on forestry APKirilenko RASedjo 10.1139/x87-165P.Natl.Acad.Sci.USA 104 2007 Kirilenko, A. P. and Sedjo, R. A.: Climate change impacts on forestry, P. Natl. Acad. Sci. USA, 104, 19697-19702, https://doi.org/10.1073/pnas.0701424"
essd-13-5337-2021.pdf,grobid_tei,full_tei_text,,doi,"10.1073/pnas.0701424104PlantSoil4162017Kramer-Walter,",https://doi.org/10.1073/pnas.0701424104PlantSoil4162017Kramer-Walter,"07. Root nutrient concentration and biomass allocation are more plastic than morphological traits in response to nutrient limitation KRKramer-Walter DCLaughlin 10.1073/pnas.0701424104PlantSoil4162017Kramer-Walter, K. R. and Laughlin, D. C.: Root nutrient concentra- tion and biomass allocation are more plastic than morphological traits in response to nutrient limitation,"
essd-13-5337-2021.pdf,grobid_tei,full_tei_text,,doi,10.1007/s11104-017-3234-9LandCoverAtlasofthe,https://doi.org/10.1007/s11104-017-3234-9LandCoverAtlasofthe,"ation are more plastic than morphological traits in response to nutrient limitation, Plant Soil, 416, 539-550, https://doi.org/10.1007/s11104-017-3234-9, 2017. 10.1007/s11104-017-3234-9LandCoverAtlasofthe People's Republic of China Editorial Board: Land Cover Atlas of the People's Republic of China (1 : 1000000) Beijing, China China Map Publishing House 2017 Lan"
essd-13-5337-2021.pdf,grobid_tei,full_tei_text,,doi,"10.1890/06-2057.1Ecology892008LeBauer,",https://doi.org/10.1890/06-2057.1Ecology892008LeBauer,"Publishing House, Beijing, China, 2017. Nitrogen limitation of net primary productivity in terrestrial ecosystems is globally distributed DSLebauer KKTreseder 10.1890/06-2057.1Ecology892008LeBauer, D. S. and Treseder, K. K.: Nitrogen limitation of net primary productivity in terrestrial ecosystems is globally distributed, Ecology, 89, 371-379, https://doi"
essd-13-5337-2021.pdf,grobid_tei,full_tei_text,,doi,10.1890/06-2057.1EarthSyst.Sci.Data10,https://doi.org/10.1890/06-2057.1EarthSyst.Sci.Data10,"n RSkjelvan IStocker BDTian HTilbrook BTubiello FNVan Der Laan-Luijkx ITVan Der Werf GRVan Heuven SViovy NVuichard NWalker APWatson AJWiltshire AJZaehle SZhu D 10.1890/06-2057.1EarthSyst.Sci.Data10 2017. 2018 Le Quéré, C., Andrew, R. M., Friedlingstein, P., Sitch, S., Pongratz, J., Manning, A. C., Korsbakken, J. I., Peters, G. P., Canadell, J. G., Jackson"
essd-13-5337-2021.pdf,grobid_tei,full_tei_text,,doi,"10.1046/j.0269-8463.2004.00805.xFunct.Ecol182004Lovelock,",https://doi.org/10.1046/j.0269-8463.2004.00805.xFunct.Ecol182004Lovelock,"fect of nutrient enrichment on growth, photosynthesis and hydraulic conductance of dwarf mangroves in Panama CELovelock ICFeller KLMckee BM JEngelbrecht MCBall 10.1046/j.0269-8463.2004.00805.xFunct.Ecol182004Lovelock, C. E., Feller, I. C., Mckee, K. L., Engelbrecht, B. M. J., and Ball, M. C.: The effect of nutrient enrich- ment on growth, photosynthesis and hydraulic conduct"
essd-13-5337-2021.pdf,grobid_tei,full_tei_text,,doi,"10.1046/j.0269-8463.2004.00805.xNewPhytol1722006Lovelock,",https://doi.org/10.1046/j.0269-8463.2004.00805.xNewPhytol1722006Lovelock,"-8463.2004.00805.x, 2004. Differences in plant function in phosphorus-and nitrogen-limited mangrove ecosystems CELovelock ICFeller MCBall BM JEngelbrecht MLEwe 10.1046/j.0269-8463.2004.00805.xNewPhytol1722006Lovelock, C. E., Feller, I. C., Ball, M. C., Engelbrecht, B. M. J., and Ewe, M. L.: Differences in plant function in phosphorus-and nitrogen-limited mangrove ecosystems,"
essd-13-5337-2021.pdf,grobid_tei,full_tei_text,,doi,10.1111/j.1469-8137.2006.01851.xP.Natl.Acad.Sci.USA,https://doi.org/10.1111/j.1469-8137.2006.01851.xP.Natl.Acad.Sci.USA,"ou QZhang PShi XLiu XWu LZhang XWei LDai KZhang YSun SXue WZhang DXiong LDeng BLiu LZhou CZhang XZheng JCao YHuang NHe GZhou YBai ZXie ZTang BWu JFang GLiu GYu 10.1111/j.1469-8137.2006.01851.xP.Natl.Acad.Sci.USA 115 2001. 2010. 2018 Lu, F., Hu, H., Sun, W., Zhu, J., Liu, G., Zhou, W., Zhang, Q., Shi, P., Liu, X., Wu, X., Zhang, L., Wei, X., Dai, L., Zhang, K., Sun, Y.,"
essd-13-5337-2021.pdf,grobid_tei,full_tei_text,,doi,"10.1073/pnas.1700294115BioScience545420040731:PNLOER]2.0.CO;2,",https://doi.org/10.1073/pnas.1700294115BioScience545420040731:PNLOER]2.0.CO;2,"stem responses to rising atmospheric carbon dioxide YLuo BSu WSCurrie JSDukes AFinzi UHartwig BHungate REMcmurtrie ROren WJParton DEPataki RMShaw DRZak CBField 10.1073/pnas.1700294115BioScience545420040731:PNLOER]2.0.CO;2, 2004 Luo, Y., Su, B., Currie, W. S., Dukes, J. S., Finzi, A., Hartwig, U., Hungate, B., McMurtrie, R. E., Oren, R., Parton, W. J., Pataki, D. E., Shaw, R. M.,"
essd-13-5337-2021.pdf,grobid_tei,full_tei_text,,doi,"10.1016/S0378-1127(99)00207-8J.Hydrol3382007McVicar,",https://doi.org/10.1016/S0378-1127(99)00207-8J.Hydrol3382007McVicar,"atially distributing monthly reference evapotranspiration and pan evaporation considering topographic influences TRMcvicar TGVan Niel LLi MFHutchinson XMu ZLiu 10.1016/S0378-1127(99)00207-8J.Hydrol3382007McVicar, T. R., Van Niel, T. G., Li, L., Hutchinson, M. F., Mu, X., and Liu, Z.: Spatially distributing monthly reference evapotranspiration and pan evaporation consid-"
essd-13-5337-2021.pdf,grobid_tei,full_tei_text,,doi,"10.1016/j.jhydrol.2007.02.018Forestry541981Miller,",https://doi.org/10.1016/j.jhydrol.2007.02.018Forestry541981Miller,"ing topographic influences, J. Hydrol., 338, 196-220, https://doi.org/10.1016/j.jhydrol.2007.02.018, 2007. Forest Fertilization: Some Guiding Concepts HGMiller 10.1016/j.jhydrol.2007.02.018Forestry541981Miller, H. G.: Forest Fertilization: Some Guiding Concepts, Forestry, 54, 157-167, https://doi.org/10.1093/forestry/54.2.157, 1981. CO 2 enhancement of forest producti"
essd-13-5337-2021.pdf,grobid_tei,full_tei_text,,doi,10.1073/pnas.1006463107Stemtissuephosphorusasan,https://doi.org/10.1073/pnas.1006463107Stemtissuephosphorusasan,"O 2 enhancement of forest productivity constrained by limited nitrogen availability RJNorby JMWarren CMIversen BEMedlyn REMcmurtrie SEParks AMHaigh GCCresswell 10.1073/pnas.1006463107Stemtissuephosphorusasan index of the phosphorus status of Banksia ericifolia L. f 2010. 2000 107 Plant Soil Norby, R. J., Warren, J. M., Iversen, C. M., Medlyn, B. E., and McMurtrie,"
essd-13-5337-2021.pdf,grobid_tei,full_tei_text,,doi,"10.1023/A:1026563926187Ecology902009Porder,",https://doi.org/10.1023/A:1026563926187Ecology902009Porder,"Soil, 227, 59-65, https://doi.org/10.1023/A:1026563926187, 2000. Climate and soil-age constraints on nutrient uplift and retention by plants SPorder OAChadwick 10.1023/A:1026563926187Ecology902009Porder, S. and Chadwick, O. A.: Climate and soil-age constraints on nutrient uplift and retention by plants, Ecology, 90, 623-636, https://doi.org/10.1890/07-1739.1, 2"
essd-13-5337-2021.pdf,grobid_tei,full_tei_text,,doi,"10.1890/07-1739.1BiomassBioenerg352011Poudel,",https://doi.org/10.1890/07-1739.1BiomassBioenerg352011Poudel,"7-1739.1, 2009. Effects of climate change on biomass production and substitution in northcentral Sweden BCPoudel RSathre LGustavsson JBergh ALundström RHyvönen 10.1890/07-1739.1BiomassBioenerg352011Poudel, B. C., Sathre, R., Gustavsson, L., Bergh, J., Lundström, A., and Hyvönen, R.: Effects of climate change on biomass production and substitution in north- centra"
essd-13-5337-2021.pdf,grobid_tei,full_tei_text,,doi,"10.1016/j.biombioe.2011.08.005Oecologia1021995Raaimakers,",https://doi.org/10.1016/j.biombioe.2011.08.005Oecologia1021995Raaimakers,"2011. Photosynthetic rates in relation to leaf phosphorus content in pioneer versus climax tropical rainforest trees DRaaimakers RG ABoot PDijkstra SPot TPons 10.1016/j.biombioe.2011.08.005Oecologia1021995Raaimakers, D., Boot, R. G. A., Dijkstra, P., Pot, S., and Pons, T.: Photosynthetic rates in relation to leaf phosphorus content in pio- neer versus climax tropical rainfo"
essd-13-5337-2021.pdf,grobid_tei,full_tei_text,,doi,"10.1111/nph.13521NewPhytol2082015Reed,",https://doi.org/10.1111/nph.13521NewPhytol2082015Reed,"statistical com- puting, Vienna, 2019. Incorporating phosphorus cycling into global modeling efforts: a worthwhile, tractable endeavor SCReed XYang PEThornton 10.1111/nph.13521NewPhytol2082015Reed, S. C., Yang, X., and Thornton, P. E.: Incorporat- ing phosphorus cycling into global modeling efforts: a worthwhile, tractable endeavor, New Phytol., 208, 324-"
essd-13-5337-2021.pdf,grobid_tei,full_tei_text,,doi,10.1111/nph.13521P.Natl.Acad.Sci.USA,https://doi.org/10.1111/nph.13521P.Natl.Acad.Sci.USA,"Phytol., 208, 324-329, https://doi.org/10.1111/nph.13521, 2015. Global patterns of plant leaf N and P in relation to temperature and latitude PBReich JOleksyn 10.1111/nph.13521P.Natl.Acad.Sci.USA 101 2004 Reich, P. B. and Oleksyn, J.: Global patterns of plant leaf N and P in relation to temperature and latitude, P. Natl. Acad. Sci. USA, 101, 11001-11006"
essd-13-5337-2021.pdf,grobid_tei,full_tei_text,,doi,10.1073/pnas.0403588101J.Adv.Model.EarthSyst,https://doi.org/10.1073/pnas.0403588101J.Adv.Model.EarthSyst,"ties for land surface modeling WShangguan YDai BLiu AZhu QDuan LWu DJi AYe HYuan QZhang DChen MChen JChu YDou JGuo HLi JLi LLiang XLiang HLiu SLiu CMiao YZhang 10.1073/pnas.0403588101J.Adv.Model.EarthSyst 5 2013 Shangguan, W., Dai, Y., Liu, B., Zhu, A., Duan, Q., Wu, L., Ji, D., Ye, A., Yuan, H., Zhang, Q., Chen, D., Chen, M., Chu, J., Dou, Y., Guo, J., Li, H.,"
essd-13-5337-2021.pdf,grobid_tei,full_tei_text,,doi,10.1002/jame.20026J.Adv.Model.EarthSyst,https://doi.org/10.1002/jame.20026J.Adv.Model.EarthSyst,"212-224, https://doi.org/10.1002/jame.20026, 2013. Mapping the global depth to bedrock for land surface modeling WShangguan THengl JMendes De Jesus HYuan YDai 10.1002/jame.20026J.Adv.Model.EarthSyst 9 2017 Shangguan, W., Hengl, T., Mendes de Jesus, J., Yuan, H., and Dai, Y.: Mapping the global depth to bedrock for land surface modeling, J. Adv. Model. Eart"
essd-13-5337-2021.pdf,grobid_tei,full_tei_text,,doi,"10.1002/2016MS000686Ecol.Appl252015Singh,",https://doi.org/10.1002/2016MS000686Ecol.Appl252015Singh,"ging spectroscopy algorithms for mapping canopy foliar chemical and morphological traits and their uncer-tainties ASingh SPSerbin BEMcneil CCKingdon PATownsend 10.1002/2016MS000686Ecol.Appl252015Singh, A., Serbin, S. P., McNeil, B. E., Kingdon, C. C., and Townsend, P. A.: Imaging spectroscopy algorithms for mapping canopy foliar chemical and morphological tra"
essd-13-5337-2021.pdf,grobid_tei,full_tei_text,,doi,10.1890/14-2098.1RemoteSens.Environ1142010,https://doi.org/10.1890/14-2098.1RemoteSens.Environ1142010,"iar protein and polyphenols for trees and grass using hyperspectral imagery AKSkidmore JGFerwerda OMutanga SEVan Wieren MPeel RCGrant HH TPrins FBBalcik VVenus 10.1890/14-2098.1RemoteSens.Environ1142010 Skidmore, A. K., Ferwerda, J. G., Mutanga, O., Van Wieren, S. E., Peel, M., Grant, R. C., Prins, H. H. T., Balcik, F. B., and Venus, V.: Forage quality of sava"
essd-13-5337-2021.pdf,grobid_tei,full_tei_text,,doi,"10.1016/j.rse.2009.08.010EarthFuture52017Sun,",https://doi.org/10.1016/j.rse.2009.08.010EarthFuture52017Sun,"trial ecosystems in carbon cycle models YSun SPeng DSGoll PCiais BGuenet MGuimberteau PHinsinger IAJanssens JPeñuelas SPiao BPoulter AViolette XYang YYin HZeng 10.1016/j.rse.2009.08.010EarthFuture52017Sun, Y., Peng, S., Goll, D. S., Ciais, P., Guenet, B., Guim- berteau, M., Hinsinger, P., Janssens, I. A., Peñuelas, J., Piao, S., Poulter, B., Violette, A., Yang, X"
essd-13-5337-2021.pdf,grobid_tei,full_tei_text,,doi,10.1002/2016EF000472CarbonpoolsinChina,https://doi.org/10.1002/2016EF000472CarbonpoolsinChina,"oi.org/10.1002/2016EF000472, 2017. XTang XZhao YBai ZTang WWang YZhao HWan ZXie XShi BWu GWang JYan KMa SDu SLi SHan YMa HHu NHe YYang WHan HHe GYu JFang GZhou 10.1002/2016EF000472CarbonpoolsinChina's terrestrial ecosystems: New estimates based on an intensive field survey 2018 115 Tang, X., Zhao, X., Bai, Y., Tang, Z., Wang, W., Zhao, Y., Wan, H., Xie, Z."
essd-13-5337-2021.pdf,grobid_tei,full_tei_text,,doi,10.1073/pnas.1700291115P.Natl.Acad.Sci.USA,https://doi.org/10.1073/pnas.1700291115P.Natl.Acad.Sci.USA,"n in relation to productivity in China's terrestrial ecosystems ZTang WXu GZhou YBai JLi XTang DChen QLiu WMa GXiong HHe NHe YGuo QGuo JZhu WHan HHu JFang ZXie 10.1073/pnas.1700291115P.Natl.Acad.Sci.USA 115 2018 Tang, Z., Xu, W., Zhou, G., Bai, Y., Li, J., Tang, X., Chen, D., Liu, Q., Ma, W., Xiong, G., He, H., He, N., Guo, Y., Guo, Q., Zhu, J., Han, W., Hu, H"
essd-13-5337-2021.pdf,grobid_tei,full_tei_text,,doi,10.1073/pnas.1700295114Nat.Clim.Chang92019,https://doi.org/10.1073/pnas.1700295114Nat.Clim.Chang92019,"Sundert SPiao PC DNewton MJHovenden DMBlumenthal YYLiu CMüller KWinter CBField WViechtbauer CJVan Lissa MRHoosbeek MWatanabe TKoike VOLeshyk HWPolley OFranklin 10.1073/pnas.1700295114Nat.Clim.Chang92019 Terrer, C., Jackson, R. B., Prentice, I. C., Keenan, T. F., Kaiser, C., Vicca, S., Fisher, J. B., Reich, P. B., Stocker, B. D., Hungate, B. A., Peñuelas, J., M"
essd-13-5337-2021.pdf,grobid_tei,full_tei_text,,doi,"10.1038/s41558-019-0545-2Nat.Geosci32010Thomas,",https://doi.org/10.1038/s41558-019-0545-2Nat.Geosci32010Thomas,"ps://doi.org/10.1038/s41558-019-0545-2, 2019. Increased tree carbon storage in response to nitrogen deposition in the US RQThomas CDCanham KCWeathers CLGoodale 10.1038/s41558-019-0545-2Nat.Geosci32010Thomas, R. Q., Canham, C. D., Weathers, K. C., and Goodale, C. L.: Increased tree carbon storage in response to nitrogen deposition in the US, Nat. Geosci., 3, 13-17,"
essd-13-5337-2021.pdf,grobid_tei,full_tei_text,,doi,10.1038/ngeo721Glob.Biogeochem.Cycle212007,https://doi.org/10.1038/ngeo721Glob.Biogeochem.Cycle212007,"nfluence of carbon-nitrogen cycle coupling on land model response to CO 2 fertilization and climate variability PEThornton J.-FLamarque NARosenbloom NMMahowald 10.1038/ngeo721Glob.Biogeochem.Cycle212007 GB Thornton, P. E., Lamarque, J.-F., Rosenbloom, N. A., and Mahowald, N. M.: Influence of carbon-nitrogen cycle cou- pling on land model response to CO 2 ferti"
essd-13-5337-2021.pdf,grobid_tei,full_tei_text,,doi,"10.1029/2006GB002868Biogeochemistry982010Tian,",https://doi.org/10.1029/2006GB002868Biogeochemistry982010Tian,"10.1029/2006GB002868, 2007. Pattern and variation of C : N : P ratios in China's soils: a synthesis of observational data HTian GChen CZhang JMMelillo CA SHall 10.1029/2006GB002868Biogeochemistry982010Tian, H., Chen, G., Zhang, C., Melillo, J. M., and Hall, C. A. S.: Pattern and variation of C : N : P ratios in China's soils: a synthesis of observational data, Bio"
essd-13-5337-2021.pdf,grobid_tei,full_tei_text,,doi,10.1371/journal.pone.0092942PlosOne9929422014,https://doi.org/10.1371/journal.pone.0092942PlosOne9929422014,"0533-009-9382-0, 2010. Bioavailable soil phosphorus decreases with increasing elevation in a subarctic tundra landscape AGVincent MKSundqvist DAWardle RGiesler 10.1371/journal.pone.0092942PlosOne9929422014 Vincent, A. G., Sundqvist, M. K., Wardle, D. A., and Giesler, R.: Bioavailable soil phosphorus decreases with increasing el- evation in a subarctic tundra land"
essd-13-5337-2021.pdf,grobid_tei,full_tei_text,,doi,"10.1371/journal.pone.0092942Am.Nat1191982Vitousek,",https://doi.org/10.1371/journal.pone.0092942Am.Nat1191982Vitousek,"n a subarctic tundra landscape, Plos One, 9, e92942, https://doi.org/10.1371/journal.pone.0092942, 2014. Nutrient cycling and nutrient use efficiency PVitousek 10.1371/journal.pone.0092942Am.Nat1191982Vitousek, P.: Nutrient cycling and nutrient use efficiency, Am. Nat., 119, 553-572, https://doi.org/10.1086/283931, 1982. Nitrogen limitation on land and in the sea: How"
essd-13-5337-2021.pdf,grobid_tei,full_tei_text,,doi,"10.1086/283931Biogeochemistry131991Vitousek,",https://doi.org/10.1086/283931Biogeochemistry131991Vitousek,"se efficiency, Am. Nat., 119, 553-572, https://doi.org/10.1086/283931, 1982. Nitrogen limitation on land and in the sea: How can it occur? PMVitousek RWHowarth 10.1086/283931Biogeochemistry131991Vitousek, P. M. and Howarth, R. W.: Nitrogen limitation on land and in the sea: How can it occur?, Biogeochemistry, 13, 87-115, https://doi.org/10.1007/BF00002772, 1991."
essd-13-5337-2021.pdf,grobid_tei,full_tei_text,,doi,"10.1007/BF00002772Ecol.Appl202010Vitousek,",https://doi.org/10.1007/BF00002772Ecol.Appl202010Vitousek,"007/BF00002772, 1991. Terrestrial phosphorus limitation: mechanisms, implications, and nitrogen-phosphorus interactions PMVitousek SPorder BZHoulton OAChadwick 10.1007/BF00002772Ecol.Appl202010Vitousek, P. M., Porder, S., Houlton, B. Z., and Chadwick, O. A.: Terrestrial phosphorus limitation: mechanisms, implications, and nitrogen-phosphorus interactions, Ecol"
essd-13-5337-2021.pdf,grobid_tei,full_tei_text,,doi,"10.1890/08-0127.1Geoderma151976Walker,",https://doi.org/10.1890/08-0127.1Geoderma151976Walker,"nd nitrogen-phosphorus interactions, Ecol. Appl., 20, 5-15, https://doi.org/10.1890/08-0127.1, 2010. The fate of phosphorus during pedogenesis TWWalker JKSyers 10.1890/08-0127.1Geoderma151976Walker, T. W. and Syers, J. K.: The fate of phosphorus during pedogenesis, Geoderma, 15, 1-19, https://doi.org/10.1016/0016-7061(76)90066-5, 1976. Mapping foliar funct"
essd-13-5337-2021.pdf,grobid_tei,full_tei_text,,doi,10.1016/0016-7061(76)90066-5RemoteSens.Environ2212019,https://doi.org/10.1016/0016-7061(76)90066-5RemoteSens.Environ2212019,"r functional traits and their uncertainties across three years in a grassland experiment ZWang PATownsend AKSchweiger JJCouture ASingh SEHobbie JCavender-Bares 10.1016/0016-7061(76)90066-5RemoteSens.Environ2212019 Wang, Z., Townsend, P. A., Schweiger, A. K., Couture, J. J., Singh, A., Hobbie, S. E., and Cavender-Bares, J.: Mapping fo- liar functional traits and their unc"
essd-13-5337-2021.pdf,grobid_tei,full_tei_text,,doi,"10.1016/j.rse.2018.11.016Nat.Geosci82015Wieder,",https://doi.org/10.1016/j.rse.2018.11.016Nat.Geosci82015Wieder,"g/10.1016/j.rse.2018.11.016, 2019. Future productivity and carbon storage limited by terrestrial nutrient availability WRWieder CCCleveland WKSmith KTodd-Brown 10.1016/j.rse.2018.11.016Nat.Geosci82015Wieder, W. R., Cleveland, C. C., Smith, W. K., and Todd- Brown, K.: Future productivity and carbon storage limited by terrestrial nutrient availability, Nat. Geosci.,"
essd-13-5337-2021.pdf,grobid_tei,full_tei_text,,doi,10.1038/ngeo2413Sci.TotalEnviron709136201,https://doi.org/10.1038/ngeo2413Sci.TotalEnviron709136201,"estrial nutrient availability, Nat. Geosci., 8, 441-444, https://doi.org/10.1038/ngeo2413, 2015. Nitrogen storage in China's terrestrial ecosystems LXu NHe GYu 10.1038/ngeo2413Sci.TotalEnviron709136201 2020 Xu, L., He, N., and Yu, G.: Nitrogen storage in China's terrestrial ecosystems, Sci. Total Environ., 709, 136201, https://doi.org/10.1016/j.scitotenv.2019"
essd-13-5337-2021.pdf,grobid_tei,full_tei_text,,doi,10.1016/j.scitotenv.2019.136201Glob.Biogeochem.Cycle172007.,https://doi.org/10.1016/j.scitotenv.2019.136201Glob.Biogeochem.Cycle172007,"scitotenv.2019.136201, 2020. Storage, patterns and controls of soil nitrogen in China Y.-HYang W.-HMa AMohammat J.-YFang CZhang HTian JLiu SWang MLiu SPan XShi 10.1016/j.scitotenv.2019.136201Glob.Biogeochem.Cycle172007. 2005 Pedosphere Yang, Y.-H., Ma, W.-H., Mohammat, A., and Fang, J.-Y.: Stor- age, patterns and controls of soil nitrogen in China, Pedosphere, 17, 776-785, htt"
essd-13-5337-2021.pdf,grobid_tei,full_tei_text,,doi,"10.1029/2004GB002296Funct.Ecol322018Zhang,",https://doi.org/10.1029/2004GB002296Funct.Ecol322018Zhang,"tps://doi.org/10.1029/2004GB002296, 2005. C : N : P stoichiometry in China's forests: From organs to ecosystems JZhang NZhao CLiu HYang MLi GYu KWilcox QYu NHe 10.1029/2004GB002296Funct.Ecol322018Zhang, J., Zhao, N., Liu, C., Yang, H., Li, M., Yu, G., Wilcox, K., Yu, Q., and He, N.: C : N : P stoichiometry in China's forests: From organs to ecosystems, Funct."
essd-13-5337-2021.pdf,grobid_tei,full_tei_text,,doi,10.1111/1365-2435.129792021Dryad,https://doi.org/10.1111/1365-2435.129792021Dryad,"1/1365-2435.12979, 2018. Patterns of nitrogen and phosphorus pools in terrestrial ecosystems in China Y.-WZhang YGuo ZTang YFeng XZhu WXu YBai GZhou ZXie JFang 10.1111/1365-2435.129792021Dryad [data set Zhang, Y.-W., Guo, Y., Tang, Z., Feng, Y., Zhu, X., Xu, W., Bai, Y., Zhou, G., Xie, Z., and Fang, J.: Patterns of nitrogen and phos- phorus pools in"
essd-15-2117-2023.pdf,pymupdf,page_text,1,url,https://doi.org/10.5194/essd-15-2117-2023,https://doi.org/10.5194/essd-15-2117-2023,"Earth Syst. Sci. Data, 15, 2117–2138, 2023 https://doi.org/10.5194/essd-15-2117-2023 © Author(s) 2023. This work is distributed under the Creative Commons Attribution 4.0 License. Moho depths beneath the European Alps: a homogeneously processed"
essd-15-2117-2023.pdf,pymupdf,page_text,3,url,"https://doi.org/10.5194/essd-15-2117-2023EarthSyst.Sci.Data,",https://doi.org/10.5194/essd-15-2117-2023EarthSyst.Sci.Data,"alue of all the available seismic traces for each teleseismic event and use the median rms value for that event, median(rms). Then we discard any trace with an https://doi.org/10.5194/essd-15-2117-2023EarthSyst.Sci.Data, 15, 2117–2138, 2023"
essd-15-2117-2023.pdf,pymupdf,page_text,4,url,"https://earthquake.usgs.gov/earthquakes,",https://earthquake.usgs.gov/earthquakes,"-E component triplets). Figure 2. Distribution of teleseismic events used in this study shown as circles colored according to hypocentral depths (USGS catalog; https://earthquake.usgs.gov/earthquakes, last access: October 2022). The study area is shown by the blue box. Dashed black lines show the 30 and 90◦epicentral distance from the center of the study are"
essd-15-2117-2023.pdf,pymupdf,page_text,12,url,https://www.orfeus-eu.org/data/eida/;,https://www.orfeus-eu.org/data/eida/,"yi (2022). 6 Data availability Continuous seismic data from the seismic networks used in this study can be found at the European Integrated Data Archive (EIDA; https://www.orfeus-eu.org/data/eida/; EIDA, 2022) with the following network codes: Z3 (Al- pArray Seismic Network: AlpArray Seismic Network, 2015, https://doi.org/10.12686/ALPARRAY/Z3_2015);XT(EAS"
essd-15-2117-2023.pdf,pymupdf,page_text,12,url,"https://doi.org/10.12686/ALPARRAY/Z3_2015);XT(EASI:AlpArraySeismicNetwork,",https://doi.org/10.12686/ALPARRAY/Z3_2015);XT(EASI:AlpArraySeismicNetwork,"hive (EIDA; https://www.orfeus-eu.org/data/eida/; EIDA, 2022) with the following network codes: Z3 (Al- pArray Seismic Network: AlpArray Seismic Network, 2015, https://doi.org/10.12686/ALPARRAY/Z3_2015);XT(EASI:AlpArraySeismicNetwork, 2014, https://doi.org/10.12686/alparray/xt_2014), BW (Bay- ernNetz Department of Earth and Environmental Sciences Geophysical Observatory University of Munchen"
essd-15-2117-2023.pdf,pymupdf,page_text,12,url,"https://doi.org/10.12686/alparray/xt_2014),",https://doi.org/10.12686/alparray/xt_2014,"network codes: Z3 (Al- pArray Seismic Network: AlpArray Seismic Network, 2015, https://doi.org/10.12686/ALPARRAY/Z3_2015);XT(EASI:AlpArraySeismicNetwork, 2014, https://doi.org/10.12686/alparray/xt_2014), BW (Bay- ernNetz Department of Earth and Environmental Sciences Geophysical Observatory University of Munchen, 2001, https://doi.org/10.7914/SN/BW);CH(SwissSei"
essd-15-2117-2023.pdf,pymupdf,page_text,12,url,"https://doi.org/10.7914/SN/BW);CH(SwissSeismologicalService,",https://doi.org/10.7914/SN/BW);CH(SwissSeismologicalService,"ttps://doi.org/10.12686/alparray/xt_2014), BW (Bay- ernNetz Department of Earth and Environmental Sciences Geophysical Observatory University of Munchen, 2001, https://doi.org/10.7914/SN/BW);CH(SwissSeismologicalService, SED, 1983, https://doi.org/10.12686/SED/NETWORKS/CH), GR (German Regional Seismic Network (GRSN): Federal Institute for Geosciences and Natural Resources BGR,"
essd-15-2117-2023.pdf,pymupdf,page_text,12,url,"https://doi.org/10.12686/SED/NETWORKS/CH),",https://doi.org/10.12686/SED/NETWORKS/CH,"f Earth and Environmental Sciences Geophysical Observatory University of Munchen, 2001, https://doi.org/10.7914/SN/BW);CH(SwissSeismologicalService, SED, 1983, https://doi.org/10.12686/SED/NETWORKS/CH), GR (German Regional Seismic Network (GRSN): Federal Institute for Geosciences and Natural Resources BGR, 1976, https://doi.org/10.25928/mbx6-hr74), IV (Istitut"
essd-15-2117-2023.pdf,pymupdf,page_text,12,url,"https://doi.org/10.25928/mbx6-hr74),",https://doi.org/10.25928/mbx6-hr74,"1983, https://doi.org/10.12686/SED/NETWORKS/CH), GR (German Regional Seismic Network (GRSN): Federal Institute for Geosciences and Natural Resources BGR, 1976, https://doi.org/10.25928/mbx6-hr74), IV (Istituto Earth Syst. Sci. Data, 15, 2117–2138, 2023 https://doi.org/10.5194/essd-15-2117-2023"
essd-15-2117-2023.pdf,pymupdf,page_text,13,url,"https://doi.org/10.13127/SD/X0FXNH7QFY),",https://doi.org/10.13127/SD/X0FXNH7QFY,"K. Michailos et al.: Moho depths beneath the European Alps 2129 Nazionale di Geoﬁsica e Vulcanologia, INGV, 2005, https://doi.org/10.13127/SD/X0FXNH7QFY), MN (the Mediterranean Network: MedNet Project Partner Insti- tutions, 1990, https://doi.org/10.13127/SD/fBBBtDtd6q);NI(North-EastItalyBroadbandNetwork: OGS, Is"
essd-15-2117-2023.pdf,pymupdf,page_text,13,url,https://doi.org/10.13127/SD/fBBBtDtd6q);NI(North-EastItalyBroadbandNetwork:,https://doi.org/10.13127/SD/fBBBtDtd6q);NI(North-EastItalyBroadbandNetwork,"le di Geoﬁsica e Vulcanologia, INGV, 2005, https://doi.org/10.13127/SD/X0FXNH7QFY), MN (the Mediterranean Network: MedNet Project Partner Insti- tutions, 1990, https://doi.org/10.13127/SD/fBBBtDtd6q);NI(North-EastItalyBroadbandNetwork: OGS, Is- tituto Nazionale di Oceanograﬁa e di Geoﬁsica Sperimentale and University of Trieste, 2002, https://doi.org/10.7914/SN/NI), OE (Austrian Seismic Netwo"
essd-15-2117-2023.pdf,pymupdf,page_text,13,url,"https://doi.org/10.7914/SN/NI),",https://doi.org/10.7914/SN/NI,"0.13127/SD/fBBBtDtd6q);NI(North-EastItalyBroadbandNetwork: OGS, Is- tituto Nazionale di Oceanograﬁa e di Geoﬁsica Sperimentale and University of Trieste, 2002, https://doi.org/10.7914/SN/NI), OE (Austrian Seismic Network: ZAMG – Zentralanstalt für Meterologie und Geodynamik, 1987, https://doi.org/10.7914/SN/OE), OX (North-East Italy Seismic Network:"
essd-15-2117-2023.pdf,pymupdf,page_text,13,url,"https://doi.org/10.7914/SN/OE),",https://doi.org/10.7914/SN/OE,"tale and University of Trieste, 2002, https://doi.org/10.7914/SN/NI), OE (Austrian Seismic Network: ZAMG – Zentralanstalt für Meterologie und Geodynamik, 1987, https://doi.org/10.7914/SN/OE), OX (North-East Italy Seismic Network: Istituto Nazionale di Oceanograﬁa e di Geoﬁsica Sperimen- tale – OGS, 2016, https://doi.org/10.7914/SN/OX), FR (RESIF and"
essd-15-2117-2023.pdf,pymupdf,page_text,13,url,"https://doi.org/10.7914/SN/OX),",https://doi.org/10.7914/SN/OX,"ynamik, 1987, https://doi.org/10.7914/SN/OE), OX (North-East Italy Seismic Network: Istituto Nazionale di Oceanograﬁa e di Geoﬁsica Sperimen- tale – OGS, 2016, https://doi.org/10.7914/SN/OX), FR (RESIF and other broadband and accelerometric permanent networks in metropolitan France: RESIF, 1995, https://doi.org/10.15778/RESIF.FR), SI (Province Südti"
essd-15-2117-2023.pdf,pymupdf,page_text,13,url,"https://doi.org/10.15778/RESIF.FR),",https://doi.org/10.15778/RESIF.FR,"men- tale – OGS, 2016, https://doi.org/10.7914/SN/OX), FR (RESIF and other broadband and accelerometric permanent networks in metropolitan France: RESIF, 1995, https://doi.org/10.15778/RESIF.FR), SI (Province Südtirol: https://www.fdsn.org/networks/detail/SI/; In- ternational Federation of Digital Seismograph Net- works, 2022), SL (Seismic Network of th"
essd-15-2117-2023.pdf,pymupdf,page_text,13,url,https://www.fdsn.org/networks/detail/SI/;,https://www.fdsn.org/networks/detail/SI/,"RESIF and other broadband and accelerometric permanent networks in metropolitan France: RESIF, 1995, https://doi.org/10.15778/RESIF.FR), SI (Province Südtirol: https://www.fdsn.org/networks/detail/SI/; In- ternational Federation of Digital Seismograph Net- works, 2022), SL (Seismic Network of the Republic of Slovenia: Slovenian Environment Agency, 1990, https"
essd-15-2117-2023.pdf,pymupdf,page_text,13,url,"https://doi.org/10.7914/SN/SL),",https://doi.org/10.7914/SN/SL,"/SI/; In- ternational Federation of Digital Seismograph Net- works, 2022), SL (Seismic Network of the Republic of Slovenia: Slovenian Environment Agency, 1990, https://doi.org/10.7914/SN/SL), ST (Trentino Seismic Net- work: Geological Survey-Provincia Autonoma di Trento, 1981, https://doi.org/10.7914/SN/ST), and YP (CIFALPS: Zhao et al., 2016, https"
essd-15-2117-2023.pdf,pymupdf,page_text,13,url,"https://doi.org/10.7914/SN/ST),",https://doi.org/10.7914/SN/ST,"enia: Slovenian Environment Agency, 1990, https://doi.org/10.7914/SN/SL), ST (Trentino Seismic Net- work: Geological Survey-Provincia Autonoma di Trento, 1981, https://doi.org/10.7914/SN/ST), and YP (CIFALPS: Zhao et al., 2016, https://doi.org/10.15778/RESIF.YP2012).PACASEdataarearchivedatthe EIDA node at LMU with the network code ZJ (Hetényi et al."
essd-15-2117-2023.pdf,pymupdf,page_text,13,url,https://doi.org/10.15778/RESIF.YP2012).PACASEdataarearchivedatthe,https://doi.org/10.15778/RESIF.YP2012).PACASEdataarearchivedatthe,"/SL), ST (Trentino Seismic Net- work: Geological Survey-Provincia Autonoma di Trento, 1981, https://doi.org/10.7914/SN/ST), and YP (CIFALPS: Zhao et al., 2016, https://doi.org/10.15778/RESIF.YP2012).PACASEdataarearchivedatthe EIDA node at LMU with the network code ZJ (Hetényi et al., 2019, https://doi.org/10.7914/SN/ZJ_2019)andareembargoeduntil30 June 2025. The following datasets ar"
essd-15-2117-2023.pdf,pymupdf,page_text,13,url,https://doi.org/10.7914/SN/ZJ_2019)andareembargoeduntil30,https://doi.org/10.7914/SN/ZJ_2019)andareembargoeduntil30,"(CIFALPS: Zhao et al., 2016, https://doi.org/10.15778/RESIF.YP2012).PACASEdataarearchivedatthe EIDA node at LMU with the network code ZJ (Hetényi et al., 2019, https://doi.org/10.7914/SN/ZJ_2019)andareembargoeduntil30 June 2025. The following datasets are freely available in a Zenodo repository with the following DOI: https://doi.org/10.5281/zenodo.7695125(Michailosetal., 20"
essd-15-2117-2023.pdf,pymupdf,page_text,13,url,"https://doi.org/10.5281/zenodo.7695125(Michailosetal.,",https://doi.org/10.5281/zenodo.7695125(Michailosetal,"https://doi.org/10.7914/SN/ZJ_2019)andareembargoeduntil30 June 2025. The following datasets are freely available in a Zenodo repository with the following DOI: https://doi.org/10.5281/zenodo.7695125(Michailosetal., 2023). Firstly, we include all the downloaded seismic waveform data (ZNE components; 120 s before and after the theoretical P-wave arrival) prior to RF calcula"
essd-15-2117-2023.pdf,pymupdf,page_text,13,url,https://github.com/kemichai/rfmpy,https://github.com/kemichai/rfmpy,"ions we use in three separate CSV format ﬁles. 7 Code availability All codes used for this work are actively devel- oped on GitHub at the following repository: https://github.com/kemichai/rfmpy (last access: May 2023) and https://doi.org/10.5281/zenodo.7937575(Michailos, 2023). A tutorial for calculating RFs and time-to-depth migration for a subset of"
essd-15-2117-2023.pdf,pymupdf,page_text,13,url,"https://doi.org/10.5281/zenodo.7937575(Michailos,",https://doi.org/10.5281/zenodo.7937575(Michailos,"lity All codes used for this work are actively devel- oped on GitHub at the following repository: https://github.com/kemichai/rfmpy (last access: May 2023) and https://doi.org/10.5281/zenodo.7937575(Michailos, 2023). A tutorial for calculating RFs and time-to-depth migration for a subset of the data used is also available on the following website: https://rfmpy.readt"
essd-15-2117-2023.pdf,pymupdf,page_text,13,url,https://rfmpy.readthedocs.io/en/latest/tutorial.html,https://rfmpy.readthedocs.io/en/latest/tutorial.html,".7937575(Michailos, 2023). A tutorial for calculating RFs and time-to-depth migration for a subset of the data used is also available on the following website: https://rfmpy.readthedocs.io/en/latest/tutorial.html (last access: May 2023). The codes developed here are mostly based on open-source software like ObsPy (Beyreuther et al., 2010; Krischer et al., 2015) and EQ-"
essd-15-2117-2023.pdf,pymupdf,page_text,18,url,https://doi.org/10.5194/essd-15-2117-2023-supplement.Teamlist.TheAlpArray-PACASEteam:Yongki,https://doi.org/10.5194/essd-15-2117-2023-supplement.Teamlist.TheAlpArray-PACASEteam:Yongki,"0.2 km) and −0.4 ± 6.4 km (me- dian = −1.3 km) with those of Grad and Tiira (2009). Supplement. The supplement related to this article is available online at: https://doi.org/10.5194/essd-15-2117-2023-supplement.Teamlist.TheAlpArray-PACASEteam:Yongki Aiman, Götz Bokelmann, Clément Estève, Erik Grafendorfer, Richard Kramer, Yang Lu (Department of Meteorology and Geophysics, Uni- versity of Vienna, Vienna, Au"
essd-15-2117-2023.pdf,pymupdf,page_text,19,url,"https://doi.org/10.12686/alparray/z3_2015,",https://doi.org/10.12686/alparray/z3_2015,"LPARRAY/XT_2014, 2014. AlpArray Seismic Network: AlpArray Seismic Network (AASN) temporary component, AlpArray Working Group. Other/Seismic Network [data set], https://doi.org/10.12686/alparray/z3_2015, 2015. Artemieva, I. M. and Thybo, H.: EUNAseis: A seismic model for Moho and crustal structure in Europe, Greenland, and the North Atlantic region, Tectonophys"
essd-15-2117-2023.pdf,pymupdf,page_text,19,url,"https://doi.org/10.1016/j.tecto.2013.08.004,",https://doi.org/10.1016/j.tecto.2013.08.004,"I. M. and Thybo, H.: EUNAseis: A seismic model for Moho and crustal structure in Europe, Greenland, and the North Atlantic region, Tectonophysics, 609, 97–153, https://doi.org/10.1016/j.tecto.2013.08.004, 2013. Beyreuther, M., Barsch, R., Krischer, L., Megies, T., Behr, Y., and Wassermann, J.: ObsPy: A Python Tool- box for Seismology, Seismol. Res. Lett., 81, 53"
essd-15-2117-2023.pdf,pymupdf,page_text,19,url,"https://doi.org/10.1785/gssrl.81.3.530,",https://doi.org/10.1785/gssrl.81.3.530,"Beyreuther, M., Barsch, R., Krischer, L., Megies, T., Behr, Y., and Wassermann, J.: ObsPy: A Python Tool- box for Seismology, Seismol. Res. Lett., 81, 530–533, https://doi.org/10.1785/gssrl.81.3.530, 2010. Bianchi, I. and Bokelmann, G.: Seismic signature of the Alpine in- dentation, evidence from the Eastern Alps, J. Geodynam., 82, 69–77, https://doi.org/10"
essd-15-2117-2023.pdf,pymupdf,page_text,19,url,"https://doi.org/10.1016/j.jog.2014.07.005,",https://doi.org/10.1016/j.jog.2014.07.005,"85/gssrl.81.3.530, 2010. Bianchi, I. and Bokelmann, G.: Seismic signature of the Alpine in- dentation, evidence from the Eastern Alps, J. Geodynam., 82, 69–77, https://doi.org/10.1016/j.jog.2014.07.005, 2014. Bianchi, I., Ruigrok, E., Obermann, A., and Kissling, E.: Moho topography beneath the European Eastern Alps by global- phase seismic interferometry, Soli"
essd-15-2117-2023.pdf,pymupdf,page_text,19,url,"https://doi.org/10.5194/se-12-1185-2021,",https://doi.org/10.5194/se-12-1185-2021,"rok, E., Obermann, A., and Kissling, E.: Moho topography beneath the European Eastern Alps by global- phase seismic interferometry, Solid Earth, 12, 1185–1196, https://doi.org/10.5194/se-12-1185-2021, 2021. Blundell, D. J., Freeman, R., Mueller, S., and Button, S.: A conti- nent revealed: The European Geotraverse, structure and dynamic evolution, Cambridge U"
essd-15-2117-2023.pdf,pymupdf,page_text,19,url,"https://doi.org/10.1785/BSSA0820031453,",https://doi.org/10.1785/BSSA0820031453,"volution, Cambridge University Press, 1992. Cassidy, J. F.: Numerical experiments in broadband receiver function analysis, B. Seismol. Soc. Am., 82, 1453–1474, https://doi.org/10.1785/BSSA0820031453, 1992. Chamberlain, C. J., Hopp, C. J., Boese, C. M., Warren-Smith, E., Chambers, D., Chu, S. X., Michailos, K., and Townend, J.: EQcorrscan: Repeating and Near"
essd-15-2117-2023.pdf,pymupdf,page_text,19,url,"https://doi.org/10.1785/0220170151,",https://doi.org/10.1785/0220170151,". X., Michailos, K., and Townend, J.: EQcorrscan: Repeating and Near-Repeating Earthquake Detec- tion and Analysis in Python, Seismol. Res. Lett., 89, 173–181, https://doi.org/10.1785/0220170151, 2018. Colavitti, L. and Hetényi, G.: A new approach to construct 3-D crustal shear-wave velocity models: method description and ap- plication to the Central Al"
essd-15-2117-2023.pdf,pymupdf,page_text,19,url,"https://doi.org/10.1007/s40328-022-00394-4,",https://doi.org/10.1007/s40328-022-00394-4,"A new approach to construct 3-D crustal shear-wave velocity models: method description and ap- plication to the Central Alps, Acta Geod. Geophys., 57, 529–562, https://doi.org/10.1007/s40328-022-00394-4, 2022. Crameri, F.: Scientiﬁc colour maps, Zenodo [data set], https://doi.org/10.5281/zenodo.5501399, 2021. Department of Earth and Environmental Sciences, Geop"
essd-15-2117-2023.pdf,pymupdf,page_text,19,url,"https://doi.org/10.5281/zenodo.5501399,",https://doi.org/10.5281/zenodo.5501399,"to the Central Alps, Acta Geod. Geophys., 57, 529–562, https://doi.org/10.1007/s40328-022-00394-4, 2022. Crameri, F.: Scientiﬁc colour maps, Zenodo [data set], https://doi.org/10.5281/zenodo.5501399, 2021. Department of Earth and Environmental Sciences, Geophysi- cal Observatory, University of Munchen: BayernNetz, Interna- tional Federation of Digital Seism"
essd-15-2117-2023.pdf,pymupdf,page_text,19,url,"https://doi.org/10.7914/SN/BW,",https://doi.org/10.7914/SN/BW,"nd Environmental Sciences, Geophysi- cal Observatory, University of Munchen: BayernNetz, Interna- tional Federation of Digital Seismograph Networks [data set], https://doi.org/10.7914/SN/BW, 2001. Diehl, T., Kissling, E., Husen, S., and Aldersons, F.: Consis- tent phase picking for regional tomography models: Applica- tion to the greater Alpine reg"
essd-15-2117-2023.pdf,pymupdf,page_text,19,url,"https://doi.org/10.1111/j.1365-246X.2008.03985.x,",https://doi.org/10.1111/j.1365-246X.2008.03985.x,", S., and Aldersons, F.: Consis- tent phase picking for regional tomography models: Applica- tion to the greater Alpine region, Geophys. J. Int., 176, 542–554, https://doi.org/10.1111/j.1365-246X.2008.03985.x, 2009. Di Stefano, R., Bianchi, I., Ciaccio, M. G., Carrara, G., and Kissling, E.: Three-dimensional Moho topography in Italy: New constraints from receiver fun"
essd-15-2117-2023.pdf,pymupdf,page_text,19,url,"https://doi.org/10.1029/2011GC003649,",https://doi.org/10.1029/2011GC003649,"E.: Three-dimensional Moho topography in Italy: New constraints from receiver functions and controlled source seismology, Geochem. Geophys. Geosyst., 12, 1–15, https://doi.org/10.1029/2011GC003649, 2011. EIDA: European Integrated Data Archive, EIDA [data set], https://www.orfeus-eu.org/data/eida/, last access: October 2022. Federal Institute for Geoscienc"
essd-15-2117-2023.pdf,pymupdf,page_text,19,url,"https://doi.org/10.1111/j.1365-246X.2008.03919.x,",https://doi.org/10.1111/j.1365-246X.2008.03919.x,"aph Networks [data set], https://doi.org/10.7914/SN/ST, 1981. Grad, M. and Tiira, T.: The Moho depth map of the European Plate, Geophys. J. Int., 176, 279–292, https://doi.org/10.1111/j.1365-246X.2008.03919.x, 2009. Gurrola, H., Minster, J. B., and Owens, T.: The Use of Veloc- ity Spectrum For Stacking Receiver Functions and Imaging Upper Mantle Discontinuities, Geop"
essd-15-2117-2023.pdf,pymupdf,page_text,19,url,"https://doi.org/10.1111/j.1365-246X.1994.tb03942.x,",https://doi.org/10.1111/j.1365-246X.1994.tb03942.x,"J. B., and Owens, T.: The Use of Veloc- ity Spectrum For Stacking Receiver Functions and Imaging Upper Mantle Discontinuities, Geophys. J. Int., 117, 427–440, https://doi.org/10.1111/j.1365-246X.1994.tb03942.x, 1994. Gurrola, H., Baker, G. E., and Minster, J. B.: Simultaneous time-domain deconvolution with application to the computa- tion of receiver functions, Geophy"
essd-15-2117-2023.pdf,pymupdf,page_text,19,url,"https://doi.org/10.1111/j.1365-246X.1995.tb01837.x,",https://doi.org/10.1111/j.1365-246X.1995.tb01837.x,"G. E., and Minster, J. B.: Simultaneous time-domain deconvolution with application to the computa- tion of receiver functions, Geophys. J. Int., 120, 537–543, https://doi.org/10.1111/j.1365-246X.1995.tb01837.x, 1995. Handy, M. R., M. Schmid, S., Bousquet, R., Kissling, E., and Bernoulli, D.: Reconciling plate-tectonic reconstructions of Alpine Tethys with the geologic"
essd-15-2117-2023.pdf,pymupdf,page_text,19,url,"https://doi.org/10.1016/j.earscirev.2010.06.002,",https://doi.org/10.1016/j.earscirev.2010.06.002,"late-tectonic reconstructions of Alpine Tethys with the geological-geophysical record of spread- ing and subduction in the Alps, Earth-Sci. Rev., 102, 121–158, https://doi.org/10.1016/j.earscirev.2010.06.002, 2010. Helffrich, G.: Extended-Time Multitaper Frequency Domain Cross- Correlation Receiver-Function Estimation, B. Seismol. Soc. Am., 96, 344–347, https://doi."
essd-15-2117-2023.pdf,pymupdf,page_text,19,url,"https://doi.org/10.1785/0120050098,",https://doi.org/10.1785/0120050098,"2010.06.002, 2010. Helffrich, G.: Extended-Time Multitaper Frequency Domain Cross- Correlation Receiver-Function Estimation, B. Seismol. Soc. Am., 96, 344–347, https://doi.org/10.1785/0120050098, 2006. https://doi.org/10.5194/essd-15-2117-2023EarthSyst.Sci.Data, 15, 2117–2138, 2023"
essd-15-2117-2023.pdf,pymupdf,page_text,20,url,"https://doi.org/10.1016/j.tecto.2015.02.004,",https://doi.org/10.1016/j.tecto.2015.02.004,"A. C., and Houseman, G. A.: Crustal struc- ture of the Pannonian Basin: The AlCaPa and Tisza Terrains and the Mid-Hungarian Zone, Tectonophysics, 646, 106–116, https://doi.org/10.1016/j.tecto.2015.02.004, 2015. Hetényi, G., Molinari, I., Clinton, J., Bokelmann, G., Bondár, I., Crawford, W. C., Dessa, J.-X., Doubre, C., Friederich, W., Fuchs, F., Giardini, D., Gr"
essd-15-2117-2023.pdf,pymupdf,page_text,20,url,"https://doi.org/10.1007/s10712-018-9472-4,",https://doi.org/10.1007/s10712-018-9472-4,"Wesztergom, V., and Živˇci´c, M.: The Al- pArray Seismic Network: A Large-Scale European Experiment to Image the Alpine Orogen, Surv. Geophys., 39, 1009–1033, https://doi.org/10.1007/s10712-018-9472-4, 2018a. Hetényi, G., Plomerová, J., Bianchi, I., Kampfová Exnerová, H., Bokelmann, G., Handy, M. R., and Babuška, V.: From moun- tain summits to roots: Crustal"
essd-15-2117-2023.pdf,pymupdf,page_text,20,url,"https://doi.org/10.1016/j.tecto.2018.07.001,",https://doi.org/10.1016/j.tecto.2018.07.001,"Babuška, V.: From moun- tain summits to roots: Crustal structure of the Eastern Alps and Bohemian Massif along longitude 13.3◦E, Tectonophysics, 744, 239–255, https://doi.org/10.1016/j.tecto.2018.07.001, 2018b. Hetényi, G., Plomerová, J., Bielik, M., Bokelmann, G., Csicsay, K., Czuba, W., Meier, T., Šroda, P., Wéber, Z., Wesztergom, V., and Žlebˇcíková, H.: Pan"
essd-15-2117-2023.pdf,pymupdf,page_text,20,url,"https://doi.org/10.7914/SN/ZJ_2019,",https://doi.org/10.7914/SN/ZJ_2019,"Z., Wesztergom, V., and Žlebˇcíková, H.: Pannonian-Carpathian-Alpine Seismic Experi- ment, International Federation of Digital Seismograph Networks [data set], https://doi.org/10.7914/SN/ZJ_2019, 2019. Hunter, J. D.: Matplotlib: A 2D Graphics Environ- ment, Computing in Science & Engineering, 9, 90–95, https://doi.org/10.1109/MCSE.2007.55, 2007. Interna"
essd-15-2117-2023.pdf,pymupdf,page_text,20,url,"https://doi.org/10.1109/MCSE.2007.55,",https://doi.org/10.1109/MCSE.2007.55,"rks [data set], https://doi.org/10.7914/SN/ZJ_2019, 2019. Hunter, J. D.: Matplotlib: A 2D Graphics Environ- ment, Computing in Science & Engineering, 9, 90–95, https://doi.org/10.1109/MCSE.2007.55, 2007. International Federation of Digital Seismograph Networks: SI: Province Südtirol, FDSN [data set], https://www.fdsn.org/networks/detail/SI/, October 2022."
essd-15-2117-2023.pdf,pymupdf,page_text,20,url,"https://doi.org/10.1029/2021jb023160,",https://doi.org/10.1029/2021jb023160,"Structure in the Vicinity of the Adriatic Inden- ter (European Alps) From Vp and Vp / Vs Local Earth- quake Tomography , J. Geophys. Res.-Sol. Ea., 127, 1–22, https://doi.org/10.1029/2021jb023160, 2022. Kalmár, D., Hetényi, G., and Bondár, I.: Moho depth anal- ysis of the eastern Pannonian Basin and the Southern Carpathians from receiver functions, J. Se"
essd-15-2117-2023.pdf,pymupdf,page_text,20,url,"https://doi.org/10.1007/s10950-019-09847-w,",https://doi.org/10.1007/s10950-019-09847-w,"tényi, G., and Bondár, I.: Moho depth anal- ysis of the eastern Pannonian Basin and the Southern Carpathians from receiver functions, J. Seismol., 23, 967–982, https://doi.org/10.1007/s10950-019-09847-w, 2019. Kalmár, D., Hetényi, G., Balázs, A., and Bondár, I.: Crustal Thinning From Orogen to Back-Arc Basin: The Structure of the Pannonian Basin Region Revealed"
essd-15-2117-2023.pdf,pymupdf,page_text,20,url,"https://doi.org/10.1029/2020JB021309,",https://doi.org/10.1029/2020JB021309,"From Orogen to Back-Arc Basin: The Structure of the Pannonian Basin Region Revealed by P-to-S Con- verted Seismic Waves, J. Geophys. Res.-Sol. Ea., 126, 1–24, https://doi.org/10.1029/2020JB021309, 2021. Kennett, B. L. N. and Engdahl, E. R.: Traveltimes for global earth- quake location and phase identiﬁcation, Geophys. J. Int., 105, 429–465, https://doi.o"
essd-15-2117-2023.pdf,pymupdf,page_text,20,url,"https://doi.org/10.1111/j.1365-246X.1991.tb06724.x,",https://doi.org/10.1111/j.1365-246X.1991.tb06724.x,"2020JB021309, 2021. Kennett, B. L. N. and Engdahl, E. R.: Traveltimes for global earth- quake location and phase identiﬁcation, Geophys. J. Int., 105, 429–465, https://doi.org/10.1111/j.1365-246X.1991.tb06724.x, 1991. Kind, R., Schmid, S. M., Yuan, X., Heit, B., Meier, T., and the AlpArray and AlpArray-SWATH-D Working Groups: Moho and uppermost mantle structure in the"
essd-15-2117-2023.pdf,pymupdf,page_text,20,url,"https://doi.org/10.5194/se-12-2503-2021,",https://doi.org/10.5194/se-12-2503-2021,"e AlpArray and AlpArray-SWATH-D Working Groups: Moho and uppermost mantle structure in the Alpine area from S-to-P converted waves, Solid Earth, 12, 2503–2521, https://doi.org/10.5194/se-12-2503-2021, 2021. Kosarev, G., Kind, R., Sobolev, S. V., Yuan, X., Hanka, W., and Oreshin, S.: Seismic Evidence for a Detached Indian Lithospheric Mantle Beneath Tibet, Sc"
essd-15-2117-2023.pdf,pymupdf,page_text,20,url,"https://doi.org/10.1126/science.283.5406.1306,",https://doi.org/10.1126/science.283.5406.1306,"d, R., Sobolev, S. V., Yuan, X., Hanka, W., and Oreshin, S.: Seismic Evidence for a Detached Indian Lithospheric Mantle Beneath Tibet, Science, 283, 1306–1309, https://doi.org/10.1126/science.283.5406.1306, 1999. Krischer, L., Megies, T., Barsch, R., Beyreuther, M., Lecocq, T., Caudron, C., and Wassermann, J.: ObsPy: A bridge for seis- mology into the scientiﬁc Py"
essd-15-2117-2023.pdf,pymupdf,page_text,20,url,"https://doi.org/10.1088/1749-4699/8/1/014003,",https://doi.org/10.1088/1749-4699/8/1/014003,"ecocq, T., Caudron, C., and Wassermann, J.: ObsPy: A bridge for seis- mology into the scientiﬁc Python ecosystem, Computational Science and Discovery, 8, 0–17, https://doi.org/10.1088/1749-4699/8/1/014003, 2015. Kummerow, J., Kind, R., Oncken, O., Giese, P., Ryberg, T., Wylegalla, K., and Scherbaum, F.: A natural and controlled source seismic proﬁle through the E"
essd-15-2117-2023.pdf,pymupdf,page_text,20,url,"https://doi.org/10.1016/j.epsl.2004.05.040,",https://doi.org/10.1016/j.epsl.2004.05.040,"T., Wylegalla, K., and Scherbaum, F.: A natural and controlled source seismic proﬁle through the Eastern Alps: TRANSALP, Earth Planet. Sc. Lett., 225, 115–129, https://doi.org/10.1016/j.epsl.2004.05.040, 2004. Langston, C. A.: Corvallis, Oregon, crustal and upper mantle re- ceiver structure from teleseismic P and S waves, B. Seismol. Soc. Am., 67, 713–724, http"
essd-15-2117-2023.pdf,pymupdf,page_text,20,url,"https://doi.org/10.1785/BSSA0670030713,",https://doi.org/10.1785/BSSA0670030713,"040, 2004. Langston, C. A.: Corvallis, Oregon, crustal and upper mantle re- ceiver structure from teleseismic P and S waves, B. Seismol. Soc. Am., 67, 713–724, https://doi.org/10.1785/BSSA0670030713, 1977. Laske, G., Masters, G., Ma, Z., and Pasyanos, M.: Update on CRUST1.0 – A 1-degree global model of Earth’s crust, EGU General Assembly 2013, 7–12 April 20"
essd-15-2117-2023.pdf,pymupdf,page_text,20,url,"https://doi.org/10.1111/j.1365-246X.1997.tb01220.x,",https://doi.org/10.1111/j.1365-246X.1997.tb01220.x,"str., 15, 2658, 2013. Levin, V. and Park, J.: P-SH conversions in a ﬂat-layered medium with anisotropy of arbitary orientation, Geophys. J. Int., 131, 253–266, https://doi.org/10.1111/j.1365-246X.1997.tb01220.x, 1997. Ligorría, J. P. and Ammon, C. J.: Iterative deconvolution and receiver-function estimation, B. Seismol. Soc. Am., 89, 1395– 1400, https://doi.org/10.1785"
essd-15-2117-2023.pdf,pymupdf,page_text,20,url,"https://doi.org/10.1785/BSSA0890051395,",https://doi.org/10.1785/BSSA0890051395,"65-246X.1997.tb01220.x, 1997. Ligorría, J. P. and Ammon, C. J.: Iterative deconvolution and receiver-function estimation, B. Seismol. Soc. Am., 89, 1395– 1400, https://doi.org/10.1785/BSSA0890051395, 1999. Lombardi, D., Braunmiller, J., Kissling, E., and Giardini, D.: Moho depth and Poisson’s ratio in the Western-Central Alps from receiver functions, Geophy"
essd-15-2117-2023.pdf,pymupdf,page_text,20,url,"https://doi.org/10.1111/j.1365-246X.2007.03706.x,",https://doi.org/10.1111/j.1365-246X.2007.03706.x,"miller, J., Kissling, E., and Giardini, D.: Moho depth and Poisson’s ratio in the Western-Central Alps from receiver functions, Geophys. J. Int., 173, 249–264, https://doi.org/10.1111/j.1365-246X.2007.03706.x, 2008. Lu, Y., Stehly, L., Brossier, R., and Paul, A.: Imaging Alpine crust using ambient noise wave-equation tomography, Geophys. J. Int., 222, 69–85, https://"
essd-15-2117-2023.pdf,pymupdf,page_text,20,url,"https://doi.org/10.1093/gji/ggaa145,",https://doi.org/10.1093/gji/ggaa145,"03706.x, 2008. Lu, Y., Stehly, L., Brossier, R., and Paul, A.: Imaging Alpine crust using ambient noise wave-equation tomography, Geophys. J. Int., 222, 69–85, https://doi.org/10.1093/gji/ggaa145, 2020. MedNet Project Partner Institutions: Mediterranean Very Broadband Seismographic Network (MedNet), Istituto Nazionale di Geoﬁsica e Vulcanologia (INGV) [d"
essd-15-2117-2023.pdf,pymupdf,page_text,20,url,"https://doi.org/10.13127/SD/FBBBTDTD6Q,",https://doi.org/10.13127/SD/FBBBTDTD6Q,"Net Project Partner Institutions: Mediterranean Very Broadband Seismographic Network (MedNet), Istituto Nazionale di Geoﬁsica e Vulcanologia (INGV) [data set], https://doi.org/10.13127/SD/FBBBTDTD6Q, 1990. Meier, U., Curtis, A., and Trampert, J.: Global crustal thick- ness from neural network inversion of surface wave data, Geophys. J. Int., 169, 706–722, h"
essd-15-2117-2023.pdf,pymupdf,page_text,20,url,"https://doi.org/10.1111/j.1365-246X.2007.03373.x,",https://doi.org/10.1111/j.1365-246X.2007.03373.x,", 1990. Meier, U., Curtis, A., and Trampert, J.: Global crustal thick- ness from neural network inversion of surface wave data, Geophys. J. Int., 169, 706–722, https://doi.org/10.1111/j.1365-246X.2007.03373.x, 2007. Michailos, K.: rfmpy (rfmpy-v0.0.1-alpha), Zenodo [code], https://doi.org/10.5281/zenodo.7937575, 2023. Michailos, K., Smith, E. G. C., Chamberlain, C. J"
essd-15-2117-2023.pdf,pymupdf,page_text,20,url,"https://doi.org/10.5281/zenodo.7937575,",https://doi.org/10.5281/zenodo.7937575,"ce wave data, Geophys. J. Int., 169, 706–722, https://doi.org/10.1111/j.1365-246X.2007.03373.x, 2007. Michailos, K.: rfmpy (rfmpy-v0.0.1-alpha), Zenodo [code], https://doi.org/10.5281/zenodo.7937575, 2023. Michailos, K., Smith, E. G. C., Chamberlain, C. J., Savage, M. K., and Townend, J.: Variations in seismogenic thickness along the central Alpine Fault, N"
essd-15-2117-2023.pdf,pymupdf,page_text,20,url,"https://doi.org/10.1029/2018GC007743,",https://doi.org/10.1029/2018GC007743,"eismogenic thickness along the central Alpine Fault, New Zealand, revealed by a decade’s relo- cated microseismicity, Geochem. Geophys. Geosyst., 20, 470– 486, https://doi.org/10.1029/2018GC007743, 2019. Earth Syst. Sci. Data, 15, 2117–2138, 2023 https://doi.org/10.5194/essd-15-2117-2023"
essd-15-2117-2023.pdf,pymupdf,page_text,21,url,"https://doi.org/10.3389/feart.2021.742700,",https://doi.org/10.3389/feart.2021.742700,"G.: Spatio-Temporal Evolution of Intermediate-Depth Seismicity Beneath the Hi- malayas: Implications for Metamorphism and Tectonics, Front. Earth Sci., 9, 859, https://doi.org/10.3389/feart.2021.742700, 2021. Michailos, K., Hetényi, G., Scarponi, M., Stipˇcevi´c, J., Bianchi, I., Bonatto, L., Czuba, W., Di Bona, M., Govoni, A., Hanne- mann, K., Janik, T., Kalm"
essd-15-2117-2023.pdf,pymupdf,page_text,21,url,"https://doi.org/10.5281/zenodo.7695125,",https://doi.org/10.5281/zenodo.7695125,"iromallo, C., Plomerová, J., Rewers, J., Salimbeni, S., Tilmann, F., ´Sroda, P., and Vergne, J.: European Alps Receiver Function Database, Zen- odo [data set], https://doi.org/10.5281/zenodo.7695125, 2023. Mohoroviˇci´c, A.: Potres od 8.X.1909, Godišnje izvješ´ce Zagre- baˇckog meteorološkog opservatorija za godinu 1909, 9/4, 1–56, 1910. Molinari, I. and Mo"
essd-15-2117-2023.pdf,pymupdf,page_text,21,url,"https://doi.org/10.1111/j.1365-246X.2011.04940.x,",https://doi.org/10.1111/j.1365-246X.2011.04940.x,"orija za godinu 1909, 9/4, 1–56, 1910. Molinari, I. and Morelli, A.: EPcrust: A reference crustal model for the European Plate, Geophys. J. Int., 185, 352–364, https://doi.org/10.1111/j.1365-246X.2011.04940.x, 2011. Molinari, I., Obermann, A., Kissling, E., Hetényi, G., and Boschi, L.: 3D crustal structure of the Eastern Alpine region from am- bient noise tomography,"
essd-15-2117-2023.pdf,pymupdf,page_text,21,url,"https://doi.org/10.1016/j.ringps.2020.100006,",https://doi.org/10.1016/j.ringps.2020.100006,", Hetényi, G., and Boschi, L.: 3D crustal structure of the Eastern Alpine region from am- bient noise tomography, Results in Geophysical Sciences, 1–4, 100006, https://doi.org/10.1016/j.ringps.2020.100006, 2020. Monna, S., Montuori, C., Frugoni, F., Piromallo, C., and Vinnik, L.: Moho and LAB across the Western Alps (Europe) from P and S receiver function analysi"
essd-15-2117-2023.pdf,pymupdf,page_text,21,url,"https://doi.org/10.1029/2022jb025141,",https://doi.org/10.1029/2022jb025141,"allo, C., and Vinnik, L.: Moho and LAB across the Western Alps (Europe) from P and S receiver function analysis, J. Geophys. Res.-Sol. Ea., 127, e2022JB025141, https://doi.org/10.1029/2022jb025141, 2022. Mooney, W. D., Laske, G., and Masters, T. G.: CRUST 5.1: A global crustal model at 5◦× 5◦, J. Geophys. Res.-Sol. Ea., 103, 727– 747, https://doi.org/10.1"
essd-15-2117-2023.pdf,pymupdf,page_text,21,url,"https://doi.org/10.1029/97jb02122,",https://doi.org/10.1029/97jb02122,"0.1029/2022jb025141, 2022. Mooney, W. D., Laske, G., and Masters, T. G.: CRUST 5.1: A global crustal model at 5◦× 5◦, J. Geophys. Res.-Sol. Ea., 103, 727– 747, https://doi.org/10.1029/97jb02122, 1998. Mroczek, S. and Tilmann, F.: Joint ambient noise autocorrelation and receiver function analysis of the Moho, Geophys. J. Int., 225, 1920–1934, https://do"
essd-15-2117-2023.pdf,pymupdf,page_text,21,url,"https://doi.org/10.1093/gji/ggab065,",https://doi.org/10.1093/gji/ggab065,"97jb02122, 1998. Mroczek, S. and Tilmann, F.: Joint ambient noise autocorrelation and receiver function analysis of the Moho, Geophys. J. Int., 225, 1920–1934, https://doi.org/10.1093/gji/ggab065, 2021. Mroczek, S., Tilmann, F., Pleuger, J., Yuan, X., and Heit, B.: Investigating the Eastern Alpine–Dinaric transition with teleseismic receiver functions: E"
essd-15-2117-2023.pdf,pymupdf,page_text,21,url,"https://doi.org/10.1016/j.epsl.2023.118096,",https://doi.org/10.1016/j.epsl.2023.118096,"ating the Eastern Alpine–Dinaric transition with teleseismic receiver functions: Evidence for sub- ducted European crust, Earth Planet. Sc. Lett., 609, 118096, https://doi.org/10.1016/j.epsl.2023.118096, 2023. Nouibat, A., Stehly, L., Paul, A., Schwartz, S., Bodin, T., Du- mont, T., Rolland, Y., and Brossier, R.: Lithospheric transdimen- sional ambient-noise to"
essd-15-2117-2023.pdf,pymupdf,page_text,21,url,"https://doi.org/10.1093/gji/ggab520,",https://doi.org/10.1093/gji/ggab520,": Lithospheric transdimen- sional ambient-noise tomography of W-Europe: implications for crustal-scale geometry of the W-Alps, Geophys. J. Int., 229, 862– 879, https://doi.org/10.1093/gji/ggab520, 2022. OGS (Istituto Nazionale di Oceanograﬁa e di Geoﬁsica Sperimen- tale) and University of Trieste: North-East Italy Broadband Net- work, International Feder"
essd-15-2117-2023.pdf,pymupdf,page_text,21,url,"https://doi.org/10.5194/se-12-2671-2021,",https://doi.org/10.5194/se-12-2671-2021,"structure and geometry of slabs in the greater Alpine area – a P- wave travel-time tomography using AlpArray Seismic Network data, Solid Earth, 12, 2671–2702, https://doi.org/10.5194/se-12-2671-2021, 2021. Park, J. and Levin, V.: Receiver functions from multiple-taper spec- tral correlation Estimates, B. Seismol. Soc. Am., 90, 1507–1520, https://doi.org/10."
essd-15-2117-2023.pdf,pymupdf,page_text,21,url,"https://doi.org/10.1785/0119990122,",https://doi.org/10.1785/0119990122,"94/se-12-2671-2021, 2021. Park, J. and Levin, V.: Receiver functions from multiple-taper spec- tral correlation Estimates, B. Seismol. Soc. Am., 90, 1507–1520, https://doi.org/10.1785/0119990122, 2000. Pﬁffner, O., Lehner, P., Heitzmann, P., Mueller, S., and Steck, A.: Deep structure of the Swiss Alps, Birkhäuser, Basel, 380 pp., 1997. RESIF: RESIF-RLBP"
essd-15-2117-2023.pdf,pymupdf,page_text,21,url,"https://doi.org/10.1046/j.1365-246X.2000.00077.x,",https://doi.org/10.1046/j.1365-246X.2000.00077.x,"té Géologique de France, Paris, 309–322, 1990. Ryberg, T. and Weber, M.: Receiver function arrays: a re- ﬂection seismic approach, Geophys. J. Int., 141, 1–11, https://doi.org/10.1046/j.1365-246X.2000.00077.x, 2000. Sadeghi-Bagherabadi, A., Vuan, A., Aoudia, A., and Parolai, S.: High-Resolution Crustal S-wave Velocity Model and Moho Ge- ometry Beneath the Southeaster"
essd-15-2117-2023.pdf,pymupdf,page_text,21,url,"https://doi.org/10.3389/feart.2021.641113,",https://doi.org/10.3389/feart.2021.641113,"lution Crustal S-wave Velocity Model and Moho Ge- ometry Beneath the Southeastern Alps: New Insights From the SWATH-D Experiment, Front. Earth Sci., 9, 641113, https://doi.org/10.3389/feart.2021.641113, 2021. Savage, M. K., Park, J., and Todd, H.: Velocity and anisotropy structure at the Hikurangi subduction margin, New Zealand from receiver functions, Geophys"
essd-15-2117-2023.pdf,pymupdf,page_text,21,url,"https://doi.org/10.1111/j.1365-246X.2006.03086.x,",https://doi.org/10.1111/j.1365-246X.2006.03086.x,"J., and Todd, H.: Velocity and anisotropy structure at the Hikurangi subduction margin, New Zealand from receiver functions, Geophys. J. Int., 168, 1034–1050, https://doi.org/10.1111/j.1365-246X.2006.03086.x, 2007. Scarponi, M., Hetényi, G., Plomerová, J., Solarino, S., Baron, L., and Petri, B.: Joint Seismic and Gravity Data Inversion to Image Intra-Crustal Structu"
essd-15-2117-2023.pdf,pymupdf,page_text,21,url,"https://doi.org/10.3389/feart.2021.671412,",https://doi.org/10.3389/feart.2021.671412,"ravity Data Inversion to Image Intra-Crustal Structures: The Ivrea Geophysical Body Along the Val Sesia Proﬁle (Piedmont, Italy), Front. Earth Sci., 9, 671412, https://doi.org/10.3389/feart.2021.671412, 2021. Schmid, S. M., Fügenschuh, B., Kissling, E., and Schus- ter, R.: Tectonic map and overall architecture of the Alpine orogen, Eclogae Geologicae Helvetiae"
essd-15-2117-2023.pdf,pymupdf,page_text,21,url,"https://doi.org/10.1007/s00015-004-1113-x,",https://doi.org/10.1007/s00015-004-1113-x,"S. M., Fügenschuh, B., Kissling, E., and Schus- ter, R.: Tectonic map and overall architecture of the Alpine orogen, Eclogae Geologicae Helvetiae, 97, 93–117, https://doi.org/10.1007/s00015-004-1113-x, 2004. Singer, J.: Tectonics of the Bhutan Himalaya: New Insights from Seismic Tomographic Images of the Lithosphere, PhD thesis, ETH Zurich, 2017. Slovenian En"
essd-15-2117-2023.pdf,pymupdf,page_text,21,url,"https://doi.org/10.1093/gji/ggt148,",https://doi.org/10.1093/gji/ggt148,"er, S.: Combining controlled-source seismology and receiver func- tion information to derive 3-D Moho topography for Italy, Geo- phys. J. Int., 194, 1050–1068, https://doi.org/10.1093/gji/ggt148, 2013. Swiss Seismological Service (SED) At ETH Zurich: National Seismic Networks of Switzerland, ETH Zürich. Other/Seismic Network [data set], https://doi.org/"
essd-15-2117-2023.pdf,pymupdf,page_text,21,url,"https://doi.org/10.1016/0031-9201(77)90008-5,",https://doi.org/10.1016/0031-9201(77)90008-5,"t], https://doi.org/10.12686/SED/NETWORKS/CH, 1983. Vinnik, L. P.: Detection of waves converted from P to SV in the mantle, Phys. Earth Planet. In., 15, 39–45, https://doi.org/10.1016/0031-9201(77)90008-5, 1977. Waldhauser, F., Kissling, E., Ansorge, J., and Mueller, S.: Three- dimensional interface modelling with two-dimensional seismic data: the Alpine crust-ma"
essd-15-2117-2023.pdf,pymupdf,page_text,21,url,"https://doi.org/10.1046/j.1365-246X.1998.00647.x,",https://doi.org/10.1046/j.1365-246X.1998.00647.x,"., and Mueller, S.: Three- dimensional interface modelling with two-dimensional seismic data: the Alpine crust-mantle boundary, Geophys. J. Int., 135, 264–278, https://doi.org/10.1046/j.1365-246X.1998.00647.x, 1998. Wessel, P., Luis, J. F., Uieda, L., Scharroo, R., Wobbe, F., Smith, W. H., and Tian, D.: The Generic Mapping Tools Version 6, Geochem. Geophys. Geosyst.,"
essd-15-2117-2023.pdf,pymupdf,page_text,21,url,"https://doi.org/10.1029/2019GC008515,",https://doi.org/10.1029/2019GC008515,"., Luis, J. F., Uieda, L., Scharroo, R., Wobbe, F., Smith, W. H., and Tian, D.: The Generic Mapping Tools Version 6, Geochem. Geophys. Geosyst., 20, 5556–5564, https://doi.org/10.1029/2019GC008515, 2019. Yuan, X., Ni, J., Kind, R., Mechie, J., and Sandvol, E.: Lithospheric and upper mantle structure of southern Tibet from a seismolog- https://doi.org/10.5"
essd-15-2117-2023.pdf,pymupdf,page_text,22,url,"https://doi.org/10.1029/97JB02379,",https://doi.org/10.1029/97JB02379,"2138 K. Michailos et al.: Moho depths beneath the European Alps ical passive source experiment, J. Geophys. Res.-Sol. Ea., 102, 27491–27500, https://doi.org/10.1029/97JB02379, 1997. ZAMG – Zentralanstalt für Meterologie und Geodynamik: Austrian Seismic Network, International Federation of Digital Seismo- graph Networks [data set], ht"
essd-15-2117-2023.pdf,pymupdf,page_text,22,url,"https://doi.org/10.1130/G36833.1,",https://doi.org/10.1130/G36833.1,"hwartz, S., Solarino, S., Malusà, M. G., and Salimbeni, S.: First seismic evidence for continen- tal subduction beneath the Western Alps, Geology, 43, 815–819, https://doi.org/10.1130/G36833.1, 2015. Zhao, L., Paul, A., and Solarino, S.: Seismic network YP: CIFALPS temporary experiment (China-Italy-France Alps seismic tran- sect), RESIF - Réseau Sismo"
essd-15-2117-2023.pdf,pymupdf,page_text,22,url,"https://doi.org/10.15778/RESIF.YP2012,",https://doi.org/10.15778/RESIF.YP2012,": Seismic network YP: CIFALPS temporary experiment (China-Italy-France Alps seismic tran- sect), RESIF - Réseau Sismologique et géodésique Français [data set], https://doi.org/10.15778/RESIF.YP2012, 2016. Zhu, L.: Crustal structure across the San Andreas Fault, southern California from teleseismic converted waves, Earth Planet. Sc. Lett., 179, 183–190, htt"
essd-15-2117-2023.pdf,pymupdf,page_text,22,url,"https://doi.org/10.1016/S0012-821X(00)00101-1,",https://doi.org/10.1016/S0012-821X(00)00101-1,"12, 2016. Zhu, L.: Crustal structure across the San Andreas Fault, southern California from teleseismic converted waves, Earth Planet. Sc. Lett., 179, 183–190, https://doi.org/10.1016/S0012-821X(00)00101-1, 2000. Earth Syst. Sci. Data, 15, 2117–2138, 2023 https://doi.org/10.5194/essd-15-2117-2023"
essd-15-2117-2023.pdf,grobid_tei,target,,url,https://github.com/kermitt2/grobid,https://github.com/kermitt2/grobid,
essd-15-2117-2023.pdf,grobid_tei,target,,url,https://doi.org/10.7914/SN/ZJ_2019)andareembargoedReferences,https://doi.org/10.7914/SN/ZJ_2019)andareembargoedReferences,
essd-15-2117-2023.pdf,grobid_tei,target,,url,https://doi.org/10.1016/S0012-821X,https://doi.org/10.1016/S0012-821X,
essd-15-2117-2023.pdf,grobid_tei,full_tei_text,,url,"https://doi.org/10.5194/essd-15-2117-2023https://doi.org/10.5194/essd-15-2117-2023EarthSyst.Sci.Data,",https://doi.org/10.5194/essd-15-2117-2023https://doi.org/10.5194/essd-15-2117-2023EarthSyst.Sci.Data,"7.6 km (median = 0.2 km) and -0.4 ± 6.4 km (median = -1.3 km) with those ofGrad and Tiira (2009). Earth Syst. Sci.Data, 15, 2117Data, 15, -2138Data, 15, , 2023 https://doi.org/10.5194/essd-15-2117-2023https://doi.org/10.5194/essd-15-2117-2023EarthSyst.Sci.Data, 15, 2117-2138, 2023 Figure A6. Maps showing the spatial distribution of the differences in Moho depth estimates between our estimates, the locations of which a"
essd-15-2117-2023.pdf,grobid_tei,full_tei_text,,url,https://doi.org/10.13127/SD/fBBBtDtd6q);OX(North-EastItalySeismicNetwork:,https://doi.org/10.13127/SD/fBBBtDtd6q);OX(North-EastItalySeismicNetwork,"0 di Geofisica e Vulcanologia, INGV, 2005, https://doi.org/10.13127/SD/X0FXNH7QFY), MN (the Mediterranean Network: MedNet Project Partner Insti- tutions, 1990, https://doi.org/10.13127/SD/fBBBtDtd6q);OX(North-EastItalySeismicNetwork: Istituto Nazionale di Oceanografia e di Geofisica Sperimentale -OGS 10.15778/RESIF.YP2012ternationalFederationofDigitalSeismograph Networks, 2022), SL (Seismic"
essd-15-2117-2023.pdf,grobid_tei,full_tei_text,,url,https://doi.org/10.7914/SN/ZJ_2019)andareembargoedReferencesAlpArray,https://doi.org/10.7914/SN/ZJ_2019)andareembargoedReferencesAlpArray,"(CIFALPS: Zhao et al., 2016, https://doi.org/10.15778/RESIF.YP2012).PACASEdataarearchivedatthe EIDA node at LMU with the network code ZJ (Hetényi et al., 2019, https://doi.org/10.7914/SN/ZJ_2019)andareembargoedReferencesAlpArray Seismic Network: Eastern Alpine Seismic Investigation (EASI) -AlpArray Complimentary Experiment, Al-pArray Working Group RVAllen 10.12686/ALPARRAY/XT_2014B.Sei"
essd-15-2117-2023.pdf,grobid_tei,full_tei_text,,doi,10.5194/essd-15-2117-2023Received:18November2022-Discussion,https://doi.org/10.5194/essd-15-2117-2023Received:18November2022-Discussion,a Switzerland Moho depths beneath the European Alps: a homogeneously processed map and receiver functions database 24 May 2023 8BF881F3014367C5EA6A29724DD961DE 10.5194/essd-15-2117-2023Received:18November2022-Discussion started: 29 November 2022 Revised: 17 April 2023 -Accepted: 21 April 2023 - GROBID - A machine learning software for extracting information from scholarly docu
essd-15-2117-2023.pdf,grobid_tei,full_tei_text,,doi,10.13127/SD/X0FXNH7QFYMN(theMediterraneanNetwork:MedNet,https://doi.org/10.13127/SD/X0FXNH7QFYMN(theMediterraneanNetwork:MedNet,"Copernicus Publications remains neutral with regard to jurisdictional claims in published maps and institutional affiliations. IngvDi Geofisica E Vulcanologia 10.13127/SD/X0FXNH7QFYMN(theMediterraneanNetwork:MedNet Project Partner Institutions 2005. 1990 di Geofisica e Vulcanologia, INGV, 2005, https://doi.org/10.13127/SD/X0FXNH7QFY), MN (the Mediterranean Network: MedNet"
essd-15-2117-2023.pdf,grobid_tei,full_tei_text,,doi,10.15778/RESIF.YP2012ternationalFederationofDigitalSeismograph,https://doi.org/10.15778/RESIF.YP2012ternationalFederationofDigitalSeismograph,"i- tutions, 1990, https://doi.org/10.13127/SD/fBBBtDtd6q);OX(North-EastItalySeismicNetwork: Istituto Nazionale di Oceanografia e di Geofisica Sperimentale -OGS 10.15778/RESIF.YP2012ternationalFederationofDigitalSeismograph Networks, 2022), SL (Seismic Network of the Republic of Slovenia: Slovenian Environment Agency Trentino Seismic Network: Geological Survey CIFALPS: Zhao et al"
essd-15-2117-2023.pdf,grobid_tei,full_tei_text,,doi,10.12686/ALPARRAY/XT_2014B.Seismol.Soc.Am68,https://doi.org/10.12686/ALPARRAY/XT_2014B.Seismol.Soc.Am68,"areembargoedReferencesAlpArray Seismic Network: Eastern Alpine Seismic Investigation (EASI) -AlpArray Complimentary Experiment, Al-pArray Working Group RVAllen 10.12686/ALPARRAY/XT_2014B.Seismol.Soc.Am68 1978. 2014. 2015 AlpArray Seismic Network: AlpArray Seismic Network (AASN) temporary component, AlpArray Working Group. data set Allen, R. V.: Automatic earthq"
essd-15-2117-2023.pdf,grobid_tei,full_tei_text,,doi,10.1016/j.tecto.2013.08.004EUNAseis:Aseismicmodelfor,https://doi.org/10.1016/j.tecto.2013.08.004EUNAseis:Aseismicmodelfor,"twork (AASN) temporary component, AlpArray Working Group. Other/Seismic Network [data set], https://doi.org/10.12686/alparray/z3_2015, 2015. IMArtemieva HThybo 10.1016/j.tecto.2013.08.004EUNAseis:Aseismicmodelfor Moho and crustal structure in Europe, Greenland, and the North Atlantic region 2013 609 Artemieva, I. M. and Thybo, H.: EUNAseis: A seismic model for Moho and"
essd-15-2117-2023.pdf,grobid_tei,full_tei_text,,doi,10.1016/j.tecto.2013.08.004Seismol.Res.Lett812010,https://doi.org/10.1016/j.tecto.2013.08.004Seismol.Res.Lett812010,"609, 97-153, https://doi.org/10.1016/j.tecto.2013.08.004, 2013. ObsPy: A Python Toolbox for Seismology MBeyreuther RBarsch LKrischer TMegies YBehr JWassermann 10.1016/j.tecto.2013.08.004Seismol.Res.Lett812010 Beyreuther, M., Barsch, R., Krischer, L., Megies, T., Behr, Y., and Wassermann, J.: ObsPy: A Python Tool- box for Seismology, Seismol. Res. Lett., 81, 530-533,"
essd-15-2117-2023.pdf,grobid_tei,full_tei_text,,doi,"10.1785/gssrl.81.3.530J.Geodynam822014Bianchi,",https://doi.org/10.1785/gssrl.81.3.530J.Geodynam822014Bianchi,"tt., 81, 530-533, https://doi.org/10.1785/gssrl.81.3.530, 2010. Seismic signature of the Alpine indentation, evidence from the Eastern Alps IBianchi GBokelmann 10.1785/gssrl.81.3.530J.Geodynam822014Bianchi, I. and Bokelmann, G.: Seismic signature of the Alpine in- dentation, evidence from the Eastern Alps, J. Geodynam., 82, 69-77, https://doi.org/10.1016/j.jog.201"
essd-15-2117-2023.pdf,grobid_tei,full_tei_text,,doi,"10.1016/j.jog.2014.07.005SolidEarth122021Bianchi,",https://doi.org/10.1016/j.jog.2014.07.005SolidEarth122021Bianchi,"/10.1016/j.jog.2014.07.005, 2014. Moho topography beneath the European Eastern Alps by globalphase seismic interferometry IBianchi ERuigrok AObermann EKissling 10.1016/j.jog.2014.07.005SolidEarth122021Bianchi, I., Ruigrok, E., Obermann, A., and Kissling, E.: Moho topography beneath the European Eastern Alps by global- phase seismic interferometry, Solid Earth, 12, 11"
essd-15-2117-2023.pdf,grobid_tei,full_tei_text,,doi,10.1785/BSSA0820031453B.Seismol.Soc.Am82,https://doi.org/10.1785/BSSA0820031453B.Seismol.Soc.Am82,"uropean Geotraverse, structure and dynamic evolution, Cambridge University Press, 1992. Numerical experiments in broadband receiver function analysis JFCassidy 10.1785/BSSA0820031453B.Seismol.Soc.Am82 1992 Cassidy, J. F.: Numerical experiments in broadband receiver function analysis, B. Seismol. Soc. Am., 82, 1453-1474, https://doi.org/10.1785/BSSA0820031453"
essd-15-2117-2023.pdf,grobid_tei,full_tei_text,,doi,10.1785/BSSA0820031453Seismol.Res.Lett892018,https://doi.org/10.1785/BSSA0820031453Seismol.Res.Lett892018,"rrscan: Repeating and Near-Repeating Earthquake Detection and Analysis in Python CJChamberlain CJHopp CMBoese EWarren-Smith DChambers SXChu KMichailos JTownend 10.1785/BSSA0820031453Seismol.Res.Lett892018 Chamberlain, C. J., Hopp, C. J., Boese, C. M., Warren-Smith, E., Chambers, D., Chu, S. X., Michailos, K., and Townend, J.: EQcorrscan: Repeating and Near-Repea"
essd-15-2117-2023.pdf,grobid_tei,full_tei_text,,doi,10.1785/0220170151ActaGeod.Geophys572022,https://doi.org/10.1785/0220170151ActaGeod.Geophys572022,"220170151, 2018. A new approach to construct 3-D crustal shear-wave velocity models: method description and application to the Central Alps LColavitti GHetényi 10.1785/0220170151ActaGeod.Geophys572022 Colavitti, L. and Hetényi, G.: A new approach to construct 3-D crustal shear-wave velocity models: method description and ap- plication to the Central Alps, Ac"
essd-15-2117-2023.pdf,grobid_tei,full_tei_text,,doi,10.5281/zenodo.55013992021.2001DepartmentofEarth,https://doi.org/10.5281/zenodo.55013992021.2001DepartmentofEarth,"tion to the Central Alps, Acta Geod. Geophys., 57, 529-562, https://doi.org/10.1007/s40328-022-00394-4, 2022. Scientific colour maps, Zenodo [data set FCrameri 10.5281/zenodo.55013992021.2001DepartmentofEarth and Environmental Sciences, Geophysical Observatory, University of Munchen: BayernNetz International Federation of Digital Seismograph Networks [data set Crame"
essd-15-2117-2023.pdf,grobid_tei,full_tei_text,,doi,10.7914/SN/BWGeophys.J.Int1762009,https://doi.org/10.7914/SN/BWGeophys.J.Int1762009,"i.org/10.7914/SN/BW, 2001. Consistent phase picking for regional tomography models: Application to the greater Alpine region TDiehl EKissling SHusen FAldersons 10.7914/SN/BWGeophys.J.Int1762009 Diehl, T., Kissling, E., Husen, S., and Aldersons, F.: Consis- tent phase picking for regional tomography models: Applica- tion to the greater Alpine region, G"
essd-15-2117-2023.pdf,grobid_tei,full_tei_text,,doi,10.25928/MBX6-HR74FederalInstituteforGeosciencesand,https://doi.org/10.25928/MBX6-HR74FederalInstituteforGeosciencesand,"imensional Moho topography in Italy: New constraints from receiver functions and controlled source seismology RDi Stefano IBianchi MGCiaccio GCarrara EKissling 10.25928/MBX6-HR74FederalInstituteforGeosciencesand Natural Resources BGR: German Regional Seismic Network (GRSN), BGR [data set Trento Trentino Seismic Network 2011. October 2022. 1976. 1981 12 Geochem. Geophys"
essd-15-2117-2023.pdf,grobid_tei,full_tei_text,,doi,10.7914/SN/STGeophys.J.Int1762009,https://doi.org/10.7914/SN/STGeophys.J.Int1762009,"International Federation of Digital Seismograph Networks [data set], https://doi.org/10.7914/SN/ST, 1981. The Moho depth map of the European Plate MGrad TTiira 10.7914/SN/STGeophys.J.Int1762009 Grad, M. and Tiira, T.: The Moho depth map of the European Plate, Geophys. J. Int., 176, 279-292, https://doi.org/10.1111/j.1365-246X.2008.03919.x, 2009. The U"
essd-15-2117-2023.pdf,grobid_tei,full_tei_text,,doi,10.1111/j.1365-246X.2008.03919.xGeophys.J.Int1171994,https://doi.org/10.1111/j.1365-246X.2008.03919.xGeophys.J.Int1171994,"j.1365-246X.2008.03919.x, 2009. The Use of Velocity Spectrum For Stacking Receiver Functions and Imaging Upper Mantle Discontinuities HGurrola JBMinster TOwens 10.1111/j.1365-246X.2008.03919.xGeophys.J.Int1171994 Gurrola, H., Minster, J. B., and Owens, T.: The Use of Veloc- ity Spectrum For Stacking Receiver Functions and Imaging Upper Mantle Discontinuities, Geophys. J"
essd-15-2117-2023.pdf,grobid_tei,full_tei_text,,doi,10.1111/j.1365-246X.1994.tb03942.xGeophys.J.Int1201995,https://doi.org/10.1111/j.1365-246X.1994.tb03942.xGeophys.J.Int1201995,"1/j.1365-246X.1994.tb03942.x, 1994. Simultaneous time-domain deconvolution with application to the computation of receiver functions HGurrola GEBaker JBMinster 10.1111/j.1365-246X.1994.tb03942.xGeophys.J.Int1201995 Gurrola, H., Baker, G. E., and Minster, J. B.: Simultaneous time-domain deconvolution with application to the computa- tion of receiver functions, Geophys. J."
essd-15-2117-2023.pdf,grobid_tei,full_tei_text,,doi,"10.1111/j.1365-246X.1995.tb01837.xEarth-Sci.Rev1022010Handy,",https://doi.org/10.1111/j.1365-246X.1995.tb01837.xEarth-Sci.Rev1022010Handy,"econstructions of Alpine Tethys with the geological-geophysical record of spreading and subduction in the Alps MRHandy MSchmid SBousquet RKissling EBernoulli D 10.1111/j.1365-246X.1995.tb01837.xEarth-Sci.Rev1022010Handy, M. R., M. Schmid, S., Bousquet, R., Kissling, E., and Bernoulli, D.: Reconciling plate-tectonic reconstructions of Alpine Tethys with the geological-geophysica"
essd-15-2117-2023.pdf,grobid_tei,full_tei_text,,doi,10.1016/j.earscirev.2010.06.002B.Seismol.Soc.Am96,https://doi.org/10.1016/j.earscirev.2010.06.002B.Seismol.Soc.Am96,"158, https://doi.org/10.1016/j.earscirev.2010.06.002, 2010. Extended-Time Multitaper Frequency Domain Cross-Correlation Receiver-Function Estimation GHelffrich 10.1016/j.earscirev.2010.06.002B.Seismol.Soc.Am96 2006 Helffrich, G.: Extended-Time Multitaper Frequency Domain Cross- Correlation Receiver-Function Estimation, B. Seismol. Soc. Am., 96, 344-347, https://doi.o"
essd-15-2117-2023.pdf,grobid_tei,full_tei_text,,doi,10.1016/j.tecto.2015.02.004CrustalstructureofthePannonian,https://doi.org/10.1016/j.tecto.2015.02.004CrustalstructureofthePannonian,"rism: From imaging to modelling, PhD thesis, École Normale Supérieure-Université Paris-Sud XI, 2007. GHetényi YRen BDando GWStuart EHegedűs ACKovács GAHouseman 10.1016/j.tecto.2015.02.004CrustalstructureofthePannonian Basin: The AlCaPa and Tisza Terrains and the Mid-Hungarian Zone 2015 646 Hetényi, G., Ren, Y., Dando, B., Stuart, G. W., Hegedűs, E., Kovács, A. C., and Housem"
essd-15-2117-2023.pdf,grobid_tei,full_tei_text,,doi,10.1016/j.tecto.2015.02.004TheAl-pArraySeismicNetwork:A,https://doi.org/10.1016/j.tecto.2015.02.004TheAl-pArraySeismicNetwork:A,"cciarelli APaul DPesaresi CPiromallo TPlenefisch JPlomerová JRitter GRümpker VŠipka DSpallarossa CThomas FTilmann JWassermann MWeber ZWéber VWesztergom MŽivčić 10.1016/j.tecto.2015.02.004TheAl-pArraySeismicNetwork:A Large-Scale European Experiment to Image the Alpine Orogen 2018 39 Hetényi, G., Molinari, I., Clinton, J., Bokelmann, G., Bondár, I., Crawford, W. C., Dessa, J"
essd-15-2117-2023.pdf,grobid_tei,full_tei_text,,doi,"10.1007/s10712-018-9472-42018b744Hetényi,",https://doi.org/10.1007/s10712-018-9472-42018b744Hetényi,"re of the Eastern Alps and Bohemian Massif along longitude 13.3 • E, Tectonophysics GHetényi JPlomerová IBianchi HKampfová Exnerová GBokelmann MRHandy VBabuška 10.1007/s10712-018-9472-42018b744Hetényi, G., Plomerová, J., Bianchi, I., Kampfová Exnerová, H., Bokelmann, G., Handy, M. R., and Babuška, V.: From moun- tain summits to roots: Crustal structure of the"
essd-15-2117-2023.pdf,grobid_tei,full_tei_text,,doi,10.1016/j.tecto.2018.07.0012019InternationalFederationofDigital,https://doi.org/10.1016/j.tecto.2018.07.0012019InternationalFederationofDigital,".001, 2018b. Pannonian-Carpathian-Alpine Seismic Experiment GHetényi JPlomerová MBielik GBokelmann KCsicsay WCzuba TMeier PŠroda ZWéber VWesztergom HŽlebčíková 10.1016/j.tecto.2018.07.0012019InternationalFederationofDigital Seismograph Networks [data set Hetényi, G., Plomerová, J., Bielik, M., Bokelmann, G., Csicsay, K., Czuba, W., Meier, T., Šroda, P., Wéber, Z., Wesztergom, V.,"
essd-15-2117-2023.pdf,grobid_tei,full_tei_text,,doi,10.1109/MCSE.2007.55InternationalFederationofDigitalSeismograph,https://doi.org/10.1109/MCSE.2007.55InternationalFederationofDigitalSeismograph,", International Federation of Digital Seismograph Networks [data set], https://doi.org/10.7914/SN/ZJ_2019, 2019. Matplotlib: A 2D Graphics Environment JDHunter 10.1109/MCSE.2007.55InternationalFederationofDigitalSeismograph Networks: SI: Province Südtirol, FDSN [data set 2007. October 2022 9 Hunter, J. D.: Matplotlib: A 2D Graphics Environ- ment, Computing in Science & Engineering"
essd-15-2117-2023.pdf,grobid_tei,full_tei_text,,doi,10.13127/SD/X0FXNH7QFYIstitutoNazionalediGeofisicae,https://doi.org/10.13127/SD/X0FXNH7QFYIstitutoNazionalediGeofisicae,"2007. International Federation of Digital Seismograph Networks: SI: Province Südtirol, FDSN [data set], https://www.fdsn.org/networks/detail/SI/, October 2022. 10.13127/SD/X0FXNH7QFYIstitutoNazionalediGeofisicae Vulcanologia, INGV: Rete Sismica Nazionale (RSN), INGV [data set 2005 Istituto Nazionale di Geofisica e Vulcanologia, INGV: Rete Sismica Nazionale (RSN), INGV"
essd-15-2117-2023.pdf,grobid_tei,full_tei_text,,doi,10.13127/SD/X0FXNH7QFYIstitutoNazionalediOceanografiae,https://doi.org/10.13127/SD/X0FXNH7QFYIstitutoNazionalediOceanografiae,"ata set 2005 Istituto Nazionale di Geofisica e Vulcanologia, INGV: Rete Sismica Nazionale (RSN), INGV [data set], https://doi.org/10.13127/SD/X0FXNH7QFY, 2005. 10.13127/SD/X0FXNH7QFYIstitutoNazionalediOceanografiae di Geofisica Sperimentale -OGS: North-East Italy Seismic Network, FDSN [data set 2016 Istituto Nazionale di Oceanografia e di Geofisica Sperimentale -OGS: Nort"
essd-15-2117-2023.pdf,grobid_tei,full_tei_text,,doi,10.7914/SN/OXJ.Geophys.Res.-Sol.Ea127,https://doi.org/10.7914/SN/OXJ.Geophys.Res.-Sol.Ea127,"of the Adriatic Indenter (European Alps) From Vp and Vp / Vs Local Earthquake Tomography AJozi Najafabadi CHaberland ELe Breton MRHandy VFVerwater BHeit MWeber 10.7914/SN/OXJ.Geophys.Res.-Sol.Ea127 2022 Jozi Najafabadi, A., Haberland, C., Le Breton, E., Handy, M. R., Verwater, V. F., Heit, B., and Weber, M.: Constraints on Crustal Structure in the Vicinit"
essd-15-2117-2023.pdf,grobid_tei,full_tei_text,,doi,"10.1029/2021jb023160J.Seismol232019Kalmár,",https://doi.org/10.1029/2021jb023160J.Seismol232019Kalmár,"rg/10.1029/2021jb023160, 2022. Moho depth analysis of the eastern Pannonian Basin and the Southern Carpathians from receiver functions DKalmár GHetényi IBondár 10.1029/2021jb023160J.Seismol232019Kalmár, D., Hetényi, G., and Bondár, I.: Moho depth anal- ysis of the eastern Pannonian Basin and the Southern Carpathians from receiver functions, J. Seismol., 23, 96"
essd-15-2117-2023.pdf,grobid_tei,full_tei_text,,doi,10.1007/s10950-019-09847-wJ.Geophys.Res.-Sol.Ea126,https://doi.org/10.1007/s10950-019-09847-wJ.Geophys.Res.-Sol.Ea126,"Thinning From Orogen to Back-Arc Basin: The Structure of the Pannonian Basin Region Revealed by P-to-S Converted Seismic Waves DKalmár GHetényi ABalázs IBondár 10.1007/s10950-019-09847-wJ.Geophys.Res.-Sol.Ea126 2021 Kalmár, D., Hetényi, G., Balázs, A., and Bondár, I.: Crustal Thinning From Orogen to Back-Arc Basin: The Structure of the Pannonian Basin Region Revealed"
essd-15-2117-2023.pdf,grobid_tei,full_tei_text,,doi,10.1029/2020JB021309Geophys.J.Int1051991,https://doi.org/10.1029/2020JB021309Geophys.J.Int1051991,"Res.-Sol. Ea., 126, 1-24, https://doi.org/10.1029/2020JB021309, 2021. Traveltimes for global earthquake location and phase identification BL NKennett EREngdahl 10.1029/2020JB021309Geophys.J.Int1051991 Kennett, B. L. N. and Engdahl, E. R.: Traveltimes for global earth- quake location and phase identification, Geophys. J. Int., 105, 429-465, https://doi.org/10"
essd-15-2117-2023.pdf,grobid_tei,full_tei_text,,doi,10.5194/se-12-2503-2021Mohoanduppermostmantlestructure,https://doi.org/10.5194/se-12-2503-2021Mohoanduppermostmantlestructure,"hys. J. Int., 105, 429-465, https://doi.org/10.1111/j.1365-246X.1991.tb06724.x, 1991. RKind SMSchmid XYuan BHeit TMeier Alparray-Swath-D WorkingAlparray Groups 10.5194/se-12-2503-2021Mohoanduppermostmantlestructure in the Alpine area from S-to-P converted waves 2021 12 Kind, R., Schmid, S. M., Yuan, X., Heit, B., Meier, T., and the AlpArray and AlpArray-SWATH-D Working Gr"
essd-15-2117-2023.pdf,grobid_tei,full_tei_text,,doi,"10.5194/se-12-2503-2021Science2831999Kosarev,",https://doi.org/10.5194/se-12-2503-2021Science2831999Kosarev,"/doi.org/10.5194/se-12-2503-2021, 2021. Seismic Evidence for a Detached Indian Lithospheric Mantle Beneath Tibet GKosarev RKind SVSobolev XYuan WHanka SOreshin 10.5194/se-12-2503-2021Science2831999Kosarev, G., Kind, R., Sobolev, S. V., Yuan, X., Hanka, W., and Oreshin, S.: Seismic Evidence for a Detached Indian Lithospheric Mantle Beneath Tibet, Science, 283, 130"
essd-15-2117-2023.pdf,grobid_tei,full_tei_text,,doi,10.1126/science.283.5406.1306ComputationalScienceandDiscovery8,https://doi.org/10.1126/science.283.5406.1306ComputationalScienceandDiscovery8,"nce.283.5406.1306, 1999. ObsPy: A bridge for seismology into the scientific Python ecosystem LKrischer TMegies RBarsch MBeyreuther TLecocq CCaudron JWassermann 10.1126/science.283.5406.1306ComputationalScienceandDiscovery8 2015 Krischer, L., Megies, T., Barsch, R., Beyreuther, M., Lecocq, T., Caudron, C., and Wassermann, J.: ObsPy: A bridge for seis- mology into the scientific Py"
essd-15-2117-2023.pdf,grobid_tei,full_tei_text,,doi,10.1088/1749-4699/8/1/014003EarthPlanet.Sc.Lett225,https://doi.org/10.1088/1749-4699/8/1/014003EarthPlanet.Sc.Lett225,"1/014003, 2015. A natural and controlled source seismic profile through the Eastern Alps: TRANSALP JKummerow RKind OOncken PGiese TRyberg KWylegalla FScherbaum 10.1088/1749-4699/8/1/014003EarthPlanet.Sc.Lett225 2004 Kummerow, J., Kind, R., Oncken, O., Giese, P., Ryberg, T., Wylegalla, K., and Scherbaum, F.: A natural and controlled source seismic profile through the E"
essd-15-2117-2023.pdf,grobid_tei,full_tei_text,,doi,10.1016/j.epsl.2004.05.040B.Seismol.Soc.Am67,https://doi.org/10.1016/j.epsl.2004.05.040B.Seismol.Soc.Am67,"129, https://doi.org/10.1016/j.epsl.2004.05.040, 2004. Corvallis, Oregon, crustal and upper mantle receiver structure from teleseismic P and S waves CALangston 10.1016/j.epsl.2004.05.040B.Seismol.Soc.Am67 1977 Langston, C. A.: Corvallis, Oregon, crustal and upper mantle re- ceiver structure from teleseismic P and S waves, B. Seismol. Soc. Am., 67, 713-724, https"
essd-15-2117-2023.pdf,grobid_tei,full_tei_text,,doi,10.1111/j.1365-246X.1997.tb01220.xGeophys.J.Int1311997,https://doi.org/10.1111/j.1365-246X.1997.tb01220.xGeophys.J.Int1311997,"na, Austria, EGU2013-2658, Geophys. Res. Abstr., 15, 2658, 2013. P-SH conversions in a flat-layered medium with anisotropy of arbitary orientation VLevin JPark 10.1111/j.1365-246X.1997.tb01220.xGeophys.J.Int1311997 Levin, V. and Park, J.: P-SH conversions in a flat-layered medium with anisotropy of arbitary orientation, Geophys. J. Int., 131, 253-266, https://doi.org/10.1"
essd-15-2117-2023.pdf,grobid_tei,full_tei_text,,doi,10.1785/BSSA0890051395B.Seismol.Soc.Am89,https://doi.org/10.1785/BSSA0890051395B.Seismol.Soc.Am89,"s. J. Int., 131, 253-266, https://doi.org/10.1111/j.1365-246X.1997.tb01220.x, 1997. Iterative deconvolution and receiver-function estimation JPLigorría CJAmmon 10.1785/BSSA0890051395B.Seismol.Soc.Am89 1999 Ligorría, J. P. and Ammon, C. J.: Iterative deconvolution and receiver-function estimation, B. Seismol. Soc. Am., 89, 1395- 1400, https://doi.org/10.1785/"
essd-15-2117-2023.pdf,grobid_tei,full_tei_text,,doi,10.1785/BSSA0890051395Geophys.J.Int1732008,https://doi.org/10.1785/BSSA0890051395Geophys.J.Int1732008,"org/10.1785/BSSA0890051395, 1999. Moho depth and Poisson's ratio in the Western-Central Alps from receiver functions DLombardi JBraunmiller EKissling DGiardini 10.1785/BSSA0890051395Geophys.J.Int1732008 Lombardi, D., Braunmiller, J., Kissling, E., and Giardini, D.: Moho depth and Poisson's ratio in the Western-Central Alps from receiver functions, Geophys. J."
essd-15-2117-2023.pdf,grobid_tei,full_tei_text,,doi,10.1111/j.1365-246X.2007.03706.xGeophys.J.Int2222020,https://doi.org/10.1111/j.1365-246X.2007.03706.xGeophys.J.Int2222020,"249-264, https://doi.org/10.1111/j.1365-246X.2007.03706.x, 2008. Imaging Alpine crust using ambient noise wave-equation tomography YLu LStehly RBrossier APaul 10.1111/j.1365-246X.2007.03706.xGeophys.J.Int2222020 Lu, Y., Stehly, L., Brossier, R., and Paul, A.: Imaging Alpine crust using ambient noise wave-equation tomography, Geophys. J. Int., 222, 69-85, https://doi.or"
essd-15-2117-2023.pdf,grobid_tei,full_tei_text,,doi,10.1093/gji/ggaa145MedNetProjectPartnerInstitutions:Mediterranean,https://doi.org/10.1093/gji/ggaa145MedNetProjectPartnerInstitutions:Mediterranean,", R., and Paul, A.: Imaging Alpine crust using ambient noise wave-equation tomography, Geophys. J. Int., 222, 69-85, https://doi.org/10.1093/gji/ggaa145, 2020. 10.1093/gji/ggaa145MedNetProjectPartnerInstitutions:Mediterranean Very Broadband Seismographic Network (MedNet), Istituto Nazionale di Geofisica e Vulcanologia (INGV) [data set 1990 MedNet Project Partner Institutions: Medite"
essd-15-2117-2023.pdf,grobid_tei,full_tei_text,,doi,10.13127/SD/FBBBTDTD6QGeophys.J.Int1692007,https://doi.org/10.13127/SD/FBBBTDTD6QGeophys.J.Int1692007,"[data set], https://doi.org/10.13127/SD/FBBBTDTD6Q, 1990. Global crustal thickness from neural network inversion of surface wave data UMeier ACurtis JTrampert 10.13127/SD/FBBBTDTD6QGeophys.J.Int1692007 Meier, U., Curtis, A., and Trampert, J.: Global crustal thick- ness from neural network inversion of surface wave data, Geophys. J. Int., 169, 706-722, https:/"
essd-15-2117-2023.pdf,grobid_tei,full_tei_text,,doi,10.1111/j.1365-246X.2007.03373.xrfmpy(rfmpy-v0.0.1-alpha)2023Zenodo,https://doi.org/10.1111/j.1365-246X.2007.03373.xrfmpy(rfmpy-v0.0.1-alpha)2023Zenodo,"ck- ness from neural network inversion of surface wave data, Geophys. J. Int., 169, 706-722, https://doi.org/10.1111/j.1365-246X.2007.03373.x, 2007. KMichailos 10.1111/j.1365-246X.2007.03373.xrfmpy(rfmpy-v0.0.1-alpha)2023Zenodo [code Michailos, K.: rfmpy (rfmpy-v0.0.1-alpha), Zenodo [code], https://doi.org/10.5281/zenodo.7937575, 2023. Variations in seismogenic thickness along the cen"
essd-15-2117-2023.pdf,grobid_tei,full_tei_text,,doi,10.5281/zenodo.7937575Geochem.Geophys.Geosyst202019,https://doi.org/10.5281/zenodo.7937575Geochem.Geophys.Geosyst202019,"ic thickness along the central Alpine Fault, New Zealand, revealed by a decade's relocated microseismicity KMichailos EG CSmith CJChamberlain MKSavage JTownend 10.5281/zenodo.7937575Geochem.Geophys.Geosyst202019 Michailos, K., Smith, E. G. C., Chamberlain, C. J., Savage, M. K., and Townend, J.: Variations in seismogenic thickness along the central Alpine Fault, New Zea"
essd-15-2117-2023.pdf,grobid_tei,full_tei_text,,doi,10.3389/feart.2021.742700Front.EarthSci9859,https://doi.org/10.3389/feart.2021.742700Front.EarthSci9859,". Spatio-Temporal Evolution of Intermediate-Depth Seismicity Beneath the Himalayas: Implications for Metamorphism and Tectonics KMichailos NSCarpenter GHetényi 10.3389/feart.2021.742700Front.EarthSci9859 2021 Michailos, K., Carpenter, N. S., and Hetényi, G.: Spatio-Temporal Evolution of Intermediate-Depth Seismicity Beneath the Hi- malayas: Implications for Met"
essd-15-2117-2023.pdf,grobid_tei,full_tei_text,,doi,"10.5281/zenodo.7695125EuropeanAlpsReceiverFunctionDatabase,",https://doi.org/10.5281/zenodo.7695125EuropeanAlpsReceiverFunctionDatabase,"i Bona AGovoni KHannemann TJanik DKalmár RKind FLink FPLucente SMonna CMontuori SMroczek APaul CPiromallo JPlomerová JRewers SSalimbeni FTilmann PŚroda JVergne 10.5281/zenodo.7695125EuropeanAlpsReceiverFunctionDatabase, Zenodo 2023 data set Michailos, K., Hetényi, G., Scarponi, M., Stipčević, J., Bianchi, I., Bonatto, L., Czuba, W., Di Bona, M., Govoni, A., Hanne- mann, K., Ja"
essd-15-2117-2023.pdf,grobid_tei,full_tei_text,,doi,"10.5281/zenodo.7695125Potresod8.X.1909,",https://doi.org/10.5281/zenodo.7695125Potresod8.X.1909,"lmann, F., Środa, P., and Vergne, J.: European Alps Receiver Function Database, Zen- odo [data set], https://doi.org/10.5281/zenodo.7695125, 2023. AMohorovičić 10.5281/zenodo.7695125Potresod8.X.1909, Godišnje izvješće Zagrebačkog meteorološkog opservatorija za godinu 1909 1910 9 Mohorovičić, A.: Potres od 8.X.1909, Godišnje izvješće Zagre- bačkog meteorološ"
essd-15-2117-2023.pdf,grobid_tei,full_tei_text,,doi,10.1111/j.1365-246X.2011.04940.xGeophys.J.Int1852011,https://doi.org/10.1111/j.1365-246X.2011.04940.xGeophys.J.Int1852011,"zvješće Zagre- bačkog meteorološkog opservatorija za godinu 1909, 9/4, 1-56, 1910. EPcrust: A reference crustal model for the European Plate IMolinari AMorelli 10.1111/j.1365-246X.2011.04940.xGeophys.J.Int1852011 Molinari, I. and Morelli, A.: EPcrust: A reference crustal model for the European Plate, Geophys. J. Int., 185, 352-364, https://doi.org/10.1111/j.1365-246X.20"
essd-15-2117-2023.pdf,grobid_tei,full_tei_text,,doi,10.1111/j.1365-246X.2011.04940.xResultsinGeophysicalSciences2020,https://doi.org/10.1111/j.1365-246X.2011.04940.xResultsinGeophysicalSciences2020,"/j.1365-246X.2011.04940.x, 2011. 3D crustal structure of the Eastern Alpine region from ambient noise tomography IMolinari AObermann EKissling GHetényi LBoschi 10.1111/j.1365-246X.2011.04940.xResultsinGeophysicalSciences2020 Molinari, I., Obermann, A., Kissling, E., Hetényi, G., and Boschi, L.: 3D crustal structure of the Eastern Alpine region from am- bient noise tomography, Resul"
essd-15-2117-2023.pdf,grobid_tei,full_tei_text,,doi,10.1016/j.ringps.2020.100006J.Geophys.Res.-Sol.Ea127,https://doi.org/10.1016/j.ringps.2020.100006J.Geophys.Res.-Sol.Ea127,"/j.ringps.2020.100006, 2020. Moho and LAB across the Western Alps (Europe) from P and S receiver function analysis SMonna CMontuori FFrugoni CPiromallo LVinnik 10.1016/j.ringps.2020.100006J.Geophys.Res.-Sol.Ea127 2022JB025141. 2022 Monna, S., Montuori, C., Frugoni, F., Piromallo, C., and Vinnik, L.: Moho and LAB across the Western Alps (Europe) from P and S receiver fun"
essd-15-2117-2023.pdf,grobid_tei,full_tei_text,,doi,10.1029/2022jb025141J.Geophys.Res.-Sol.Ea103,https://doi.org/10.1029/2022jb025141J.Geophys.Res.-Sol.Ea103,"Geophys. Res.-Sol. Ea., 127, e2022JB025141, https://doi.org/10.1029/2022jb025141, 2022. CRUST 5.1: A global crustal model at 5 • × 5 WDMooney GLaske TGMasters 10.1029/2022jb025141J.Geophys.Res.-Sol.Ea103 1998 Mooney, W. D., Laske, G., and Masters, T. G.: CRUST 5.1: A global crustal model at 5 • × 5 • , J. Geophys. Res.-Sol. Ea., 103, 727- 747, https://doi.org/1"
essd-15-2117-2023.pdf,grobid_tei,full_tei_text,,doi,10.1029/97jb02122Geophys.J.Int2252021,https://doi.org/10.1029/97jb02122Geophys.J.Int2252021,". Ea., 103, 727- 747, https://doi.org/10.1029/97jb02122, 1998. Joint ambient noise autocorrelation and receiver function analysis of the Moho SMroczek FTilmann 10.1029/97jb02122Geophys.J.Int2252021 Mroczek, S. and Tilmann, F.: Joint ambient noise autocorrelation and receiver function analysis of the Moho, Geophys. J. Int., 225, 1920-1934, https://doi.org/"
essd-15-2117-2023.pdf,grobid_tei,full_tei_text,,doi,10.1093/gji/ggab065EarthPlanet.Sc.Lett609,https://doi.org/10.1093/gji/ggab065EarthPlanet.Sc.Lett609,"igating the Eastern Alpine-Dinaric transition with teleseismic receiver functions: Evidence for subducted European crust SMroczek FTilmann JPleuger XYuan BHeit 10.1093/gji/ggab065EarthPlanet.Sc.Lett609 118096 2023 Mroczek, S., Tilmann, F., Pleuger, J., Yuan, X., and Heit, B.: Investigating the Eastern Alpine-Dinaric transition with teleseismic receiver functi"
essd-15-2117-2023.pdf,grobid_tei,full_tei_text,,doi,10.1016/j.epsl.2023.118096Geophys.J.Int2292022,https://doi.org/10.1016/j.epsl.2023.118096Geophys.J.Int2292022,"ambient-noise tomography of W-Europe: implications for crustal-scale geometry of the W-Alps ANouibat LStehly APaul SSchwartz TBodin TDumont YRolland RBrossier 10.1016/j.epsl.2023.118096Geophys.J.Int2292022 Nouibat, A., Stehly, L., Paul, A., Schwartz, S., Bodin, T., Du- mont, T., Rolland, Y., and Brossier, R.: Lithospheric transdimen- sional ambient-noise tomograp"
essd-15-2117-2023.pdf,grobid_tei,full_tei_text,,doi,10.1093/gji/ggab5202002GeofisicaSperimentale)andUniversity,https://doi.org/10.1093/gji/ggab5202002GeofisicaSperimentale)andUniversity,"tomography of W-Europe: implications for crustal-scale geometry of the W-Alps, Geophys. J. Int., 229, 862- 879, https://doi.org/10.1093/gji/ggab520, 2022. Ogs 10.1093/gji/ggab5202002GeofisicaSperimentale)andUniversity of Trieste: North-East Italy Broadband Network Istituto Nazionale di Oceanografia e di. International Federation of Digital Seismograph Networks [data set OGS"
essd-15-2117-2023.pdf,grobid_tei,full_tei_text,,doi,"10.7914/SN/NISolidEarth122021Paffrath,",https://doi.org/10.7914/SN/NISolidEarth122021Paffrath,"r Alpine area -a Pwave travel-time tomography using AlpArray Seismic Network data MPaffrath WFriederich SMSchmid MRHandy Alparray-Swath D WorkingAlparray Group 10.7914/SN/NISolidEarth122021Paffrath, M., Friederich, W., Schmid, S. M., Handy, M. R., and the AlpArray and AlpArray-Swath D Working Group: Imaging structure and geometry of slabs in the greater Al"
essd-15-2117-2023.pdf,grobid_tei,full_tei_text,,doi,10.5194/se-12-2671-2021B.Seismol.Soc.Am90,https://doi.org/10.5194/se-12-2671-2021B.Seismol.Soc.Am90,", Solid Earth, 12, 2671-2702, https://doi.org/10.5194/se-12-2671-2021, 2021. Receiver functions from multiple-taper spectral correlation Estimates JPark VLevin 10.5194/se-12-2671-2021B.Seismol.Soc.Am90 2000 Park, J. and Levin, V.: Receiver functions from multiple-taper spec- tral correlation Estimates, B. Seismol. Soc. Am., 90, 1507-1520, https://doi.org/10.1"
essd-15-2117-2023.pdf,grobid_tei,full_tei_text,,doi,10.1785/0119990122DeepstructureoftheSwiss,https://doi.org/10.1785/0119990122DeepstructureoftheSwiss,"otion network and other seismic stations in metropolitan France, RESIF -Réseau Sismologique et géodésique Français OPfiffner PLehner PHeitzmann SMueller ASteck 10.1785/0119990122DeepstructureoftheSwiss Alps, Birkhäuser Basel 1997. 1995 380 data set Pfiffner, O., Lehner, P., Heitzmann, P., Mueller, S., and Steck, A.: Deep structure of the Swiss Alps, Birkhäuse"
essd-15-2117-2023.pdf,grobid_tei,full_tei_text,,doi,"10.15778/RESIF.FRRoure,",https://doi.org/10.15778/RESIF.FRRoure,"IF.FR, 1995. Early Neogene deformation beneath the Po plain: constraints on the post-collisional Alpine evolution FRoure RPolino RNicolich FHeitzmann PPolino R 10.15778/RESIF.FRRoure, 1990 Mémoires, Société Géologique de France Paris Roure, F., Polino, R., and Nicolich, R.: Early Neogene deformation beneath the Po plain: constraints on the p"
essd-15-2117-2023.pdf,grobid_tei,full_tei_text,,doi,10.1046/j.1365-246X.2000.00077.xGeophys.J.Int1412000,https://doi.org/10.1046/j.1365-246X.2000.00077.xGeophys.J.Int1412000,"zmann, P., and Polino, R., Mémoires, Société Géologique de France, Paris, 309-322, 1990. Receiver function arrays: a reflection seismic approach TRyberg MWeber 10.1046/j.1365-246X.2000.00077.xGeophys.J.Int1412000 Ryberg, T. and Weber, M.: Receiver function arrays: a re- flection seismic approach, Geophys. J. Int., 141, 1-11, https://doi.org/10.1046/j.1365-246X.2000.0007"
essd-15-2117-2023.pdf,grobid_tei,full_tei_text,,doi,10.1046/j.1365-246X.2000.00077.xHigh-ResolutionCrustalS-waveVelocityModel,https://doi.org/10.1046/j.1365-246X.2000.00077.xHigh-ResolutionCrustalS-waveVelocityModel,"re- flection seismic approach, Geophys. J. Int., 141, 1-11, https://doi.org/10.1046/j.1365-246X.2000.00077.x, 2000. ASadeghi-Bagherabadi AVuan AAoudia SParolai 10.1046/j.1365-246X.2000.00077.xHigh-ResolutionCrustalS-waveVelocityModel and Moho Geometry Beneath the Southeastern Alps: New Insights From the SWATH-D Experiment 2021 9 641113 Sadeghi-Bagherabadi, A., Vuan, A., Aoudia, A., and Paro"
essd-15-2117-2023.pdf,grobid_tei,full_tei_text,,doi,10.3389/feart.2021.641113Geophys.J.Int1682007,https://doi.org/10.3389/feart.2021.641113Geophys.J.Int1682007,"10.3389/feart.2021.641113, 2021. Velocity and anisotropy structure at the Hikurangi subduction margin, New Zealand from receiver functions MKSavage JPark HTodd 10.3389/feart.2021.641113Geophys.J.Int1682007 Savage, M. K., Park, J., and Todd, H.: Velocity and anisotropy structure at the Hikurangi subduction margin, New Zealand from receiver functions, Geophys. J. I"
essd-15-2117-2023.pdf,grobid_tei,full_tei_text,,doi,10.1111/j.1365-246X.2006.03086.xFront.EarthSci9671412,https://doi.org/10.1111/j.1365-246X.2006.03086.xFront.EarthSci9671412,"Data Inversion to Image Intra-Crustal Structures: The Ivrea Geophysical Body Along the Val Sesia Profile MScarponi GHetényi JPlomerová SSolarino LBaron BPetri 10.1111/j.1365-246X.2006.03086.xFront.EarthSci9671412 2021 Piedmont, Italy Scarponi, M., Hetényi, G., Plomerová, J., Solarino, S., Baron, L., and Petri, B.: Joint Seismic and Gravity Data Inversion to Image Intra-"
essd-15-2117-2023.pdf,grobid_tei,full_tei_text,,doi,"10.3389/feart.2021.671412200497Schmid,",https://doi.org/10.3389/feart.2021.671412200497Schmid,"3389/feart.2021.671412, 2021. Tectonic map and overall architecture of the Alpine orogen, Eclogae Geologicae Helvetiae SMSchmid BFügenschuh EKissling RSchuster 10.3389/feart.2021.671412200497Schmid, S. M., Fügenschuh, B., Kissling, E., and Schus- ter, R.: Tectonic map and overall architecture of the Alpine orogen, Eclogae Geologicae Helvetiae, 97, 93-117,"
essd-15-2117-2023.pdf,grobid_tei,full_tei_text,,doi,10.1007/s00015-004-1113-x2017ETHZurichPhDthesis,https://doi.org/10.1007/s00015-004-1113-x2017ETHZurichPhDthesis,"117, https://doi.org/10.1007/s00015-004-1113-x, 2004. Tectonics of the Bhutan Himalaya: New Insights from Seismic Tomographic Images of the Lithosphere JSinger 10.1007/s00015-004-1113-x2017ETHZurichPhDthesis Singer, J.: Tectonics of the Bhutan Himalaya: New Insights from Seismic Tomographic Images of the Lithosphere, PhD thesis, ETH Zurich, 2017. SlovenianEnvironme"
essd-15-2117-2023.pdf,grobid_tei,full_tei_text,,doi,10.7914/SN/SLSeismicNetworkoftheRepublic,https://doi.org/10.7914/SN/SLSeismicNetworkoftheRepublic,".: Tectonics of the Bhutan Himalaya: New Insights from Seismic Tomographic Images of the Lithosphere, PhD thesis, ETH Zurich, 2017. SlovenianEnvironment Agency 10.7914/SN/SLSeismicNetworkoftheRepublic of Slovenia, International Federation of Digital Seismograph Networks 1990 data set Slovenian Environment Agency: Seismic Network of the Repub- lic of Slovenia"
essd-15-2117-2023.pdf,grobid_tei,full_tei_text,,doi,10.7914/SN/SLGeophys.J.Int1942013.,https://doi.org/10.7914/SN/SLGeophys.J.Int1942013,"ombining controlled-source seismology and receiver function information to derive 3-D Moho topography for Italy MSpada IBianchi EKissling NPAgostinetti SWiemer 10.7914/SN/SLGeophys.J.Int1942013. 1983 ETH Zürich. Other/Seismic Network data set Spada, M., Bianchi, I., Kissling, E., Agostinetti, N. P., and Wiemer, S.: Combining controlled-source seismolog"
essd-15-2117-2023.pdf,grobid_tei,full_tei_text,,doi,10.12686/SED/NETWORKS/CHPhys.EarthPlanet.In15,https://doi.org/10.12686/SED/NETWORKS/CHPhys.EarthPlanet.In15,"ETH Zürich. Other/Seismic Network [data set], https://doi.org/10.12686/SED/NETWORKS/CH, 1983. Detection of waves converted from P to SV in the mantle LPVinnik 10.12686/SED/NETWORKS/CHPhys.EarthPlanet.In15 1977 Vinnik, L. P.: Detection of waves converted from P to SV in the mantle, Phys. Earth Planet. In., 15, 39-45, https://doi.org/10.1016/0031-9201(77)90008-5,"
essd-15-2117-2023.pdf,grobid_tei,full_tei_text,,doi,10.1016/0031-9201(77)90008-5Geophys.J.Int1351998,https://doi.org/10.1016/0031-9201(77)90008-5Geophys.J.Int1351998,"90008-5, 1977. Threedimensional interface modelling with two-dimensional seismic data: the Alpine crust-mantle boundary FWaldhauser EKissling JAnsorge SMueller 10.1016/0031-9201(77)90008-5Geophys.J.Int1351998 Waldhauser, F., Kissling, E., Ansorge, J., and Mueller, S.: Three- dimensional interface modelling with two-dimensional seismic data: the Alpine crust-mantle b"
essd-15-2117-2023.pdf,grobid_tei,full_tei_text,,doi,10.1029/2019GC008515Geochem.Geophys.Geosyst202019,https://doi.org/10.1029/2019GC008515Geochem.Geophys.Geosyst202019,"135, 264-278, https://doi.org/10.1046/j.1365-246X.1998.00647.x, 1998. The Generic Mapping Tools Version 6 PWessel JFLuis LUieda RScharroo FWobbe WHSmith DTian 10.1029/2019GC008515Geochem.Geophys.Geosyst202019 Wessel, P., Luis, J. F., Uieda, L., Scharroo, R., Wobbe, F., Smith, W. H., and Tian, D.: The Generic Mapping Tools Version 6, Geochem. Geophys. Geosyst., 20, 5"
essd-15-2117-2023.pdf,grobid_tei,full_tei_text,,doi,10.1029/97JB02379J.Geophys.Res.-Sol.Ea102,https://doi.org/10.1029/97JB02379J.Geophys.Res.-Sol.Ea102,"tralanstalt für Meterologie und Geodynamik: Austrian Seismic Network, International Federation of Digital Seismograph Networks XYuan JNi RKind JMechie ESandvol 10.1029/97JB02379J.Geophys.Res.-Sol.Ea102 1997. 1987 Lithospheric and upper mantle structure of southern Tibet from a seismolog-ical passive source experiment. data set Yuan, X., Ni, J., Kind, R., Mech"
essd-15-2117-2023.pdf,grobid_tei,full_tei_text,,doi,"10.7914/SN/OEGeology432015Zhao,",https://doi.org/10.7914/SN/OEGeology432015Zhao,"mic evidence for continental subduction beneath the Western Alps LZhao TZheng RZhu QWang APaul SGuillot CAubert TDumont SSchwartz SSolarino MGMalusà SSalimbeni 10.7914/SN/OEGeology432015Zhao, L., Zheng, T., Zhu, R., Wang, Q., Paul, A., Guillot, S., Aubert, C., Dumont, T., Schwartz, S., Solarino, S., Malusà, M. G., and Salimbeni, S.: First seismic ev"
essd-15-2117-2023.pdf,grobid_tei,full_tei_text,,doi,"10.15778/RESIF.YP20122016Zhao,",https://doi.org/10.15778/RESIF.YP20122016Zhao,"YP: CIFALPS temporary experiment (China-Italy-France Alps seismic transect), RESIF -Réseau Sismologique et géodésique Français [data set LZhao APaul SSolarino 10.15778/RESIF.YP20122016Zhao, L., Paul, A., and Solarino, S.: Seismic network YP: CIFALPS temporary experiment (China-Italy-France Alps seismic tran- sect), RESIF -Réseau Sismologique et gé"
essd-15-2117-2023.pdf,grobid_tei,full_tei_text,,doi,10.15778/RESIF.YP2012EarthPlanet.Sc.Lett179,https://doi.org/10.15778/RESIF.YP2012EarthPlanet.Sc.Lett179,"ta set], https://doi.org/10.15778/RESIF.YP2012, 2016. Crustal structure across the San Andreas Fault, southern California from teleseismic converted waves LZhu 10.15778/RESIF.YP2012EarthPlanet.Sc.Lett179 00 2000 Zhu, L.: Crustal structure across the San Andreas Fault, southern California from teleseismic converted waves, Earth Planet. Sc. Lett., 179, 183-190, h"
essd-15-3733-2023.pdf,pymupdf,page_text,1,url,https://doi.org/10.5194/essd-15-3733-2023,https://doi.org/10.5194/essd-15-3733-2023,"Earth Syst. Sci. Data, 15, 3733–3746, 2023 https://doi.org/10.5194/essd-15-3733-2023 © Author(s) 2023. This work is distributed under the Creative Commons Attribution 4.0 License. A dataset for investigating socio-ecological changes in Arctic f"
essd-15-3733-2023.pdf,pymupdf,page_text,1,url,https://doi.org/10.1594/PANGAEA.953115.Aliveversionisavailableat,https://doi.org/10.1594/PANGAEA.953115.Aliveversionisavailableat,"vers are released, they will be added to an updated version planned for the middle of 2024. The dataset (Schlegel and Gattuso, 2022) is available on PANGAEA at https://doi.org/10.1594/PANGAEA.953115.Aliveversionisavailableat the FACE-IT WP1 site and can be accessed by clicking the “Data access” tab: https://face-it-project.github.io/WP1/(last access: 17 August 2023). 1 Introduction"
essd-15-3733-2023.pdf,pymupdf,page_text,1,url,https://face-it-project.github.io/WP1/(last,https://face-it-project.github.io/WP1/(last,"able on PANGAEA at https://doi.org/10.1594/PANGAEA.953115.Aliveversionisavailableat the FACE-IT WP1 site and can be accessed by clicking the “Data access” tab: https://face-it-project.github.io/WP1/(last access: 17 August 2023). 1 Introduction The Arctic is a region of extreme contrasts. In the winter, life must contend with constant darkness, sea water that ca"
essd-15-3733-2023.pdf,pymupdf,page_text,2,url,"https://www.amap.no/about/geographical-coverage,",https://www.amap.no/about/geographical-coverage,"u/european-arctic, last access: 17 Au- gust 2023) and closely matches the AMAP (Arctic Monitor- ing and Assessment Programme) deﬁnition of the Arctic Cir- cle (https://www.amap.no/about/geographical-coverage, last access: 17 August 2023). The rate of loss for the Arctic cryosphere driven by the changing climate is alarmingly rapid (Schlegel et al., 2023), making it"
essd-15-3733-2023.pdf,pymupdf,page_text,2,url,"https://data.npolar.no/dataset/39d9f0f9-af12-420c-a879-10990df2e22d,",https://data.npolar.no/dataset/39d9f0f9-af12-420c-a879-10990df2e22d,"ady been work done to create uniﬁed datasets for speciﬁc aspects of Arctic fjords (e.g. physical oceanography via the UNIS CTD database; Skogseth et al., 2019; https://data.npolar.no/dataset/39d9f0f9-af12-420c-a879-10990df2e22d, last ac- cess: 17 August 2023). However, there is not yet a uniﬁed dataset that provides data for investigating the range of possi- ble relationships throughou"
essd-15-3733-2023.pdf,pymupdf,page_text,2,url,"https://frost.met.no/index.html,",https://frost.met.no/index.html,"data and putting them together into a folder. With the ex- ception of a network of meteorological stations operated by the Norwegian Meteorological Institute (https://frost.met.no/index.html, last access: 17 August 2023) and a few well es- tablished instrument installations (e.g. Fischer et al., 2020), there are precious few long-running time series"
essd-15-3733-2023.pdf,pymupdf,page_text,3,url,"https://pangaea.de,",https://pangaea.de,"the following sub- sections. Other notable databases that provided important ac- cess to data are also mentioned below. 2.3.1 PANGAEA The PANGAEA data portal (https://pangaea.de, last access: 17 August 2023) hosts a very large collection of datasets pro- duced primarily via Earth system research. It is an open- access portal with only s"
essd-15-3733-2023.pdf,pymupdf,page_text,3,url,"https://doi.org/10.5194/essd-15-3733-2023EarthSyst.Sci.Data,",https://doi.org/10.5194/essd-15-3733-2023EarthSyst.Sci.Data,"search operators and keywords. While it must be noted that this data portal does not specialise in Arctic data, it is possible to ﬁlter data within a long–lat https://doi.org/10.5194/essd-15-3733-2023EarthSyst.Sci.Data, 15, 3733–3746, 2023"
essd-15-3733-2023.pdf,pymupdf,page_text,5,url,"https://data.npolar.no,",https://data.npolar.no,"was determined that 840 of the PANGAEA datasets would be aggregated, at least in part, with the ﬁnal dataset. 2.3.2 NPDC The Norwegian Polar Data Centre (NPDC; https://data.npolar.no, last access: 17 August 2023) is designed to cater to the needs of the Arctic research community and speciﬁcally hosts datasets related to research conducted fo"
essd-15-3733-2023.pdf,pymupdf,page_text,5,url,"https://www.nmdc.no/,",https://www.nmdc.no/,"tal of 11 datasets were downloaded from this website, and all of them were aggregated into the ﬁnal dataset. 2.3.3 NMDC The Norwegian Marine Data Centre (NMDC; https://www.nmdc.no/, last access: 17 August 2023) is also designed to host Norwegian data but focuses on the marine realm and not necessarily the Arctic. This is not, however, an i"
essd-15-3733-2023.pdf,pymupdf,page_text,5,url,"https://data.g-e-m.dk/,",https://data.g-e-m.dk/,"al of 44 datasets were downloaded from this portal, all of which were included in the ﬁnal dataset. 2.3.4 GEM The Greenland Ecosystem Monitoring Database (GEM; https://data.g-e-m.dk/, last access: 17 August 2023) focuses on the management and dissemination of data relevant speciﬁcally to the three Greenland study sites identiﬁed for this pro"
essd-15-3733-2023.pdf,pymupdf,page_text,6,url,"https://sios-svalbard.org/,",https://sios-svalbard.org/,"clude these datasets in the ﬁnal dataset presented in this paper. 2.3.5 Additional sources of note The Svalbard Integrated Arctic Earth Observing System (SIOS; https://sios-svalbard.org/, last access: 17 August 2023) is effectively a meta-search database of other Arc- tic databases that contain datasets speciﬁcally of interest to researchers on"
essd-15-3733-2023.pdf,pymupdf,page_text,6,url,"https://mosj.no/en/,",https://mosj.no/en/,"dataset. Another database with a strictly Arctic focus that provides publicly accessible data is the Environmental Monitoring of Svalbard and Jan Mayen (MOSJ; https://mosj.no/en/, last ac- cess: 17 August 2023). This database has a drop-down tab menu that allows users to select broad categories like cli- mate →ocean. Therein, one can sel"
essd-15-3733-2023.pdf,pymupdf,page_text,6,url,"https://www.ssb.no/en,",https://www.ssb.no/en,"were downloaded here, both of which were included in the database. Governance data were provided exclusively via the na- tional statistics websites of Norway (https://www.ssb.no/en, last access: 17 August 2023) and Greenland (https://bank.stat.gl/pxweb/en/Greenland/, last access: 17 August 2023). The Norwegian statistics website focuses mo"
essd-15-3733-2023.pdf,pymupdf,page_text,6,url,"https://bank.stat.gl/pxweb/en/Greenland/,",https://bank.stat.gl/pxweb/en/Greenland/,"Governance data were provided exclusively via the na- tional statistics websites of Norway (https://www.ssb.no/en, last access: 17 August 2023) and Greenland (https://bank.stat.gl/pxweb/en/Greenland/, last access: 17 August 2023). The Norwegian statistics website focuses more on the na- tional concerns of an economy oriented around more de- veloped service i"
essd-15-3733-2023.pdf,pymupdf,page_text,6,url,"https://www.met.no/en,",https://www.met.no/en,"g the seven study sites (∼60 to 90◦N, ∼60◦W to 60◦E) has been amalgamated into the dataset for this project. Finally, the Norwegian Meteorological In- stitute (https://www.met.no/en, last access: 17 August 2023) provided 13 very long and high-quality multi-variable atmo- spheric time series generated by long-running MET stations; however, t"
essd-15-3733-2023.pdf,pymupdf,page_text,10,url,"https://data.npolar.no/dataset/0ea572cd-1e4c-47a3-b2a5-5d7cc75aaeb4,",https://data.npolar.no/dataset/0ea572cd-1e4c-47a3-b2a5-5d7cc75aaeb4,"as primary production data available over the full calendar year, with some daily datasets available. Note that Seabird data ex- ist for much of Svalbard (e.g. https://data.npolar.no/dataset/0ea572cd-1e4c-47a3-b2a5-5d7cc75aaeb4, last access: 17 August 2023), but these were considered to be outside of the scope of the marine data collected for this dataset. It is important to note that,"
essd-15-3733-2023.pdf,pymupdf,page_text,10,url,"https://gbif.imr.no/ipt/,",https://gbif.imr.no/ipt/,"tasets were sourced via national statistics websites for Greenland, and three were sourced for Norway. There are 19 ﬁshery datasets available via the IMR site (https://gbif.imr.no/ipt/, last access: 17 Au- gust 2023), three of which have been amalgamated. More so than with the other categories of data, there is overlap in the variables for the"
essd-15-3733-2023.pdf,pymupdf,page_text,11,url,https://github.com/FACE-IT-project/WP1,https://github.com/FACE-IT-project/WP1,"ODAP (Lauvset et al., 2022) datasets. The live code base within which the sourcing, cleaning, and amalgamation of this dataset occurs may be found on GitHub at https://github.com/FACE-IT-project/WP1 (last ac- cess: 17 August 2023). Please note however that this is an ongoing process, and the code has already changed in an- ticipation of v2.0 of the dataset"
essd-15-3733-2023.pdf,pymupdf,page_text,11,url,"https://doi.org/10.5281/zenodo.8263692(Schlegel,",https://doi.org/10.5281/zenodo.8263692(Schlegel,"dataset. That being said, the code used for the analyses, ﬁgures, and tables seen in this publi- cation was published in its original state and is available at https://doi.org/10.5281/zenodo.8263692(Schlegel, 2023). A meta-database providing a high-level summary of the individually sourced datasets in this data product (i.e. not scraped from PANGAEA) is available he"
essd-15-3733-2023.pdf,pymupdf,page_text,11,url,https://face-it-project.github.io/WP1/metadatabase.html,https://face-it-project.github.io/WP1/metadatabase.html,3). A meta-database providing a high-level summary of the individually sourced datasets in this data product (i.e. not scraped from PANGAEA) is available here: https://face-it-project.github.io/WP1/metadatabase.html (last ac- cess: 17 August 2023). A user interface (UI) for the live version of the data product may be accessed on the same website by clicking the “Data acces
essd-15-3733-2023.pdf,pymupdf,page_text,11,url,"https://doi.org/10.1594/PANGAEA.953115(SchlegelandGattuso,",https://doi.org/10.1594/PANGAEA.953115(SchlegelandGattuso,"or the live version of the data product may be accessed on the same website by clicking the “Data access” tab. The full data product is published on PANGAEA at https://doi.org/10.1594/PANGAEA.953115(SchlegelandGattuso, 2022). 6 Conclusions The data product described in this report was assembled in order to address the needs of researchers who are investi- gating the interacti"
essd-15-3733-2023.pdf,pymupdf,page_text,12,url,"https://www.bafg.de/GRDC/EN/04_spcldtbss/41_ARDB/ardb_node.html,",https://www.bafg.de/GRDC/EN/04_spcldtbss/41_ARDB/ardb_node.html,"irectly in this product due to data access restrictions. Almost the entirety of the ter- restrial runoff data are found in the GRDC (Global Runoff Data Centre; https://www.bafg.de/GRDC/EN/04_spcldtbss/41_ARDB/ardb_node.html, last access: 17 August 2023). Additionally, almost every source of coastal (non-social) data for Greenland is stored on the Greenland Ecosystem Mon- itoring da"
essd-15-3733-2023.pdf,pymupdf,page_text,12,url,https://github.com/FACE-IT-project/WP1/blob/main/data/analyses/table_A1.csv,https://github.com/FACE-IT-project/WP1/blob/main/data/analyses/table_A1.csv,"from these sources. A table containing the list of categories, drivers, and the cleaned names for the individual variables within this dataset is available at https://github.com/FACE-IT-project/WP1/blob/main/data/analyses/table_A1.csv (last access: 17 August 2023). Supplement. The supplement related to this article is available online at: https://doi.org/10.5194/essd-15-3733-2023-supplement."
essd-15-3733-2023.pdf,pymupdf,page_text,12,url,https://doi.org/10.5194/essd-15-3733-2023-supplement.Authorcontributions.Thepaperwasconceived,https://doi.org/10.5194/essd-15-3733-2023-supplement.Authorcontributions.Thepaperwasconceived,"E-IT-project/WP1/blob/main/data/analyses/table_A1.csv (last access: 17 August 2023). Supplement. The supplement related to this article is available online at: https://doi.org/10.5194/essd-15-3733-2023-supplement.Authorcontributions.Thepaperwasconceived by JPG, with the data collection and analyses implemented by RWS. Both authors contributed to the writing and editing of the paper, which was sub- mitted by RW"
essd-15-3733-2023.pdf,pymupdf,page_text,13,url,"https://doi.org/10.5194/essd-8-383-2016,",https://doi.org/10.5194/essd-8-383-2016,"A. J., and Xu, S.: A multi- decade record of high-quality f CO2 data in version 3 of the Sur- face Ocean CO2 Atlas (SOCAT), Earth Syst. Sci. Data, 8, 383– 413, https://doi.org/10.5194/essd-8-383-2016, 2016. Bartsch, I., Paar, M., Fredriksen, S., Schwanitz, M., Daniel, C., Hop, H., and Wiencke, C.: PAR measurements at Hansneset, Kongs- fjorden, above and belo"
essd-15-3733-2023.pdf,pymupdf,page_text,13,url,"https://doi.org/10.1594/PANGAEA.945341,",https://doi.org/10.1594/PANGAEA.945341,"M., Daniel, C., Hop, H., and Wiencke, C.: PAR measurements at Hansneset, Kongs- fjorden, above and below kelp canopies from 2012 to 2013, PAN- GAEA [data set], https://doi.org/10.1594/PANGAEA.945341, 2022. Becker, S., Aoyama, M., Woodward, E. M. S., Bakker, K., Cov- erly, S., Mahaffey, C., and Tanhua, T.: GO-SHIP Repeat Hydrog- raphy Nutrient Manual: The Pr"
essd-15-3733-2023.pdf,pymupdf,page_text,13,url,"https://doi.org/10.3389/fmars.2020.581790,",https://doi.org/10.3389/fmars.2020.581790,": The Precise and Accurate Determina- tion of Dissolved Inorganic Nutrients in Seawater, Using Con- tinuous Flow Analysis Methods, Front. Mar. Sci., 7, 581790, https://doi.org/10.3389/fmars.2020.581790, 2020. Bischof, K., Convey, P., Duarte, P., Gattuso, J.-P., Granberg, M., Hop, H., Hoppe, C., Jiménez, C., Lisitsyn, L., Martinez, B., Roleda, M. Y., Thor, P.,"
essd-15-3733-2023.pdf,pymupdf,page_text,13,url,"https://doi.org/10.1007/978-3-319-46425-1_14,",https://doi.org/10.1007/978-3-319-46425-1_14,"knowns and Research Priorities, in: The Ecosystem of Kongs- fjorden, Svalbard, edited by: Hop, H. and Wiencke, C., Springer International Publishing, 537–562, https://doi.org/10.1007/978-3-319-46425-1_14, 2019. Bonnet-Lebrun, A.-S., Larsen, T., Thórarinsson, T. L., Kolbeins- son, Y., Frederiksen, M., Morley, T. I., Fox, D., Boutet, A., le Bouard, F., Deville, T."
essd-15-3733-2023.pdf,pymupdf,page_text,13,url,"https://doi.org/10.1007/s13280-021-01650-7,",https://doi.org/10.1007/s13280-021-01650-7,"nd Ratcliffe, N.: Cold comfort: Arctic seabirds ﬁnd refugia from climate change and potential competition in marginal ice zones and fjords, Ambio, 51, 345–354, https://doi.org/10.1007/s13280-021-01650-7, 2022. Chamberlain, S., Woo, K., MacDonald, A., Zimmerman, N., and Simpson, G.: pangaear: pangaear: Client for the “Pangaea” Database, CRAN [code, v1.1.0], http"
essd-15-3733-2023.pdf,pymupdf,page_text,13,url,https://CRAN.R-project.org/package=pangaear,https://CRAN.R-project.org/package=pangaear,"0-7, 2022. Chamberlain, S., Woo, K., MacDonald, A., Zimmerman, N., and Simpson, G.: pangaear: pangaear: Client for the “Pangaea” Database, CRAN [code, v1.1.0], https://CRAN.R-project.org/package=pangaear (last access: 17 August 2023), 2021. Descamps, S., Ramírez, F., Benjaminsen, S., Anker-Nilssen, T., Barrett, R. T., Burr, Z., Christensen-Dalsgaard, S., Erik-"
essd-15-3733-2023.pdf,pymupdf,page_text,13,url,"https://doi.org/10.1111/gcb.14780,",https://doi.org/10.1111/gcb.14780,"en, T. K., Strøm, H., Varpe, Ø., and Lavergne, S.: Diverging phenological responses of Arctic seabirds to an earlier spring, Glob. Change Biol., 25, 4081–4091, https://doi.org/10.1111/gcb.14780, 2019. Eilertsen, H. C., Taasen, J. P., and WesIawski, J. M.: Phytoplank- ton studies in the fjords of West Spitzbergen: Physical environ- ment and production i"
essd-15-3733-2023.pdf,pymupdf,page_text,13,url,"https://doi.org/10.1093/plankt/11.6.1245,",https://doi.org/10.1093/plankt/11.6.1245,"J. M.: Phytoplank- ton studies in the fjords of West Spitzbergen: Physical environ- ment and production in spring and summer, J. Plankton Res., 11, 1245–1260, https://doi.org/10.1093/plankt/11.6.1245, 1989. Fischer, P., Brix, H., Baschek, B., Kraberg, A., Brand, M., Cisewski, B., Riethmüller, R., Breitbach, G., Möller, K. O., Gattuso, J.- P., Alliouane, S.,"
essd-15-3733-2023.pdf,pymupdf,page_text,13,url,"https://doi.org/10.3389/fmars.2020.00551,",https://doi.org/10.3389/fmars.2020.00551,"l, W. H., and Witbaard, R.: Oper- ating Cabled Underwater Observatories in Rough Shelf-Sea En- vironments: A Technological Challenge, Front. Mar. Sci., 7, 551, https://doi.org/10.3389/fmars.2020.00551, 2020. Holding, J. M., Markager, S., Juul-Pedersen, T., Paulsen, M. L., Møller, E. F., Meire, L., and Sejr, M. K.: Seasonal and spatial patterns of primary prod"
essd-15-3733-2023.pdf,pymupdf,page_text,13,url,"https://doi.org/10.5194/bg-16-3777-2019,",https://doi.org/10.5194/bg-16-3777-2019,"jr, M. K.: Seasonal and spatial patterns of primary production in a high-latitude fjord affected by Greenland Ice Sheet run-off, Biogeosciences, 16, 3777–3792, https://doi.org/10.5194/bg-16-3777-2019, 2019. Hop, H., Pearson, T., Hegseth, E. N., Kovacs, K. M., Wiencke, C., Kwasniewski, S., Eiane, K., Mehlum, F., Gulliksen, B., Wlodarska-Kowalczuk, M., Lyderse"
essd-15-3733-2023.pdf,pymupdf,page_text,13,url,"https://doi.org/10.3402/polar.v21i1.6480,",https://doi.org/10.3402/polar.v21i1.6480,". G., Lønne, O. J., Zajaczkowski, M., Falk-Petersen, S., Kendall, M., and Gerland, S.: The marine ecosystem of Kongsfjorden, Svalbard, Polar Res., 21, 167–208, https://doi.org/10.3402/polar.v21i1.6480, 2002. Hop, H. and Wiencke, C. (Eds.): The Ecosystem of Kongsfjorden, Svalbard, in: The Ecosystem of Kongsfjorden, Svalbard, 1–20, Springer International Publis"
essd-15-3733-2023.pdf,pymupdf,page_text,13,url,"https://doi.org/10.1007/978-3-319-46425-1_1,",https://doi.org/10.1007/978-3-319-46425-1_1,"Hop, H. and Wiencke, C. (Eds.): The Ecosystem of Kongsfjorden, Svalbard, in: The Ecosystem of Kongsfjorden, Svalbard, 1–20, Springer International Publishing, https://doi.org/10.1007/978-3-319-46425-1_1, 2019. Huang, B., Liu, C., Freeman, E., Graham, G., Smith, T., and Zhang, H.-M.: Assessment and Intercomparison of NOAA Daily Opti- mum Interpolation Sea Surfac"
essd-15-3733-2023.pdf,pymupdf,page_text,13,url,"https://doi.org/10.1175/JCLI-D-21-0001.1,",https://doi.org/10.1175/JCLI-D-21-0001.1,"and Zhang, H.-M.: Assessment and Intercomparison of NOAA Daily Opti- mum Interpolation Sea Surface Temperature (DOISST) Version 2.1, J. Climate, 34, 7421–7441, https://doi.org/10.1175/JCLI-D-21-0001.1, 2021. Jiang, L.-Q., Pierrot, D., Wanninkhof, R., Feely, R. A., Tilbrook, B., Alin, S., Barbero, L., Byrne, R. H., Carter, B. R., Dickson, A. G., Gattuso, J.-P."
essd-15-3733-2023.pdf,pymupdf,page_text,13,url,"https://doi.org/10.3389/fmars.2021.705638,",https://doi.org/10.3389/fmars.2021.705638,"set, S. K., Lewis, E. R., Olsen, A., and Xue, L.: Best Practice Data Standards for Discrete Chem- ical Oceanographic Observations, Front. Mar. Sci., 8, 705638, https://doi.org/10.3389/fmars.2021.705638, 2022. Lauvset, S. K., Lange, N., Tanhua, T., Bittig, H. C., Olsen, A., Kozyr, A., Alin, S., Álvarez, M., Azetsu-Scott, K., Barbero, L., Becker, S., Brown, P. J"
essd-15-3733-2023.pdf,pymupdf,page_text,13,url,"https://doi.org/10.5194/essd-14-5543-2022,",https://doi.org/10.5194/essd-14-5543-2022,"osley, R. J., and Key, R. M.: GLODAPv2.2022: the latest version of the global interior ocean biogeochemical data product, Earth Syst. Sci. Data, 14, 5543–5572, https://doi.org/10.5194/essd-14-5543-2022, 2022. Merchant, C. J., Embury, O., Bulgin, C. E., Block, T., Corlett, G. K., Fiedler, E., Good, S. A., Mittaz, J., Rayner, N. A., Berry, D., Eastwood, S., Tayl"
essd-15-3733-2023.pdf,pymupdf,page_text,13,url,"https://doi.org/10.1038/s41597-019-0236-x,",https://doi.org/10.1038/s41597-019-0236-x,"ma, Y., Waterfall, A., Wilson, R., and Donlon, C.: Satellite-based time-series of sea-surface temperature since 1981 for climate applications, Sci. Data, 6, 1, https://doi.org/10.1038/s41597-019-0236-x, 2019. Möller, V., van Diemen, R., Matthews, J., Méndez, C., Semenov, S., Fuglestvedt, J., and Reisinger, A.: Annex II: Glossary, in: Cli- mate Change 2022: Imp"
essd-15-3733-2023.pdf,pymupdf,page_text,13,url,"https://doi.org/10.1017/9781009325844.029,",https://doi.org/10.1017/9781009325844.029,"oczanska, E. S., Mintenbeck, K., Alegría, A., Craig, M., Langsdorf, S., Löschke, S., Möller, V., Okem, A., and Rama, B., Cambridge University Press, 2897–2930, https://doi.org/10.1017/9781009325844.029, 2022. NSIDC: U.S. National Ice Center and National Snow and Ice Data Center, compiled by: Fetterer, F., Savoie, M., Helfrich, S., and Clemente-Colón, P., 2010,"
essd-15-3733-2023.pdf,pymupdf,page_text,13,url,"https://doi.org/10.7265/N5GT5K3K,",https://doi.org/10.7265/N5GT5K3K,"ated daily, Multisensor Analyzed Sea Ice Extent—Northern Hemisphere (MASIE-NH), Version 1. 4km resolution, NSIDC: National Snow and Ice Data Center [data set], https://doi.org/10.7265/N5GT5K3K, 2022. R Core Team: R: A Language and Environment for Statistical Com- puting, R Foundation for Statistical Computing [code, v4.3.1], https://www.R-project.org/"
essd-15-3733-2023.pdf,pymupdf,page_text,13,url,https://www.R-project.org/(last,https://www.R-project.org/(last,"/doi.org/10.7265/N5GT5K3K, 2022. R Core Team: R: A Language and Environment for Statistical Com- puting, R Foundation for Statistical Computing [code, v4.3.1], https://www.R-project.org/(last access: 17 August 2023), 2023. Schlegel, R.: Code used for the analysis of a dataset for investigating socio-ecological changes in Arctic fjords, Zenodo [code"
essd-15-3733-2023.pdf,pymupdf,page_text,13,url,"https://doi.org/10.5281/zenodo.8263692,",https://doi.org/10.5281/zenodo.8263692,": 17 August 2023), 2023. Schlegel, R.: Code used for the analysis of a dataset for investigating socio-ecological changes in Arctic fjords, Zenodo [code v1.0], https://doi.org/10.5281/zenodo.8263692, 2023. https://doi.org/10.5194/essd-15-3733-2023EarthSyst.Sci.Data, 15, 3733–3746, 2023"
essd-15-3733-2023.pdf,pymupdf,page_text,14,url,"https://doi.org/10.1594/PANGAEA.953115,",https://doi.org/10.1594/PANGAEA.953115,"cological changes in Arctic fjords Schlegel, R. and Gattuso, J.-P.: A Dataset for Investigating Socio- ecological Changes in Arctic Fjords, PANGAEA [data set], https://doi.org/10.1594/PANGAEA.953115, 2022. Schlegel, R., Bartsch, I., Bischof, K., Bjørst, L. R., Dannevig, H., Diehl, N., Duarte, P., Hovelsrud, G. K., Juul-Pedersen, T., Le- brun, A., Merillet,"
essd-15-3733-2023.pdf,pymupdf,page_text,14,url,"https://doi.org/10.1017/cft.2023.1,",https://doi.org/10.1017/cft.2023.1,", and Gattuso, J.-P.: Drivers of change in Arctic fjord socio-ecological systems: Examples from the European Arctic, Cambridge Prisms, Coastal Futures, 1, e13, https://doi.org/10.1017/cft.2023.1, 2023. Skogseth, R., Ellingsen, P., Berge, J., Cottier, F., Falk-Petersen, S., Ivanov, B., Nilsen, F., Søreide, J., and Vader, A.: UNIS hydrographic database, N"
essd-15-3733-2023.pdf,pymupdf,page_text,14,url,"https://doi.org/10.21334/unis-hydrography,",https://doi.org/10.21334/unis-hydrography,"erge, J., Cottier, F., Falk-Petersen, S., Ivanov, B., Nilsen, F., Søreide, J., and Vader, A.: UNIS hydrographic database, Norwegian Polar Institute [data set], https://doi.org/10.21334/unis-hydrography, 2019. W˛esławski, J. M., Kendall, M. A., Włodarska-Kowalczuk, M., Iken, K., K˛edra, M., Legezynska, J., and Sejr, M. K.: Climate change effects on Arctic fjord"
essd-15-3733-2023.pdf,pymupdf,page_text,14,url,"https://doi.org/10.1007/s12526-010-0073-9,",https://doi.org/10.1007/s12526-010-0073-9,"a, J., and Sejr, M. K.: Climate change effects on Arctic fjord and coastal macrobenthic diver- sity – Observations and predictions, Mar. Biodivers., 41, 71–85, https://doi.org/10.1007/s12526-010-0073-9, 2011. Wickham, H: Tidy Data, J. Stat. Softw., 59, 1–23, https://doi.org/10.18637/jss.v059.i10, 2014. Earth Syst. Sci. Data, 15, 3733–3746, 2023 https://doi.org"
essd-15-3733-2023.pdf,pymupdf,page_text,14,url,"https://doi.org/10.18637/jss.v059.i10,",https://doi.org/10.18637/jss.v059.i10,"– Observations and predictions, Mar. Biodivers., 41, 71–85, https://doi.org/10.1007/s12526-010-0073-9, 2011. Wickham, H: Tidy Data, J. Stat. Softw., 59, 1–23, https://doi.org/10.18637/jss.v059.i10, 2014. Earth Syst. Sci. Data, 15, 3733–3746, 2023 https://doi.org/10.5194/essd-15-3733-2023"
essd-15-3733-2023.pdf,grobid_tei,target,,url,https://github.com/kermitt2/grobid,https://github.com/kermitt2/grobid,
essd-15-3733-2023.pdf,grobid_tei,target,,url,https://www.R-project.org/,https://www.R-project.org/,
essd-15-3733-2023.pdf,grobid_tei,full_tei_text,,url,https://doi.org/10.5194/essd-15-3733-2023R.W.SchlegelandJ.-P.,https://doi.org/10.5194/essd-15-3733-2023R.W.SchlegelandJ.-P,"RunoffLightQ [m 3 s -1 ]PAR [µmol m -2 s -1 ]4Sea iceLightSea ice cover [proportion] PAR [µmol m -2 s -1 ]4Appendix A Earth Syst. Sci.Data, 15, 3733-3746, 2023 https://doi.org/10.5194/essd-15-3733-2023R.W.SchlegelandJ.-P. Gattuso: A dataset for investigating socio-ecological changes in Arctic fjords https://doi.org/10.5194/essd-15-3733-2023EarthSyst.Sci.Data, 15, 3733-3746, 2023"
essd-15-3733-2023.pdf,grobid_tei,full_tei_text,,url,https://doi.org/10.5194/essd-15-3733-2023Acknowledgements.Thisstudyisa,https://doi.org/10.5194/essd-15-3733-2023Acknowledgements.Thisstudyisa,"-ecological changes in Arctic fjords https://doi.org/10.5194/essd-15-3733-2023EarthSyst.Sci.Data, 15, 3733-3746, 2023 Earth Syst. Sci.Data, 15, 3733-3746, 2023 https://doi.org/10.5194/essd-15-3733-2023Acknowledgements.Thisstudyisa contribution to the project FACE-IT (The Future of Arctic Coastal Ecosystems -Identifying Transitions in Fjord Systems and Adjacent Coastal Areas). We grateful"
essd-15-3733-2023.pdf,grobid_tei,full_tei_text,,doi,10.5194/essd-8-383-2016EarthSyst.Sci.Data8,https://doi.org/10.5194/essd-8-383-2016EarthSyst.Sci.Data8,"M., van Heuven, S. M. A. A multidecade record of high-quality f CO 2 data in version 3 of the Surface Ocean CO 2 Atlas (SOCAT) CVandemark DWard BWatson AJXu S 10.5194/essd-8-383-2016EarthSyst.Sci.Data8 2016 C., Vandemark, D., Ward, B., Watson, A. J., and Xu, S.: A multi- decade record of high-quality f CO 2 data in version 3 of the Sur- face Ocean CO 2 Atlas"
essd-15-3733-2023.pdf,grobid_tei,full_tei_text,,doi,"10.5194/essd-8-383-2016UsingContinuousFlowAnalysisMethods,",https://doi.org/10.5194/essd-8-383-2016UsingContinuousFlowAnalysisMethods,"ved Inorganic Nutrients in Seawater IBartsch MPaar SFredriksen MSchwanitz CDaniel HHop CWiencke SBecker MAoyama EM SWoodward KBakker SCoverly CMahaffey TTanhua 10.5194/essd-8-383-2016UsingContinuousFlowAnalysisMethods, Front. Mar. Sci 7 581790 2022. 2020 PAR measurements at Hansneset, Kongsfjorden, above and below kelp canopies from 2012 to 2013, PAN-GAEA [data set Bartsch, I"
essd-15-3733-2023.pdf,grobid_tei,full_tei_text,,doi,10.3389/fmars.2020.581790KongsfjordenasHarbingerofthe,https://doi.org/10.3389/fmars.2020.581790KongsfjordenasHarbingerofthe,"g/10.3389/fmars.2020.581790, 2020. KBischof PConvey PDuarte J.-PGattuso MGranberg HHop CHoppe CJiménez LLisitsyn BMartinez MYRoleda PThor JMWiktor GWGabrielsen 10.3389/fmars.2020.581790KongsfjordenasHarbingerofthe Future Arctic: Knowns, Unknowns and Research Priorities HHop CWiencke Svalbard Springer International Publishing 2019 Bischof, K., Convey, P., Duarte, P., Gatt"
essd-15-3733-2023.pdf,grobid_tei,full_tei_text,,doi,"10.1007/978-3-319-46425-1_14Ambio512022Bonnet-Lebrun,",https://doi.org/10.1007/978-3-319-46425-1_14Ambio512022Bonnet-Lebrun,"es and fjords A.-SBonnet-Lebrun TLarsen TLThórarinsson YKolbeinsson MFrederiksen TIMorley DFox ABoutet FLe Bouard TDeville ESHansen THansen PRoberts NRatcliffe 10.1007/978-3-319-46425-1_14Ambio512022Bonnet-Lebrun, A.-S., Larsen, T., Thórarinsson, T. L., Kolbeins- son, Y., Frederiksen, M., Morley, T. I., Fox, D., Boutet, A., le Bouard, F., Deville, T., Hansen, E. S., Hans"
essd-15-3733-2023.pdf,grobid_tei,full_tei_text,,doi,10.1007/s13280-021-01650-72021Pangaea,https://doi.org/10.1007/s13280-021-01650-72021Pangaea,"ords, Ambio, 51, 345-354, https://doi.org/10.1007/s13280-021-01650-7, 2022. pangaear: pangaear: Client for the SChamberlain KWoo AMacdonald NZimmerman GSimpson 10.1007/s13280-021-01650-72021Pangaea"" Database, CRAN [code, v1.1.0. last access: 17 August 2023 Chamberlain, S., Woo, K., MacDonald, A., Zimmerman, N., and Simpson, G.: pangaear: pangaear: Client"
essd-15-3733-2023.pdf,grobid_tei,full_tei_text,,doi,10.1111/gcb.14780Glob.ChangeBiol252019,https://doi.org/10.1111/gcb.14780Glob.ChangeBiol252019,"SBenjaminsen TAnker-Nilssen RTBarrett ZBurr SChristensen-Dalsgaard K.-EErikstad DBIrons S.-HLorentsen MLMallory GJRobertson TKReiertsen HStrøm ØVarpe SLavergne 10.1111/gcb.14780Glob.ChangeBiol252019 Descamps, S., Ramírez, F., Benjaminsen, S., Anker-Nilssen, T., Barrett, R. T., Burr, Z., Christensen-Dalsgaard, S., Erik- stad, K.-E., Irons, D. B., Lorentsen,"
essd-15-3733-2023.pdf,grobid_tei,full_tei_text,,doi,10.1111/gcb.14780J.PlanktonRes111989,https://doi.org/10.1111/gcb.14780J.PlanktonRes111989,"14780, 2019. Phytoplankton studies in the fjords of West Spitzbergen: Physical environment and production in spring and summer HCEilertsen JPTaasen JMWesiawski 10.1111/gcb.14780J.PlanktonRes111989 Eilertsen, H. C., Taasen, J. P., and WesIawski, J. M.: Phytoplank- ton studies in the fjords of West Spitzbergen: Physical environ- ment and production in spri"
essd-15-3733-2023.pdf,grobid_tei,full_tei_text,,doi,10.1093/plankt/11.6.1245Front.Mar.Sci7551,https://doi.org/10.1093/plankt/11.6.1245Front.Mar.Sci7551,"ts: A Technological Challenge PFischer HBrix BBaschek AKraberg MBrand BCisewski RRiethmüller GBreitbach KOMöller J.-PGattuso SAlliouane WHVan De Poll RWitbaard 10.1093/plankt/11.6.1245Front.Mar.Sci7551 2020 Fischer, P., Brix, H., Baschek, B., Kraberg, A., Brand, M., Cisewski, B., Riethmüller, R., Breitbach, G., Möller, K. O., Gattuso, J.- P., Alliouane, S., v"
essd-15-3733-2023.pdf,grobid_tei,full_tei_text,,doi,"10.3389/fmars.2020.00551Biogeosciences162019Holding,",https://doi.org/10.3389/fmars.2020.00551Biogeosciences162019Holding,"erns of primary production in a high-latitude fjord affected by Greenland Ice Sheet run-off JMHolding SMarkager TJuul-Pedersen MLPaulsen EFMøller LMeire MKSejr 10.3389/fmars.2020.00551Biogeosciences162019Holding, J. M., Markager, S., Juul-Pedersen, T., Paulsen, M. L., Møller, E. F., Meire, L., and Sejr, M. K.: Seasonal and spatial patterns of primary production in a hig"
essd-15-3733-2023.pdf,grobid_tei,full_tei_text,,doi,10.5194/bg-16-3777-2019ThemarineecosystemofKongsfjorden,https://doi.org/10.5194/bg-16-3777-2019ThemarineecosystemofKongsfjorden,"i KEiane FMehlum BGulliksen MWlodarska-Kowalczuk CLydersen JMWeslawski SCochrane GWGabrielsen RJ GLeakey OJLønne MZajaczkowski SFalk-Petersen MKendall SGerland 10.5194/bg-16-3777-2019ThemarineecosystemofKongsfjorden Svalbard 2002 21 Hop, H., Pearson, T., Hegseth, E. N., Kovacs, K. M., Wiencke, C., Kwasniewski, S., Eiane, K., Mehlum, F., Gulliksen, B., Wlodarska-Kowalczuk,"
essd-15-3733-2023.pdf,grobid_tei,full_tei_text,,doi,10.3402/polar.v21i1.6480TheEcosystemofKongsfjordenHHop,https://doi.org/10.3402/polar.v21i1.6480TheEcosystemofKongsfjordenHHop,"sen, S., Kendall, M., and Gerland, S.: The marine ecosystem of Kongsfjorden, Svalbard, Polar Res., 21, 167-208, https://doi.org/10.3402/polar.v21i1.6480, 2002. 10.3402/polar.v21i1.6480TheEcosystemofKongsfjordenHHop CWiencke Svalbard; Svalbard Springer International Publishing 2019 Hop, H. and Wiencke, C. (Eds.): The Ecosystem of Kongsfjorden, Svalbard, in: The Ecosystem o"
essd-15-3733-2023.pdf,grobid_tei,full_tei_text,,doi,"10.1007/978-3-319-46425-1_1Huang,",https://doi.org/10.1007/978-3-319-46425-1_1Huang,"2019. Assessment and Intercomparison of NOAA Daily Optimum Interpolation Sea Surface Temperature (DOISST) Version BHuang CLiu EFreeman GGraham TSmith H.-MZhang 10.1007/978-3-319-46425-1_1Huang, B., Liu, C., Freeman, E., Graham, G., Smith, T., and Zhang, H.-M.: Assessment and Intercomparison of NOAA Daily Opti- mum Interpolation Sea Surface Temperature"
essd-15-3733-2023.pdf,grobid_tei,full_tei_text,,doi,"10.1175/JCLI-D-21-0001.12021341,",https://doi.org/10.1175/JCLI-D-21-0001.12021341,"man, E., Graham, G., Smith, T., and Zhang, H.-M.: Assessment and Intercomparison of NOAA Daily Opti- mum Interpolation Sea Surface Temperature (DOISST) Version 10.1175/JCLI-D-21-0001.12021341, J. Climate, 34, 7421-7441, https://doi.org/10.1175/JCLI-D-21-0001.1, 2021. Best Practice Data Standards for Discrete Chemical Oceanographic Observations L.-QJi"
essd-15-3733-2023.pdf,grobid_tei,full_tei_text,,doi,10.1175/JCLI-D-21-0001.1Front.Mar.Sci8705638,https://doi.org/10.1175/JCLI-D-21-0001.1Front.Mar.Sci8705638,"nninkhof RAFeely BTilbrook SAlin LBarbero RHByrne BRCarter AGDickson J.-PGattuso DGreeley MHoppema MPHumphreys JKarstensen NLange SKLauvset ERLewis AOlsen LXue 10.1175/JCLI-D-21-0001.1Front.Mar.Sci8705638 2022 Jiang, L.-Q., Pierrot, D., Wanninkhof, R., Feely, R. A., Tilbrook, B., Alin, S., Barbero, L., Byrne, R. H., Carter, B. R., Dickson, A. G., Gattuso, J.-P.,"
essd-15-3733-2023.pdf,grobid_tei,full_tei_text,,doi,10.3389/fmars.2021.705638EarthSyst.Sci.Data14,https://doi.org/10.3389/fmars.2021.705638EarthSyst.Sci.Data14,"PHumphreys MIshii EJeansson L.-QJiang SDJones CLo Monaco AMurata JDMüller FFPérez BPfeil CSchirnick RSteinfeldt TSuzuki BTilbrook AUlfsbo AVelo RJWoosley RMKey 10.3389/fmars.2021.705638EarthSyst.Sci.Data14 2022 Lauvset, S. K., Lange, N., Tanhua, T., Bittig, H. C., Olsen, A., Kozyr, A., Alin, S., Álvarez, M., Azetsu-Scott, K., Barbero, L., Becker, S., Brown, P. J."
essd-15-3733-2023.pdf,grobid_tei,full_tei_text,,doi,"10.5194/essd-14-5543-2022Sci.Data62019Merchant,",https://doi.org/10.5194/essd-14-5543-2022Sci.Data62019Merchant,"limate applications CJMerchant OEmbury CEBulgin TBlock GKCorlett EFiedler SAGood JMittaz NARayner DBerry SEastwood MTaylor YTsushima AWaterfall RWilson CDonlon 10.5194/essd-14-5543-2022Sci.Data62019Merchant, C. J., Embury, O., Bulgin, C. E., Block, T., Corlett, G. K., Fiedler, E., Good, S. A., Mittaz, J., Rayner, N. A., Berry, D., Eastwood, S., Taylor, M., Tsushima"
essd-15-3733-2023.pdf,grobid_tei,full_tei_text,,doi,10.1038/s41597-019-0236-xContributionofWorkingGroupII,https://doi.org/10.1038/s41597-019-0236-xContributionofWorkingGroupII,tthews CMéndez SSemenov JFuglestvedt AReisinger H.-OPörtner DCRoberts MTignor ESPoloczanska KMintenbeck AAlegría MCraig SLangsdorf SLöschke VMöller AOkem BRama 10.1038/s41597-019-0236-xContributionofWorkingGroupII to the Sixth Assessment Report of the Intergovernmental Panel on Climate Change Multisensor Analyzed Sea Ice Extent-Northern Hemisphere FFetterer MSavoie SHelf
essd-15-3733-2023.pdf,grobid_tei,full_tei_text,,doi,10.7265/N5GT5K3KR:ALanguageandEnvironment,https://doi.org/10.7265/N5GT5K3KR:ALanguageandEnvironment,"orthern Hemisphere (MASIE-NH), Version 1. 4km resolution, NSIDC: National Snow and Ice Data Center [data set], https://doi.org/10.7265/N5GT5K3K, 2022. TeamCore 10.7265/N5GT5K3KR:ALanguageandEnvironment for Statistical Computing, R Foundation for Statistical Computing 2023 code, v4.3.1. last access: 17 August 2023 R Core Team: R: A Language and Environment for"
essd-15-3733-2023.pdf,grobid_tei,full_tei_text,,doi,"10.5281/zenodo.8263692Zenodo2023codev1.0Schlegel,",https://doi.org/10.5281/zenodo.8263692Zenodo2023codev1.0Schlegel,"-project.org/(last access: 17 August 2023), 2023. Code used for the analysis of a dataset for investigating socio-ecological changes in Arctic fjords RSchlegel 10.5281/zenodo.8263692Zenodo2023codev1.0Schlegel, R.: Code used for the analysis of a dataset for investigating socio-ecological changes in Arctic fjords, Zenodo [code v1.0], https://doi.org/10.5281/zenodo.826"
essd-15-3733-2023.pdf,grobid_tei,full_tei_text,,doi,10.1594/PANGAEA.953115ADatasetforInvestigatingSocioecological,https://doi.org/10.1594/PANGAEA.953115ADatasetforInvestigatingSocioecological,"ttps://doi.org/10.5281/zenodo.8263692, 2023. A dataset for investigating socio-ecological changes in Arctic fjords RWSchlegel J.-PGattuso RSchlegel J.-PGattuso 10.1594/PANGAEA.953115ADatasetforInvestigatingSocioecological Changes in Arctic Fjords 2022 data set R. W. Schlegel and J.-P. Gattuso: A dataset for investigating socio-ecological changes in Arctic fjords Schlegel, R. and"
essd-15-3733-2023.pdf,grobid_tei,full_tei_text,,doi,"10.1594/PANGAEA.953115CambridgePrisms,",https://doi.org/10.1594/PANGAEA.953115CambridgePrisms,"RSchlegel IBartsch KBischof LRBjørst HDannevig NDiehl PDuarte GKHovelsrud TJuul-Pedersen ALebrun LMerillet CMiller CRen MSejr JESøreide TRVonnahme J.-PGattuso 10.1594/PANGAEA.953115CambridgePrisms, Coastal Futures 2023 Schlegel, R., Bartsch, I., Bischof, K., Bjørst, L. R., Dannevig, H., Diehl, N., Duarte, P., Hovelsrud, G. K., Juul-Pedersen, T., Le- brun,"
essd-15-3733-2023.pdf,grobid_tei,full_tei_text,,doi,10.1017/cft.2023.12019NorwegianPolarInstitutedata,https://doi.org/10.1017/cft.2023.12019NorwegianPolarInstitutedata,"Prisms, Coastal Futures, 1, e13, https://doi.org/10.1017/cft.2023.1, 2023. RSkogseth PEllingsen JBerge FCottier SFalk-Petersen BIvanov FNilsen JSøreide AVader 10.1017/cft.2023.12019NorwegianPolarInstitutedata set Skogseth, R., Ellingsen, P., Berge, J., Cottier, F., Falk-Petersen, S., Ivanov, B., Nilsen, F., Søreide, J., and Vader, A.: UNIS hydrographic database, Nor"
essd-15-3733-2023.pdf,grobid_tei,full_tei_text,,doi,"10.1007/s12526-010-0073-9Mar.Biodivers412011Węsławski,",https://doi.org/10.1007/s12526-010-0073-9Mar.Biodivers412011Węsławski,"cts on Arctic fjord and coastal macrobenthic diversity -Observations and predictions JMWęsławski MAKendall MWłodarska-Kowalczuk KIken MKędra JLegezynska MKSejr 10.1007/s12526-010-0073-9Mar.Biodivers412011Węsławski, J. M., Kendall, M. A., Włodarska-Kowalczuk, M., Iken, K., Kędra, M., Legezynska, J., and Sejr, M. K.: Climate change effects on Arctic fjord and coastal macrob"
essd-15-3733-2023.pdf,grobid_tei,full_tei_text,,doi,10.1007/s12526-010-0073-9J.Stat.Softw592014,https://doi.org/10.1007/s12526-010-0073-9J.Stat.Softw592014,"astal macrobenthic diver- sity -Observations and predictions, Mar. Biodivers., 41, 71-85, https://doi.org/10.1007/s12526-010-0073-9, 2011. H: Tidy Data Wickham 10.1007/s12526-010-0073-9J.Stat.Softw592014 Wickham, H: Tidy Data, J. Stat. Softw., 59, 1-23, https://doi.org/10.18637/jss.v059.i10, 2014."
essd-15-5135-2023.pdf,pymupdf,page_text,1,url,https://doi.org/10.5194/essd-15-5135-2023,https://doi.org/10.5194/essd-15-5135-2023,"Earth Syst. Sci. Data, 15, 5135–5151, 2023 https://doi.org/10.5194/essd-15-5135-2023 © Author(s) 2023. This work is distributed under the Creative Commons Attribution 4.0 License. Measurements of nearshore ocean-surface kinematics through coher"
essd-15-5135-2023.pdf,pymupdf,page_text,1,url,"https://doi.org/10.5061/dryad.hx3ffbgk0(Rainvilleetal.,",https://doi.org/10.5061/dryad.hx3ffbgk0(Rainvilleetal,"king events detected in the experiment is shown. A total of 3419 wave-breaking events were detected across the entire experiment. These data are avail- able at https://doi.org/10.5061/dryad.hx3ffbgk0(Rainvilleetal., 2023) and will be used to investigate nearshore wave kinematics, transport of buoyant particles, and wave-breaking processes. Published by Copernicus Publicati"
essd-15-5135-2023.pdf,pymupdf,page_text,3,url,"https://uscoastalresearch.org,",https://uscoastalresearch.org,"ject is part of a larger collaborative effort called DUNEX (During Nearshore Event Experiment) that is funded through the US Coastal Research Pro- gram (USCRP, https://uscoastalresearch.org, last access: 21 November 2023). The overall goal of DUNEX is to use rapid-response or other event-focused measurements and models to improve understanding of c"
essd-15-5135-2023.pdf,pymupdf,page_text,3,url,"https://frfdataportal.erdc.dren.mil/,",https://frfdataportal.erdc.dren.mil/,"this study (locations shown in Fig. 1b). The FRF completes all data processing for these instruments, and the data products pro- duced are publicly available (https://frfdataportal.erdc.dren.mil/, last access: 21 November 2023). This sensor array in- Figure 1. (a) Aerial imagery of the Outer Banks of NC, USA, where the gold star is the location of the US"
essd-15-5135-2023.pdf,pymupdf,page_text,3,url,"https://doi.org/10.5194/essd-15-5135-2023EarthSyst.Sci.Data,",https://doi.org/10.5194/essd-15-5135-2023EarthSyst.Sci.Data,"riods from 5 to 15 s, and mean wave directions from 20 to 120◦relative to true north (where the cross-shore normal direction is 71.8◦ clockwise of true north). https://doi.org/10.5194/essd-15-5135-2023EarthSyst.Sci.Data, 15, 5135–5151, 2023"
essd-15-5135-2023.pdf,pymupdf,page_text,4,url,"https://github.com/SASlabgroup/microSWIFT,",https://github.com/SASlabgroup/microSWIFT,"an inertial measurement unit (IMU) that contains accelerometers, gyroscopes, and magnetometers, and an iridium modem. GitHub repository for open source access (https://github.com/SASlabgroup/microSWIFT, last access: 21 Novem- ber 2023). The ﬂow of onboard software is shown in Fig. 4. The microSWIFT is controlled by one primary function Earth Syst. Sci. Data, 1"
essd-15-5135-2023.pdf,pymupdf,page_text,6,url,"https://github.com/SASlabgroup/DUNEXMainExp,",https://github.com/SASlabgroup/DUNEXMainExp,"dix B in Rainville (2022), and the cleaning notes are stored in the metadata of each netCDF ﬁle and in the GitHub repository that contains all processing code (https://github.com/SASlabgroup/DUNEXMainExp, last ac- cess: 21 November 2023). The IMU data are then despiked using a piecewise cubic Hermite interpolating polynomial (PCHIP) function, a shape-preserving"
essd-15-5135-2023.pdf,pymupdf,page_text,7,url,"https://www.mathworks.com/help/nav/multisensor-positioning.html,",https://www.mathworks.com/help/nav/multisensor-positioning.html,"e Earth reference frame using a 9 degrees-of-freedom indi- rect Kalman ﬁlter for IMU sensor fusion that is prepackaged in the MATLAB Navigation Toolbox (2022b, https://www.mathworks.com/help/nav/multisensor-positioning.html, last access: 21 November 2023). A schematic representation and an example corrected signal are shown, respectively, in Fig. 6a and b. The corrections to the ac"
essd-15-5135-2023.pdf,pymupdf,page_text,13,url,"https://doi.org/10.5281/zenodo.10198469(Rainville,",https://doi.org/10.5281/zenodo.10198469(Rainville,"and 2 data and to build the ﬁnal dataset is stored in a GitHub repository at https://github.com/SASlabgroup/DUNEXMainExp (last access: 21 November 2023) and at https://doi.org/10.5281/zenodo.10198469(Rainville, 2023). The code used to analyze the data is also contained in the same repository and can be used as an example code to start future analyses. 6 Conclusions We"
essd-15-5135-2023.pdf,pymupdf,page_text,15,url,"https://doi.org/10.1051/lhb/2016020,",https://doi.org/10.1051/lhb/2016020,"tched image sequences, Coast. Eng., 53, 1013–1032, 2006. Bertin, X.: Storm surges and coastal ﬂooding: sta- tus and challenges, La Houille Blanche, 102, 64–70, https://doi.org/10.1051/lhb/2016020, 2016. Birch, R., Fissel, D. B., Borg, K., Lee, V., and English, D.: The capa- bilities of Doppler current proﬁlers for directional wave measure- ments in coast"
essd-15-5135-2023.pdf,pymupdf,page_text,15,url,"https://doi.org/10.1109/OCEANS.2004.1406330,",https://doi.org/10.1109/OCEANS.2004.1406330,"ers for directional wave measure- ments in coastal and nearshore waters, in: Oceans’ 04 MTS/IEEE Techno-Ocean’04 (IEEE Cat. No. 04CH37600), vol. 3, 1418– 1427, https://doi.org/10.1109/OCEANS.2004.1406330, 2004. Boehm, A. B., Ismail, N. S., Sassoubre, L. M., and Andruszkiewicz, E. A.: Oceans in Peril: Grand Challenges in Applied Water Qual- ity Research for the 2"
essd-15-5135-2023.pdf,pymupdf,page_text,15,url,"https://doi.org/10.1089/ees.2015.0252,",https://doi.org/10.1089/ees.2015.0252,"re, L. M., and Andruszkiewicz, E. A.: Oceans in Peril: Grand Challenges in Applied Water Qual- ity Research for the 21st Century, Environ. Eng. Sci., 34, 3–15, https://doi.org/10.1089/ees.2015.0252, 2017. Booij, N., Holthuijsen, L. H., and Ris, R. C.: THE “SWAN” WAVE MODEL FOR SHALLOW WATER, Coastal Engineering Pro- ceedings, https://doi.org/10.1061/978078"
essd-15-5135-2023.pdf,pymupdf,page_text,15,url,"https://doi.org/10.1061/9780784402429.053,",https://doi.org/10.1061/9780784402429.053,"doi.org/10.1089/ees.2015.0252, 2017. Booij, N., Holthuijsen, L. H., and Ris, R. C.: THE “SWAN” WAVE MODEL FOR SHALLOW WATER, Coastal Engineering Pro- ceedings, https://doi.org/10.1061/9780784402429.053, 1996. Brown, A., Thomson, J., Ellenson, A., Rollano, F. T., Ozkan-Haller, H. T., and Haller, M. C.: Kinematics and Statistics of Breaking Waves Observed Using"
essd-15-5135-2023.pdf,pymupdf,page_text,15,url,"https://doi.org/10.1109/JOE.2018.2868335,",https://doi.org/10.1109/JOE.2018.2868335,"ano, F. T., Ozkan-Haller, H. T., and Haller, M. C.: Kinematics and Statistics of Breaking Waves Observed Using SWIFT Buoys, IEEE J. Ocean. Eng., 44, 1011–1023, https://doi.org/10.1109/JOE.2018.2868335, 2019. Carini, R. J., Chickadel, C. C., Jessup, A. T., and Thomson, J.: Esti- mating wave energy dissipation in the surf zone using thermal in- frared imagery,"
essd-15-5135-2023.pdf,pymupdf,page_text,15,url,https://waveworkshop.org/12thWaves/index.htm,https://waveworkshop.org/12thWaves/index.htm,"ed at the Field Research Fa- cility, in: Proceedings of 12th International Workshop on Wave Hindcasting & Forecasting & 3rd Coastal Hazard s Symposium, 12 pp., https://waveworkshop.org/12thWaves/index.htm (last ac- cess: 21 Novemer 2023), 2011. Dean, R. G. and Dalrymple, R. A.: Water wave mechanics for engi- neers and scientists, vol. 2, world scientiﬁc publishi"
essd-15-5135-2023.pdf,pymupdf,page_text,15,url,"https://doi.org/10.1016/j.ocemod.2016.09.001,",https://doi.org/10.1016/j.ocemod.2016.09.001,"Shi, F., and Ma, G.: Wave breaking in the surf zone and deep-water in a non-hydrostatic RANS model. Part 1: Organized wave motions, Ocean Model., 107, 125–138, https://doi.org/10.1016/j.ocemod.2016.09.001, 2016. Earle, M. D., Steele, K., and Wang, D. W.: Use of advanced di- rectional wave spectra analysis methods, Ocean Eng., 26, 1421– 1434, 1999. Elgar, S., Guza"
essd-15-5135-2023.pdf,pymupdf,page_text,15,url,"https://doi.org/10.1029/97JC01010,",https://doi.org/10.1029/97JC01010,"B., Herbers, T. H. C., and Gal- lagher, E. L.: Spectral evolution of shoaling and breaking waves on a barred beach, J. Geophys. Res.-Oceans, 102, 15535–15847, https://doi.org/10.1029/97JC01010, 1997. Elgar, S., Guza, R., O’Reilly, W., Raubenheimer, B., and Herbers, T.: Wave energy and direction observed near a pier, J. Waterw. Port C., 127, 2–6, 2001."
essd-15-5135-2023.pdf,pymupdf,page_text,15,url,"https://doi.org/10.1029/98JC01270,",https://doi.org/10.1029/98JC01270,"001. Feddersen, F., Guza, R. T., Elgar, S., and Herbers, T. H. C.: Along- shore momentum balances in the nearshore, J. Geophys. Res.- Oceans, 103, 15667–15676, https://doi.org/10.1029/98JC01270, 1998. Feddersen, F., Amador, A., Pick, K., Vizuet, A., Quinn, K., Wolﬁnger, E., MacMahan, J., and Fincham, A.: The wavedrifter: a low-cost IMU-based Lagrangian"
essd-15-5135-2023.pdf,pymupdf,page_text,15,url,"https://doi.org/10.1080/21664250.2023.2238949,",https://doi.org/10.1080/21664250.2023.2238949,"low-cost IMU-based Lagrangian drifter to ob- serve steepening and overturning of surface gravity waves and the transition to turbulence, Coast. Eng. J., 1–14, https://doi.org/10.1080/21664250.2023.2238949, 2023. Forristall, G. Z.: Wave crest distributions: Observations and second- order theory, J. Phys. Oceanogr., 30, 1931–1943, 2000. Gallagher, E. L., Elgar, S.,"
essd-15-5135-2023.pdf,pymupdf,page_text,15,url,"https://doi.org/10.1029/97JC02765,",https://doi.org/10.1029/97JC02765,"1931–1943, 2000. Gallagher, E. L., Elgar, S., and Guza, R. T.: Observations of sand bar evolution on a natural beach, J. Geophys. Res.-Oceans, 103, 3203–3215, https://doi.org/10.1029/97JC02765, 1998. https://doi.org/10.5194/essd-15-5135-2023EarthSyst.Sci.Data, 15, 5135–5151, 2023"
essd-15-5135-2023.pdf,pymupdf,page_text,16,url,"https://doi.org/10.1016/j.coastaleng.2016.06.012,",https://doi.org/10.1016/j.coastaleng.2016.06.012,"ie, K. L., and McNinch, J. E.: Bathymetric control on the spatial distribution of wave breaking in the surf zone of a natural beach, Coast. Eng., 116, 180–194, https://doi.org/10.1016/j.coastaleng.2016.06.012, 2016. Guérin, T., Bertin, X., Coulombier, T., and de Bakker, A.: Im- pacts of wave-induced circulation in the surf zone on wave setup, Ocean Model., 123, 86–97"
essd-15-5135-2023.pdf,pymupdf,page_text,16,url,"https://doi.org/10.1175/JTECH-D-11-00128.1,",https://doi.org/10.1175/JTECH-D-11-00128.1,"Jessen, P. F., Janssen, T. T., Colbert, D. B., and MacMahan, J. H.: Observing Ocean Surface Waves with GPS-Tracked Buoys, J. Atmos. Ocean. Tech., 29, 944–959, https://doi.org/10.1175/JTECH-D-11-00128.1, 2012. IPCC: Summary for Policymakers. In: Climate Change 2021: The Physical Science Basis. Contribution of Working Group I to the Sixth Assessment Report of th"
essd-15-5135-2023.pdf,pymupdf,page_text,16,url,"https://doi.org/10.12988/ams.2014.44284,",https://doi.org/10.12988/ams.2014.44284,".001, 2021. Karim, S. A. A., Rosli, M. A. M., and Mustafa, M. I. M.: Cubic spline interpolation for petroleum engineering data, Appl. Math. Sci., 8, 5083–5098, https://doi.org/10.12988/ams.2014.44284, 2014. Kirby, J. T., Wei, G., Chen, Q., Kennedy, A. B., and Dal- rymple, R. A.: Funwave 1.0: Fully Nonlinear Boussinesq Wave Model – Documentation and User’s Ma"
essd-15-5135-2023.pdf,pymupdf,page_text,16,url,https://repository.tudelft.nl/islandora/object/uuid%3Ad79bba08-8d35-47e2-b901-881c86985ce4,https://repository.tudelft.nl/islandora/object/uuid%3Ad79bba08-8d35-47e2-b901-881c86985ce4,", Kennedy, A. B., and Dal- rymple, R. A.: Funwave 1.0: Fully Nonlinear Boussinesq Wave Model – Documentation and User’s Manual, research report NO. CACR-98-06, https://repository.tudelft.nl/islandora/object/uuid%3Ad79bba08-8d35-47e2-b901-881c86985ce4 (last access: 21 November 2023), 1998. Kuik, A. J., Vledder, G. P. v., and Holthuijsen, L. H.: A Method for the Routine Analysis of Pitch-and-Roll Buoy Wave Da"
essd-15-5135-2023.pdf,pymupdf,page_text,16,url,https://doi.org/10.1175/1520-0485(1988)018,https://doi.org/10.1175/1520-0485(1988)018,"Kuik, A. J., Vledder, G. P. v., and Holthuijsen, L. H.: A Method for the Routine Analysis of Pitch-and-Roll Buoy Wave Data, J. Phys. Oceanogr., 18, 1020–1034, https://doi.org/10.1175/1520-0485(1988)018<1020:AMFTRA>2.0.CO;2, 1988. Lavaud, L., Bertin, X., Martins, K., Pezerat, M., Coulombier, T., and Dausse, D.: Wave dissipation and mean circulation on a shore"
essd-15-5135-2023.pdf,pymupdf,page_text,16,url,"https://doi.org/10.1029/2021JF006466,",https://doi.org/10.1029/2021JF006466,"lombier, T., and Dausse, D.: Wave dissipation and mean circulation on a shore platform under storm wave conditions, J. Geophys. Res.-Earth, 127, e2021JF006466, https://doi.org/10.1029/2021JF006466, 2022. Ma, G., Shi, F., and Kirby, J. T.: Shock-capturing non-hydrostatic model for fully dispersive sur- face wave processes, Ocean Model., 43–44, 22–35, https"
essd-15-5135-2023.pdf,pymupdf,page_text,16,url,"https://doi.org/10.1016/j.ocemod.2011.12.002,",https://doi.org/10.1016/j.ocemod.2011.12.002,"6466, 2022. Ma, G., Shi, F., and Kirby, J. T.: Shock-capturing non-hydrostatic model for fully dispersive sur- face wave processes, Ocean Model., 43–44, 22–35, https://doi.org/10.1016/j.ocemod.2011.12.002, 2012. Magnusson, A., Donelan, M., and Drennan, W.: On estimating ex- tremes in an evolving wave ﬁeld, Coast. Eng., 36, 147–163, 1999. Martínez, M. L., Intralaw"
essd-15-5135-2023.pdf,pymupdf,page_text,16,url,"https://doi.org/10.1016/j.ecolecon.2006.10.022,",https://doi.org/10.1016/j.ecolecon.2006.10.022,"Vázquez, G., Pérez-Maqueo, O., Sutton, P., and Landgrave, R.: The coasts of our world: Ecologi- cal, economic and social importance, Ecol. Econ., 63, 254–272, https://doi.org/10.1016/j.ecolecon.2006.10.022, 2007. Moulton, M., Suanda, S. H., Garwood, J. C., Kumar, N., Fewings, M. R., and Pringle, J. M.: Exchange of plankton, pollutants, and particles across the nea"
essd-15-5135-2023.pdf,pymupdf,page_text,16,url,"https://doi.org/10.1007/s10584-014-1304-z,",https://doi.org/10.1007/s10584-014-1304-z,"storm surge and sea-level rise on US Coasts: new economic estimates of impacts, adaptation, and beneﬁts of mitigation policy, Cli- matic Change, 129, 337–349, https://doi.org/10.1007/s10584-014-1304-z, 2015. Nuttall, A. and Carter, G.: A generalized framework for power spec- tral estimation, IEEE T. Acoust. Speech, 28, 334–335, 1980. Pedersen, T., Siegel, E.,"
essd-15-5135-2023.pdf,pymupdf,page_text,16,url,"https://doi.org/10.1109/OCEANS.2007.4449153,",https://doi.org/10.1109/OCEANS.2007.4449153,", T., Siegel, E., and Wood, J.: Directional Wave Mea- surements from a Subsurface Buoy with an Acoustic Wave and Current Proﬁler (AWAC), in: OCEANS 2007, 1–10, https://doi.org/10.1109/OCEANS.2007.4449153, 2007. Pezerat, M., Bertin, X., Martins, K., and Lavaud, L.: Cross-shore distribution of the wave-induced circulation over a dissipative beach under storm wave"
essd-15-5135-2023.pdf,pymupdf,page_text,16,url,"https://doi.org/10.1029/2021JC018108,",https://doi.org/10.1029/2021JC018108,"L.: Cross-shore distribution of the wave-induced circulation over a dissipative beach under storm wave conditions, J. Geophys. Res.-Oceans, 127, e2021JC018108, https://doi.org/10.1029/2021JC018108, 2022. Pizzo, N. E.: Surﬁng surface gravity waves, J. Fluid Mech., 823, 316–328, 2017. Raghukumar, K., Chang, G., Spada, F., Jones, C., Janssen, T., and Gans, A"
essd-15-5135-2023.pdf,pymupdf,page_text,16,url,"https://doi.org/10.1175/JTECH-D-18-0151.1,",https://doi.org/10.1175/JTECH-D-18-0151.1,"Janssen, T., and Gans, A.: Performance Characteristics of “Spotter”, a Newly Developed Real-Time Wave Measurement Buoy, J. Atmos. Ocean. Tech., 36, 1127–1141, https://doi.org/10.1175/JTECH-D-18-0151.1, 2019. Rainville, E. J.: Measurements of Nearshore Waves through Coher- ent Arrays of Small-Scale, Free-Drifting Wave Buoys, Master’s thesis, University of Wash"
essd-15-5135-2023.pdf,pymupdf,page_text,16,url,https://digital.lib.washington.edu/researchworks/handle/1773/49294,https://digital.lib.washington.edu/researchworks/handle/1773/49294,"ainville, E. J.: Measurements of Nearshore Waves through Coher- ent Arrays of Small-Scale, Free-Drifting Wave Buoys, Master’s thesis, University of Washington, https://digital.lib.washington.edu/researchworks/handle/1773/49294 (last access: 21 Novem- ber 2023), 2022. Rainville, E.: DUNEXMainExp (v1.0), Zenodo [code], https://doi.org/10.5281/zenodo.10198469, 2023. Rainville, E. J., Th"
essd-15-5135-2023.pdf,pymupdf,page_text,16,url,"https://doi.org/10.5281/zenodo.10198469,",https://doi.org/10.5281/zenodo.10198469,"https://digital.lib.washington.edu/researchworks/handle/1773/49294 (last access: 21 Novem- ber 2023), 2022. Rainville, E.: DUNEXMainExp (v1.0), Zenodo [code], https://doi.org/10.5281/zenodo.10198469, 2023. Rainville, E. J., Thomson, J., Moulton, M., and Derakhti, M.: Measurements of Nearshore Waves through Coherent Arrays of Free-Drifting Wave Buoys (UW_dri"
essd-15-5135-2023.pdf,pymupdf,page_text,16,url,"https://doi.org/10.5061/dryad.hx3ffbgk0,",https://doi.org/10.5061/dryad.hx3ffbgk0,"homson, J., Moulton, M., and Derakhti, M.: Measurements of Nearshore Waves through Coherent Arrays of Free-Drifting Wave Buoys (UW_drifters), Dryad [data set], https://doi.org/10.5061/dryad.hx3ffbgk0, 2023. Raubenheimer, B., Guza, R., and Elgar, S.: Wave transformation across the inner surf zone, J. Geophys. Res.-Oceans, 101, 25589– 25597, 1996. Ruessink, B."
essd-15-5135-2023.pdf,pymupdf,page_text,16,url,"https://doi.org/10.1029/2000JC000766,",https://doi.org/10.1029/2000JC000766,", B. G., Miles, J. R., Feddersen, F., Guza, R. T., and Elgar, S.: Modeling the alongshore current on barred beaches, J. Geophys. Res.-Oceans, 106, 22451–22463, https://doi.org/10.1029/2000JC000766, 2001. Sallenger Jr., A. H. and Holman, R. A.: Wave energy saturation on a natural beach of variable slope, J. Geophys. Res.-Oceans, 90, 11939–11944, 1985. Schm"
essd-15-5135-2023.pdf,pymupdf,page_text,16,url,"https://doi.org/10.1175/1460.1,",https://doi.org/10.1175/1460.1,"W. E., Woodward, B. T., Millikan, K. S., Guza, R. T., Raubenheimer, B., and Elgar, S.: A GPS-Tracked Surf Zone Drifter, J. Atmos. Ocean. Tech., 20, 1069–1075, https://doi.org/10.1175/1460.1, 2003. Schmidt, W. E., Guza, R. T., and Slinn, D. N.: Surf zone currents over irregular bathymetry: Drifter observations and numerical simulations, J. Geophys."
essd-15-5135-2023.pdf,pymupdf,page_text,16,url,"https://doi.org/10.1029/2004JC002421,",https://doi.org/10.1029/2004JC002421,"E., Guza, R. T., and Slinn, D. N.: Surf zone currents over irregular bathymetry: Drifter observations and numerical simulations, J. Geophys. Res., 110, C12015, https://doi.org/10.1029/2004JC002421, 2005. Shi, F., Kirby, J. T., Harris, J. C., Geiman, J. D., and Grilli, S. T.: A high-order adaptive time-stepping TVD solver for Boussi- nesq modeling of break"
essd-15-5135-2023.pdf,pymupdf,page_text,16,url,"https://doi.org/10.1175/2007JPO3580.1,",https://doi.org/10.1175/2007JPO3580.1,"205– 209, 2014. Spydell, M., Feddersen, F., Guza, R. T., and Schmidt, W. E.: Ob- serving Surf-Zone Dispersion with Drifters, J. Phys. Oceanogr., 37, 2920–2939, https://doi.org/10.1175/2007JPO3580.1, 2007. Earth Syst. Sci. Data, 15, 5135–5151, 2023 https://doi.org/10.5194/essd-15-5135-2023"
essd-15-5135-2023.pdf,pymupdf,page_text,16,doi,"doi:10.1017/9781009157896.001,",https://doi.org/10.1017/9781009157896.001,"J. B. R., Maycock, T. K., Waterﬁeld, T., Yelekçi, O., Yu, R., and Zhou, B., Cambridge University Press, Cambridge, United Kingdom and New York, NY, USA, 3–32, doi:10.1017/9781009157896.001, 2021. Karim, S. A. A., Rosli, M. A. M., and Mustafa, M. I. M.: Cubic spline interpolation for petroleum engineering data, Appl. Math. Sci., 8, 5083–5098, https"
essd-15-5135-2023.pdf,pymupdf,page_text,17,url,"https://doi.org/10.1175/JTECH-D-12-00018.1,",https://doi.org/10.1175/JTECH-D-12-00018.1,"Publishing Company, ISBN 978-981-310-205-7, 2005. Thomson, J.: Wave Breaking Dissipation Observed with “SWIFT” Drifters, J. Atmos. Ocean. Tech., 29, 1866–1882, https://doi.org/10.1175/JTECH-D-12-00018.1, 2012. Thomson, J., Schwendeman, M. S., Zippel, S. F., Moghimi, S., Gemmrich, J., and Rogers, W. E.: Wave-Breaking Turbulence in the Ocean Surface Layer, J. Phy"
essd-15-5135-2023.pdf,pymupdf,page_text,17,url,"https://doi.org/10.1175/JPO-D-15-0130.1,",https://doi.org/10.1175/JPO-D-15-0130.1,"an, M. S., Zippel, S. F., Moghimi, S., Gemmrich, J., and Rogers, W. E.: Wave-Breaking Turbulence in the Ocean Surface Layer, J. Phys. Oceanogr., 46, 1857–1870, https://doi.org/10.1175/JPO-D-15-0130.1, 2016. Thomson, J., Girton, J. B., Jha, R., and Trapani, A.: Measurements of Directional Wave Spectra and Wind Stress from a Wave Glider Autonomous Surface Vehi"
essd-15-5135-2023.pdf,pymupdf,page_text,17,url,"https://doi.org/10.1175/JTECH-D-17-0091.1,",https://doi.org/10.1175/JTECH-D-17-0091.1,"and Trapani, A.: Measurements of Directional Wave Spectra and Wind Stress from a Wave Glider Autonomous Surface Vehicle, J. Atmos. Ocean. Tech., 35, 347– 363, https://doi.org/10.1175/JTECH-D-17-0091.1, 2018. Thomson, J., Bush P., Castillo, V., Clemett, N., Davis, J., de Klerk, A., Iseley, E., Rainville, E., Salmi, B., and Talbert, J.: Develop- ment and testin"
essd-15-5135-2023.pdf,pymupdf,page_text,17,url,"https://doi.org/10.1029/JC088iC10p05925,",https://doi.org/10.1029/JC088iC10p05925,"r, ISBN 978-0-12-387782-6, 3rd edn., 2014. Thornton, E. B. and Guza, R. T.: Transformation of wave height distribution, J. Geophys. Res.-Oceans, 88, 5925–5938, https://doi.org/10.1029/JC088iC10p05925, 1983. Tolman, H. L.: User manual and system documentation of WAVE- WATCH III TM version 3.14, https://polar.ncep.noaa.gov/mmab/papers/tn276/MMAB_276.pdf (last"
essd-15-5135-2023.pdf,pymupdf,page_text,17,url,https://polar.ncep.noaa.gov/mmab/papers/tn276/MMAB_276.pdf,https://polar.ncep.noaa.gov/mmab/papers/tn276/MMAB_276.pdf,".-Oceans, 88, 5925–5938, https://doi.org/10.1029/JC088iC10p05925, 1983. Tolman, H. L.: User manual and system documentation of WAVE- WATCH III TM version 3.14, https://polar.ncep.noaa.gov/mmab/papers/tn276/MMAB_276.pdf (last access: 21 November 2023), 1999. Voermans, J. J., Babanin, A. V., Thomson, J., Smith, M. M., and Shen, H. H.: Wave Attenuation by Sea Ice Turbulence, Geo"
essd-15-5135-2023.pdf,pymupdf,page_text,17,url,"https://doi.org/10.1029/2019GL082945,",https://doi.org/10.1029/2019GL082945,"1999. Voermans, J. J., Babanin, A. V., Thomson, J., Smith, M. M., and Shen, H. H.: Wave Attenuation by Sea Ice Turbulence, Geophys. Res. Lett., 46, 6796–6803, https://doi.org/10.1029/2019GL082945, 2019. Webster, R. K. and Linton, T.: Development and implementation of Sargassum early advisory system (SEAS), Shore & Beach, 81, 43–49, 2013. Zippel, S. and T"
essd-15-5135-2023.pdf,pymupdf,page_text,17,url,"https://doi.org/10.1002/2016JC012498,",https://doi.org/10.1002/2016JC012498,"l, S. and Thomson, J.: Surface wave breaking over sheared currents: Observations from the Mouth of the Columbia River, J. Geophys. Res.-Oceans, 122, 3311–3328, https://doi.org/10.1002/2016JC012498, 2017. https://doi.org/10.5194/essd-15-5135-2023EarthSyst.Sci.Data, 15, 5135–5151, 2023"
essd-15-5135-2023.pdf,grobid_tei,target,,url,https://github.com/kermitt2/grobid,https://github.com/kermitt2/grobid,
essd-15-5135-2023.pdf,grobid_tei,target,,url,http://waveworkshop.org/12thWaves/index.htm,http://waveworkshop.org/12thWaves/index.htm,
essd-15-5135-2023.pdf,grobid_tei,target,,url,https://repository.tudelft.nl/islandora/object/uuid%3,https://repository.tudelft.nl/islandora/object/uuid%3,
essd-15-5135-2023.pdf,grobid_tei,target,,url,https://doi.org/10.1175/1520-0485,https://doi.org/10.1175/1520-0485,
essd-15-5135-2023.pdf,grobid_tei,full_tei_text,,url,"https://doi.org/10.5194/essd-15-5135-2023https://doi.org/10.5194/essd-15-5135-2023EarthSyst.Sci.Data,",https://doi.org/10.5194/essd-15-5135-2023https://doi.org/10.5194/essd-15-5135-2023EarthSyst.Sci.Data,"erage noise varianceThree-axis linear accelerometer FXOS8700CQ 0.244 mg LSB -1±2 g/±4 g 0.00004 m s -20.488 mg LSB -1 Earth Syst. Sci.Data, 15, 5135-5151, 2023 https://doi.org/10.5194/essd-15-5135-2023https://doi.org/10.5194/essd-15-5135-2023EarthSyst.Sci.Data, 15, 5135-5151, 2023 data products consist of three-axis accelerations corrected https://doi.org/10.5194/essd-15-5135-2023EarthSyst.Sci.Data, 15, 5135-5151, 202"
essd-15-5135-2023.pdf,grobid_tei,full_tei_text,,doi,10.1051/lhb/20160202016102LaHouilleBlanche,https://doi.org/10.1051/lhb/20160202016102LaHouilleBlanche,"s of short water waves using stereo matched image sequences, Coast. Eng., 53, 1013-1032, 2006. Storm surges and coastal flooding: status and challenges XBertin 10.1051/lhb/20160202016102LaHouilleBlanche Bertin, X.: Storm surges and coastal flooding: sta- tus and challenges, La Houille Blanche, 102, 64-70, https://doi.org/10.1051/lhb/2016020, 2016. The capabili"
essd-15-5135-2023.pdf,grobid_tei,full_tei_text,,doi,"10.1109/OCEANS.2004.14063302004IEEECat3Birch,",https://doi.org/10.1109/OCEANS.2004.14063302004IEEECat3Birch,"urrent profilers for directional wave measurements in coastal and nearshore waters, in: Oceans' 04 MTS/IEEE Techno-Ocean'04 RBirch DBFissel KBorg VLee DEnglish 10.1109/OCEANS.2004.14063302004IEEECat3Birch, R., Fissel, D. B., Borg, K., Lee, V., and English, D.: The capa- bilities of Doppler current profilers for directional wave measure- ments in coastal and nears"
essd-15-5135-2023.pdf,grobid_tei,full_tei_text,,doi,10.1109/OCEANS.2004.1406330Environ.Eng.Sci342017,https://doi.org/10.1109/OCEANS.2004.1406330Environ.Eng.Sci342017,"EANS.2004.1406330, 2004. Oceans in Peril: Grand Challenges in Applied Water Quality Research for the 21st Century ABBoehm NSIsmail LMSassoubre EAAndruszkiewicz 10.1109/OCEANS.2004.1406330Environ.Eng.Sci342017 Boehm, A. B., Ismail, N. S., Sassoubre, L. M., and Andruszkiewicz, E. A.: Oceans in Peril: Grand Challenges in Applied Water Qual- ity Research for the 21st Ce"
essd-15-5135-2023.pdf,grobid_tei,full_tei_text,,doi,10.1089/ees.2015.0252THE,https://doi.org/10.1089/ees.2015.0252THE,"in Applied Water Qual- ity Research for the 21st Century, Environ. Eng. Sci., 34, 3-15, https://doi.org/10.1089/ees.2015.0252, 2017. NBooij LHHolthuijsen RCRis 10.1089/ees.2015.0252THE ""SWAN"" WAVE MODEL FOR SHALLOW WATER, Coastal Engineering Proceedings 1996 Booij, N., Holthuijsen, L. H., and Ris, R. C.: THE ""SWAN"" WAVE MODEL FOR SHALLOW WATE"
essd-15-5135-2023.pdf,grobid_tei,full_tei_text,,doi,10.1061/9780784402429.053IEEEJ.Ocean.Eng44,https://doi.org/10.1061/9780784402429.053IEEEJ.Ocean.Eng44,"061/9780784402429.053, 1996. Kinematics and Statistics of Breaking Waves Observed Using SWIFT Buoys ABrown JThomson AEllenson FTRollano HTOzkan-Haller MCHaller 10.1061/9780784402429.053IEEEJ.Ocean.Eng44 2019 Brown, A., Thomson, J., Ellenson, A., Rollano, F. T., Ozkan-Haller, H. T., and Haller, M. C.: Kinematics and Statistics of Breaking Waves Observed Using S"
essd-15-5135-2023.pdf,grobid_tei,full_tei_text,,doi,10.1109/JOE.2018.2868335J.Geophys.Res.-Oceans1202015,https://doi.org/10.1109/JOE.2018.2868335J.Geophys.Res.-Oceans1202015,"i.org/10.1109/JOE.2018.2868335, 2019. Estimating wave energy dissipation in the surf zone using thermal infrared imagery RJCarini CCChickadel ATJessup JThomson 10.1109/JOE.2018.2868335J.Geophys.Res.-Oceans1202015 Carini, R. J., Chickadel, C. C., Jessup, A. T., and Thomson, J.: Esti- mating wave energy dissipation in the surf zone using thermal in- frared imagery, J. Geo"
essd-15-5135-2023.pdf,grobid_tei,full_tei_text,,doi,"10.1016/j.ocemod.2016.09.0012016107Derakhti,",https://doi.org/10.1016/j.ocemod.2016.09.0012016107Derakhti,"91, 2017. Wave breaking in the surf zone and deep-water in a non-hydrostatic RANS model. Part 1: Organized wave motions, Ocean Model MDerakhti JTKirby FShi GMa 10.1016/j.ocemod.2016.09.0012016107Derakhti, M., Kirby, J. T., Shi, F., and Ma, G.: Wave breaking in the surf zone and deep-water in a non-hydrostatic RANS model. Part 1: Organized wave motions, Ocean Mod"
essd-15-5135-2023.pdf,grobid_tei,full_tei_text,,doi,"10.1016/j.ocemod.2016.09.001OceanEng261999Earle,",https://doi.org/10.1016/j.ocemod.2016.09.001OceanEng261999Earle,"cean Model., 107, 125-138, https://doi.org/10.1016/j.ocemod.2016.09.001, 2016. Use of advanced directional wave spectra analysis methods MDEarle KSteele DWWang 10.1016/j.ocemod.2016.09.001OceanEng261999Earle, M. D., Steele, K., and Wang, D. W.: Use of advanced di- rectional wave spectra analysis methods, Ocean Eng., 26, 1421- 1434, 1999. Spectral evolution of shoali"
essd-15-5135-2023.pdf,grobid_tei,full_tei_text,,doi,10.1029/97JC01010J.Geophys.Res.-Oceans1021997,https://doi.org/10.1029/97JC01010J.Geophys.Res.-Oceans1021997,"hods, Ocean Eng., 26, 1421- 1434, 1999. Spectral evolution of shoaling and breaking waves on a barred beach SElgar RTGuza BRaubenheimer TH CHerbers ELGallagher 10.1029/97JC01010J.Geophys.Res.-Oceans1021997 Elgar, S., Guza, R. T., Raubenheimer, B., Herbers, T. H. C., and Gal- lagher, E. L.: Spectral evolution of shoaling and breaking waves on a barred beach, J. Ge"
essd-15-5135-2023.pdf,grobid_tei,full_tei_text,,doi,10.1029/97JC01010J.Waterw.PortC127,https://doi.org/10.1029/97JC01010J.Waterw.PortC127,"Oceans, 102, 15535-15847, https://doi.org/10.1029/97JC01010, 1997. Wave energy and direction observed near a pier SElgar RGuza WO'reilly BRaubenheimer THerbers 10.1029/97JC01010J.Waterw.PortC127 2001 Elgar, S., Guza, R., O'Reilly, W., Raubenheimer, B., and Herbers, T.: Wave energy and direction observed near a pier, J. Waterw. Port C., 127, 2-6, 2001."
essd-15-5135-2023.pdf,grobid_tei,full_tei_text,,doi,10.1029/98JC01270J.Geophys.Res.-Oceans1031998.,https://doi.org/10.1029/98JC01270J.Geophys.Res.-Oceans1031998,"rface gravity waves and the transition to turbulence FFeddersen RTGuza SElgar TH CHerbers FFeddersen AAmador KPick AVizuet KQuinn EWolfinger JMacmahan AFincham 10.1029/98JC01270J.Geophys.Res.-Oceans1031998. 2023 Coast. Eng. J. Feddersen, F., Guza, R. T., Elgar, S., and Herbers, T. H. C.: Along- shore momentum balances in the nearshore, J. Geophys. Res.- Oceans, 10"
essd-15-5135-2023.pdf,grobid_tei,full_tei_text,,doi,"10.1080/21664250.2023.2238949J.Phys.Oceanogr301931-1943,",https://doi.org/10.1080/21664250.2023.2238949J.Phys.Oceanogr301931-1943,"rbulence, Coast. Eng. J., 1-14, https://doi.org/10.1080/21664250.2023.2238949, 2023. Wave crest distributions: Observations and secondorder theory GZForristall 10.1080/21664250.2023.2238949J.Phys.Oceanogr301931-1943, 2000 Forristall, G. Z.: Wave crest distributions: Observations and second- order theory, J. Phys. Oceanogr., 30, 1931-1943, 2000. Observations of sand bar evol"
essd-15-5135-2023.pdf,grobid_tei,full_tei_text,,doi,10.1029/97JC02765J.Geophys.Res.-Oceans1031998,https://doi.org/10.1029/97JC02765J.Geophys.Res.-Oceans1031998,"Observations and second- order theory, J. Phys. Oceanogr., 30, 1931-1943, 2000. Observations of sand bar evolution on a natural beach ELGallagher SElgar RTGuza 10.1029/97JC02765J.Geophys.Res.-Oceans1031998 Gallagher, E. L., Elgar, S., and Guza, R. T.: Observations of sand bar evolution on a natural beach, J. Geophys. Res.-Oceans, 103, 3203-3215, https://doi.org/1"
essd-15-5135-2023.pdf,grobid_tei,full_tei_text,,doi,"10.1016/j.coastaleng.2016.06.012Coast.Eng1162016Gomes,",https://doi.org/10.1016/j.coastaleng.2016.06.012Coast.Eng1162016Gomes,"029/97JC02765, 1998. Bathymetric control on the spatial distribution of wave breaking in the surf zone of a natural beach ERGomes RPMulligan KLBrodie JEMcninch 10.1016/j.coastaleng.2016.06.012Coast.Eng1162016Gomes, E. R., Mulligan, R. P., Brodie, K. L., and McNinch, J. E.: Bathymetric control on the spatial distribution of wave breaking in the surf zone of a natural beach"
essd-15-5135-2023.pdf,grobid_tei,full_tei_text,,doi,"10.1016/j.coastaleng.2016.06.0122018123Guérin,",https://doi.org/10.1016/j.coastaleng.2016.06.0122018123Guérin,"/10.1016/j.coastaleng.2016.06.012, 2016. Impacts of wave-induced circulation in the surf zone on wave setup, Ocean Model TGuérin XBertin TCoulombier ADe Bakker 10.1016/j.coastaleng.2016.06.0122018123Guérin, T., Bertin, X., Coulombier, T., and de Bakker, A.: Im- pacts of wave-induced circulation in the surf zone on wave setup, Ocean Model., 123, 86-97, 2018. Observ"
essd-15-5135-2023.pdf,grobid_tei,full_tei_text,,doi,10.1175/JTECH-D-11-00128.1doi:10.1017/9781009157896.001ContributionofWorkingGroup,https://doi.org/10.1175/JTECH-D-11-00128.1doi:10.1017/9781009157896.001ContributionofWorkingGroup,"son-Delmotte PZhai APirani SLConnors CPéan SBerger NCaud YChen LGoldfarb MIGomis MHuang KLeitzell ELonnoy JB RMatthews TKMaycock TWaterfield OYelekçi RYu BZhou 10.1175/JTECH-D-11-00128.1doi:10.1017/9781009157896.001ContributionofWorkingGroup I to the Sixth Assessment Report of the Intergovernmental Panel on Climate Change Cambridge, United Kingdom and New York, NY, USA Cambridge University Press 20"
essd-15-5135-2023.pdf,grobid_tei,full_tei_text,,doi,10.12988/ams.2014.44284Appl.Math.Sci82014,https://doi.org/10.12988/ams.2014.44284Appl.Math.Sci82014,"dom and New York, NY, USA, 3-32, doi:10.1017/9781009157896.001, 2021. Cubic spline interpolation for petroleum engineering data SA AKarim MA MRosli MI MMustafa 10.12988/ams.2014.44284Appl.Math.Sci82014 Karim, S. A. A., Rosli, M. A. M., and Mustafa, M. I. M.: Cubic spline interpolation for petroleum engineering data, Appl. Math. Sci., 8, 5083-5098, https://doi"
essd-15-5135-2023.pdf,grobid_tei,full_tei_text,,doi,10.1175/1520-0485J.Phys.Oceanogr181988.,https://doi.org/10.1175/1520-0485J.Phys.Oceanogr181988,"e2-b901-881c86985ce4 (last access: 21 November 2023), 1998. A Method for the Routine Analysis of Pitch-and-Roll Buoy Wave Data AJKuik GP VVledder LHHolthuijsen 10.1175/1520-0485J.Phys.Oceanogr181988. 1988 018<1020:AMFTRA>2.0.CO;2 Kuik, A. J., Vledder, G. P. v., and Holthuijsen, L. H.: A Method for the Routine Analysis of Pitch-and-Roll Buoy Wave Data, J. Ph"
essd-15-5135-2023.pdf,grobid_tei,full_tei_text,,doi,"10.1016/j.ocemod.2011.12.0022012OceanModelMa,",https://doi.org/10.1016/j.ocemod.2011.12.0022012OceanModelMa,", e2021JF006466, https://doi.org/10.1029/2021JF006466, 2022. Shock-capturing non-hydrostatic model for fully dispersive surface wave processes GMa FShi JTKirby 10.1016/j.ocemod.2011.12.0022012OceanModelMa, G., Shi, F., and Kirby, J. T.: Shock-capturing non-hydrostatic model for fully dispersive sur- face wave processes, Ocean Model., 43-44, 22-35, https://doi.org"
essd-15-5135-2023.pdf,grobid_tei,full_tei_text,,doi,"10.1016/j.ocemod.2011.12.002Coast.Eng361999Magnusson,",https://doi.org/10.1016/j.ocemod.2011.12.002Coast.Eng361999Magnusson,", Ocean Model., 43-44, 22-35, https://doi.org/10.1016/j.ocemod.2011.12.002, 2012. On estimating extremes in an evolving wave field AMagnusson MDonelan WDrennan 10.1016/j.ocemod.2011.12.002Coast.Eng361999Magnusson, A., Donelan, M., and Drennan, W.: On estimating ex- tremes in an evolving wave field, Coast. Eng., 36, 147-163, 1999. The coasts of our world: Ecological, econ"
essd-15-5135-2023.pdf,grobid_tei,full_tei_text,,doi,"10.1016/j.ecolecon.2006.10.022Ecol.Econ632007Martínez,",https://doi.org/10.1016/j.ecolecon.2006.10.022Ecol.Econ632007Martínez,". Eng., 36, 147-163, 1999. The coasts of our world: Ecological, economic and social importance MLMartínez AIntralawan GVázquez OPérez-Maqueo PSutton RLandgrave 10.1016/j.ecolecon.2006.10.022Ecol.Econ632007Martínez, M. L., Intralawan, A., Vázquez, G., Pérez-Maqueo, O., Sutton, P., and Landgrave, R.: The coasts of our world: Ecologi- cal, economic and social importance, Eco"
essd-15-5135-2023.pdf,grobid_tei,full_tei_text,,doi,10.1016/j.ecolecon.2006.10.022Annu.Rev.Mar.Sci15,https://doi.org/10.1016/j.ecolecon.2006.10.022Annu.Rev.Mar.Sci15,".ecolecon.2006.10.022, 2007. Exchange of plankton, pollutants, and particles across the nearshore region MMoulton SHSuanda JCGarwood NKumar MRFewings JMPringle 10.1016/j.ecolecon.2006.10.022Annu.Rev.Mar.Sci15 2023 Moulton, M., Suanda, S. H., Garwood, J. C., Kumar, N., Fewings, M. R., and Pringle, J. M.: Exchange of plankton, pollutants, and particles across the near"
essd-15-5135-2023.pdf,grobid_tei,full_tei_text,,doi,"10.1007/s10584-014-1304-zCli-maticChange1292015Neumann,",https://doi.org/10.1007/s10584-014-1304-zCli-maticChange1292015Neumann,"se on US Coasts: new economic estimates of impacts, adaptation, and benefits of mitigation policy JENeumann KEmanuel SRavela LLudwig PKirshen KBosma JMartinich 10.1007/s10584-014-1304-zCli-maticChange1292015Neumann, J. E., Emanuel, K., Ravela, S., Ludwig, L., Kirshen, P., Bosma, K., and Martinich, J.: Joint effects of storm surge and sea-level rise on US Coasts: new econom"
essd-15-5135-2023.pdf,grobid_tei,full_tei_text,,doi,10.1007/s10584-014-1304-zIEEET.Acoust.Speech28,https://doi.org/10.1007/s10584-014-1304-zIEEET.Acoust.Speech28,"olicy, Cli- matic Change, 129, 337-349, https://doi.org/10.1007/s10584-014-1304-z, 2015. A generalized framework for power spectral estimation ANuttall GCarter 10.1007/s10584-014-1304-zIEEET.Acoust.Speech28 1980 Nuttall, A. and Carter, G.: A generalized framework for power spec- tral estimation, IEEE T. Acoust. Speech, 28, 334-335, 1980. Directional Wave Measureme"
essd-15-5135-2023.pdf,grobid_tei,full_tei_text,,doi,"10.1109/OCEANS.2007.44491532007Pedersen,",https://doi.org/10.1109/OCEANS.2007.44491532007Pedersen,"334-335, 1980. Directional Wave Measurements from a Subsurface Buoy with an Acoustic Wave and Current Profiler (AWAC), in: OCEANS 2007 TPedersen ESiegel JWood 10.1109/OCEANS.2007.44491532007Pedersen, T., Siegel, E., and Wood, J.: Directional Wave Mea- surements from a Subsurface Buoy with an Acoustic Wave and Current Profiler (AWAC), in: OCEANS 2007, 1-10,"
essd-15-5135-2023.pdf,grobid_tei,full_tei_text,,doi,10.1109/OCEANS.2007.4449153J.Geophys.Res.-Oceans1272021JC018108.,https://doi.org/10.1109/OCEANS.2007.4449153J.Geophys.Res.-Oceans1272021JC018108,".4449153, 2007. Cross-shore distribution of the wave-induced circulation over a dissipative beach under storm wave conditions MPezerat XBertin KMartins LLavaud 10.1109/OCEANS.2007.4449153J.Geophys.Res.-Oceans1272021JC018108. 2022 Pezerat, M., Bertin, X., Martins, K., and Lavaud, L.: Cross-shore distribution of the wave-induced circulation over a dissipative beach under storm wave c"
essd-15-5135-2023.pdf,grobid_tei,full_tei_text,,doi,10.1175/JTECH-D-18-0151.1J.Atmos.Ocean.Tech36,https://doi.org/10.1175/JTECH-D-18-0151.1J.Atmos.Ocean.Tech36,"E.: Surfing surface gravity waves, J. Fluid Mech., 823, 316-328, 2017. Performance Characteristics of ""Spotter KRaghukumar GChang FSpada CJones TJanssen AGans 10.1175/JTECH-D-18-0151.1J.Atmos.Ocean.Tech36 2019 Newly Developed Real-Time Wave Measurement Buoy Raghukumar, K., Chang, G., Spada, F., Jones, C., Janssen, T., and Gans, A.: Performance Characteristics of"
essd-15-5135-2023.pdf,grobid_tei,full_tei_text,,doi,10.1175/JTECH-D-18-0151.1MeasurementsofNearshoreWavesthrough,https://doi.org/10.1175/JTECH-D-18-0151.1MeasurementsofNearshoreWavesthrough,"potter"", a Newly Developed Real-Time Wave Measurement Buoy, J. Atmos. Ocean. Tech., 36, 1127-1141, https://doi.org/10.1175/JTECH-D-18-0151.1, 2019. EJRainville 10.1175/JTECH-D-18-0151.1MeasurementsofNearshoreWavesthrough Coherent Arrays of Small-Scale, Free-Drifting Wave Buoys, Master's thesis 2022 University of Washington last access: 21 November 2023 Rainville, E. J.: Measure"
essd-15-5135-2023.pdf,grobid_tei,full_tei_text,,doi,10.5281/zenodo.10198469DUNEXMainExp(v1.0)2023Zenodo,https://doi.org/10.5281/zenodo.10198469DUNEXMainExp(v1.0)2023Zenodo,"ster's thesis, University of Washington, https://digital.lib.washington.edu/researchworks/handle/1773/49294 (last access: 21 Novem- ber 2023), 2022. ERainville 10.5281/zenodo.10198469DUNEXMainExp(v1.0)2023Zenodo [code Rainville, E.: DUNEXMainExp (v1.0), Zenodo [code], https://doi.org/10.5281/zenodo.10198469, 2023. EJRainville JThomson MMoulton MDerakhti 10.5281/zenodo."
essd-15-5135-2023.pdf,grobid_tei,full_tei_text,,doi,10.5281/zenodo.10198469MeasurementsofNearshoreWavesthrough,https://doi.org/10.5281/zenodo.10198469MeasurementsofNearshoreWavesthrough,"v1.0)2023Zenodo [code Rainville, E.: DUNEXMainExp (v1.0), Zenodo [code], https://doi.org/10.5281/zenodo.10198469, 2023. EJRainville JThomson MMoulton MDerakhti 10.5281/zenodo.10198469MeasurementsofNearshoreWavesthrough Coherent Arrays of Free-Drifting Wave Buoys (UW_drifters), Dryad [data set 2023 Rainville, E. J., Thomson, J., Moulton, M., and Derakhti, M.: Measurements of N"
essd-15-5135-2023.pdf,grobid_tei,full_tei_text,,doi,10.5061/dryad.hx3ffbgk0J.Geophys.Res.-Oceans1011996,https://doi.org/10.5061/dryad.hx3ffbgk0J.Geophys.Res.-Oceans1011996,"Buoys (UW_drifters), Dryad [data set], https://doi.org/10.5061/dryad.hx3ffbgk0, 2023. Wave transformation across the inner surf zone BRaubenheimer RGuza SElgar 10.5061/dryad.hx3ffbgk0J.Geophys.Res.-Oceans1011996 Raubenheimer, B., Guza, R., and Elgar, S.: Wave transformation across the inner surf zone, J. Geophys. Res.-Oceans, 101, 25589- 25597, 1996. Modeling the along"
essd-15-5135-2023.pdf,grobid_tei,full_tei_text,,doi,10.1029/2000JC000766J.Geophys.Res.-Oceans1062001,https://doi.org/10.1029/2000JC000766J.Geophys.Res.-Oceans1062001,"nner surf zone, J. Geophys. Res.-Oceans, 101, 25589- 25597, 1996. Modeling the alongshore current on barred beaches BGRuessink JRMiles FFeddersen RTGuza SElgar 10.1029/2000JC000766J.Geophys.Res.-Oceans1062001 Ruessink, B. G., Miles, J. R., Feddersen, F., Guza, R. T., and Elgar, S.: Modeling the alongshore current on barred beaches, J. Geophys. Res.-Oceans, 106, 2245"
essd-15-5135-2023.pdf,grobid_tei,full_tei_text,,doi,10.1029/2000JC000766J.Geophys.Res.-Oceans901985,https://doi.org/10.1029/2000JC000766J.Geophys.Res.-Oceans901985,". Res.-Oceans, 106, 22451-22463, https://doi.org/10.1029/2000JC000766, 2001. Wave energy saturation on a natural beach of variable slope AHSallengerJr RAHolman 10.1029/2000JC000766J.Geophys.Res.-Oceans901985 Sallenger Jr., A. H. and Holman, R. A.: Wave energy saturation on a natural beach of variable slope, J. Geophys. Res.-Oceans, 90, 11939-11944, 1985. A GPS-Trac"
essd-15-5135-2023.pdf,grobid_tei,full_tei_text,,doi,10.1175/1460.1J.Atmos.Ocean.Tech20,https://doi.org/10.1175/1460.1J.Atmos.Ocean.Tech20,"of variable slope, J. Geophys. Res.-Oceans, 90, 11939-11944, 1985. A GPS-Tracked Surf Zone Drifter WESchmidt BTWoodward KSMillikan RTGuza BRaubenheimer SElgar 10.1175/1460.1J.Atmos.Ocean.Tech20 2003 Schmidt, W. E., Woodward, B. T., Millikan, K. S., Guza, R. T., Raubenheimer, B., and Elgar, S.: A GPS-Tracked Surf Zone Drifter, J. Atmos. Ocean. Tech., 2"
essd-15-5135-2023.pdf,grobid_tei,full_tei_text,,doi,"10.1175/1460.1J.Geophys.Res2005Schmidt,",https://doi.org/10.1175/1460.1J.Geophys.Res2005Schmidt,"75, https://doi.org/10.1175/1460.1, 2003. Surf zone currents over irregular bathymetry: Drifter observations and numerical simulations WESchmidt RTGuza DNSlinn 10.1175/1460.1J.Geophys.Res2005Schmidt, W. E., Guza, R. T., and Slinn, D. N.: Surf zone currents over irregular bathymetry: Drifter observations and numerical simulations, J. Geophys. Res., 110, C120"
essd-15-5135-2023.pdf,grobid_tei,full_tei_text,,doi,"10.1029/2004JC002421201243Shi,",https://doi.org/10.1029/2004JC002421201243Shi,"h-order adaptive time-stepping TVD solver for Boussinesq modeling of breaking waves and coastal inundation, Ocean Model FShi JTKirby JCHarris JDGeiman STGrilli 10.1029/2004JC002421201243Shi, F., Kirby, J. T., Harris, J. C., Geiman, J. D., and Grilli, S. T.: A high-order adaptive time-stepping TVD solver for Boussi- nesq modeling of breaking waves a"
essd-15-5135-2023.pdf,grobid_tei,full_tei_text,,doi,10.1175/2007JPO3580.1J.Phys.Oceanogr372007,https://doi.org/10.1175/2007JPO3580.1J.Phys.Oceanogr372007,"cs of plunging breakers in the surf zone, J. Coast. Res., 30, 205- 209, 2014. Observing Surf-Zone Dispersion with Drifters MSpydell FFeddersen RTGuza WESchmidt 10.1175/2007JPO3580.1J.Phys.Oceanogr372007 Spydell, M., Feddersen, F., Guza, R. T., and Schmidt, W. E.: Ob- serving Surf-Zone Dispersion with Drifters, J. Phys. Oceanogr., 37, 2920-2939, https://doi.org"
essd-15-5135-2023.pdf,grobid_tei,full_tei_text,,doi,"10.1175/JTECH-D-12-00018.1Drifters,",https://doi.org/10.1175/JTECH-D-12-00018.1Drifters,"oduction To Nearshore Hydrodynamics, World Scientific Publishing Company, ISBN 978-981-310-205-7, 2005. Wave Breaking Dissipation Observed with ""SWIFT JThomson 10.1175/JTECH-D-12-00018.1Drifters, J. Atmos. Ocean. Tech 29 2012 Thomson, J.: Wave Breaking Dissipation Observed with ""SWIFT"" Drifters, J. Atmos. Ocean. Tech., 29, 1866-1882, https://doi.org/10."
essd-15-5135-2023.pdf,grobid_tei,full_tei_text,,doi,10.1175/JTECH-D-12-00018.1J.Phys.Oceanogr462016,https://doi.org/10.1175/JTECH-D-12-00018.1J.Phys.Oceanogr462016,"tps://doi.org/10.1175/JTECH-D-12-00018.1, 2012. Wave-Breaking Turbulence in the Ocean Surface Layer JThomson MSSchwendeman SFZippel SMoghimi JGemmrich WERogers 10.1175/JTECH-D-12-00018.1J.Phys.Oceanogr462016 Thomson, J., Schwendeman, M. S., Zippel, S. F., Moghimi, S., Gemmrich, J., and Rogers, W. E.: Wave-Breaking Turbulence in the Ocean Surface Layer, J. Phys. Oce"
essd-15-5135-2023.pdf,grobid_tei,full_tei_text,,doi,10.1175/JPO-D-15-0130.1J.Atmos.Ocean.Tech35,https://doi.org/10.1175/JPO-D-15-0130.1J.Atmos.Ocean.Tech35,"5/JPO-D-15-0130.1, 2016. Measurements of Directional Wave Spectra and Wind Stress from a Wave Glider Autonomous Surface Vehicle JThomson JBGirton RJha ATrapani 10.1175/JPO-D-15-0130.1J.Atmos.Ocean.Tech35 2018 Thomson, J., Girton, J. B., Jha, R., and Trapani, A.: Measurements of Directional Wave Spectra and Wind Stress from a Wave Glider Autonomous Surface Vehic"
essd-15-5135-2023.pdf,grobid_tei,full_tei_text,,doi,10.1175/JTECH-D-17-0091.1Coast.Eng.J2023accepted,https://doi.org/10.1175/JTECH-D-17-0091.1Coast.Eng.J2023accepted,"0091.1, 2018. Development and testing of microSWIFT expendable wave buoys JThomson PBush VCastillo NClemett JDavis ADe Klerk EIseley ERainville BSalmi JTalbert 10.1175/JTECH-D-17-0091.1Coast.Eng.J2023accepted Thomson, J., Bush P., Castillo, V., Clemett, N., Davis, J., de Klerk, A., Iseley, E., Rainville, E., Salmi, B., and Talbert, J.: Develop- ment and testing of m"
essd-15-5135-2023.pdf,grobid_tei,full_tei_text,,doi,10.1029/JC088iC10p05925J.Geophys.Res.-Oceans881983,https://doi.org/10.1029/JC088iC10p05925J.Geophys.Res.-Oceans881983,"alysis methods in physical oceanography, Newnes, Elsevier, ISBN 978-0-12-387782-6, 3rd edn., 2014. Transformation of wave height distribution EBThornton RTGuza 10.1029/JC088iC10p05925J.Geophys.Res.-Oceans881983 Thornton, E. B. and Guza, R. T.: Transformation of wave height distribution, J. Geophys. Res.-Oceans, 88, 5925-5938, https://doi.org/10.1029/JC088iC10p05925, 1"
essd-15-5135-2023.pdf,grobid_tei,full_tei_text,,doi,10.1029/JC088iC10p05925199914lastaccess:21,https://doi.org/10.1029/JC088iC10p05925199914lastaccess:21,"eophys. Res.-Oceans, 88, 5925-5938, https://doi.org/10.1029/JC088iC10p05925, 1983. User manual and system documentation of WAVE-WATCH III TM version 3 HLTolman 10.1029/JC088iC10p05925199914lastaccess:21 November 2023 Tolman, H. L.: User manual and system documentation of WAVE- WATCH III TM version 3.14, https://polar.ncep.noaa.gov/mmab/papers/tn276/MMAB_276.pd"
essd-15-5135-2023.pdf,grobid_tei,full_tei_text,,doi,10.1029/2019GL082945Geophys.Res.Lett462019,https://doi.org/10.1029/2019GL082945Geophys.Res.Lett462019,"a.gov/mmab/papers/tn276/MMAB_276.pdf (last access: 21 November 2023), 1999. Wave Attenuation by Sea Ice Turbulence JJVoermans AVBabanin JThomson MMSmith HHShen 10.1029/2019GL082945Geophys.Res.Lett462019 Voermans, J. J., Babanin, A. V., Thomson, J., Smith, M. M., and Shen, H. H.: Wave Attenuation by Sea Ice Turbulence, Geophys. Res. Lett., 46, 6796-6803, https:"
essd-15-5135-2023.pdf,grobid_tei,full_tei_text,,doi,10.1029/2019GL082945DevelopmentandimplementationofSargassum,https://doi.org/10.1029/2019GL082945DevelopmentandimplementationofSargassum,"M., and Shen, H. H.: Wave Attenuation by Sea Ice Turbulence, Geophys. Res. Lett., 46, 6796-6803, https://doi.org/10.1029/2019GL082945, 2019. RKWebster TLinton 10.1029/2019GL082945DevelopmentandimplementationofSargassum early advisory system (SEAS), Shore & Beach 2013 81 Webster, R. K. and Linton, T.: Development and implementation of Sargassum early advisory system (SEAS), Sh"
essd-15-5135-2023.pdf,grobid_tei,full_tei_text,,doi,10.1002/2016JC012498J.Geophys.Res.-Oceans1222017,https://doi.org/10.1002/2016JC012498J.Geophys.Res.-Oceans1222017,"system (SEAS), Shore & Beach, 81, 43-49, 2013. Surface wave breaking over sheared currents: Observations from the Mouth of the Columbia River SZippel JThomson 10.1002/2016JC012498J.Geophys.Res.-Oceans1222017 Zippel, S. and Thomson, J.: Surface wave breaking over sheared currents: Observations from the Mouth of the Columbia River, J. Geophys. Res.-Oceans, 122, 3311-"
essd-16-525-2024.pdf,pymupdf,page_text,1,url,https://doi.org/10.5194/essd-16-525-2024,https://doi.org/10.5194/essd-16-525-2024,"Earth Syst. Sci. Data, 16, 525–541, 2024 https://doi.org/10.5194/essd-16-525-2024 © Author(s) 2024. This work is distributed under the Creative Commons Attribution 4.0 License. A global FAOSTAT reference database of cropland nutrient budgets"
essd-16-525-2024.pdf,pymupdf,page_text,2,url,"https://doi.org/10.5061/dryad.hx3ffbgkh(Ludemannetal.,",https://doi.org/10.5061/dryad.hx3ffbgkh(Ludemannetal,"and livestock coefﬁcients and expand estimates to all agricultural land, including nutrient ﬂows in meadows and pastures. Further information is available from https://doi.org/10.5061/dryad.hx3ffbgkh(Ludemannetal., 2023b) as well as the FAOSTAT database (https://www.fao.org/faostat/en/#data/ESB; FAO, 2022a) and is updated annually. 1 Introduction Nutrient budgets quantify"
essd-16-525-2024.pdf,pymupdf,page_text,2,url,https://www.fao.org/faostat/en/#data/ESB;,https://www.fao.org/faostat/en/#data/ESB,"s in meadows and pastures. Further information is available from https://doi.org/10.5061/dryad.hx3ffbgkh(Ludemannetal., 2023b) as well as the FAOSTAT database (https://www.fao.org/faostat/en/#data/ESB; FAO, 2022a) and is updated annually. 1 Introduction Nutrient budgets quantify nutrient ﬂows in agriculture and are widely used to quantify the productivity and"
essd-16-525-2024.pdf,pymupdf,page_text,3,url,"https://www.fao.org/statistics/data-collection/en/,",https://www.fao.org/statistics/data-collection/en/,"ropland area deﬁnes the scope of the estimations made in this work. Here, cropland is deﬁned, per the FAO land use category for the collection of country data (https://www.fao.org/statistics/data-collection/en/, last access: 5 Novem- ber 2023), as follows: “land used for cultivation of tempo- rary and permanent crops in rotation with fallow, meadows and pastures within"
essd-16-525-2024.pdf,pymupdf,page_text,3,url,"https://doi.org/10.5194/essd-16-525-2024EarthSyst.Sci.Data,",https://doi.org/10.5194/essd-16-525-2024EarthSyst.Sci.Data,"culated as averages of the N and P coefﬁcients. Further clariﬁcation of the derivation and screening of CF estimates is included in Sect. S1 in the Supplement. https://doi.org/10.5194/essd-16-525-2024EarthSyst.Sci.Data, 16, 525–541, 2024"
essd-16-525-2024.pdf,pymupdf,page_text,6,url,"https://www.cropnutrientdata.net,",https://www.cropnutrientdata.net,"of survey informa- tion to get more relevant crop- and country-speciﬁc values. For improved estimates of nutrients removed as crop prod- ucts, open databases (https://www.cropnutrientdata.net, last access: 2 October 2023; Ludemann et al., 2023a) and predic- tion models are being developed to support country- and sub- country-speciﬁc nutrient concentr"
essd-16-525-2024.pdf,pymupdf,page_text,14,url,"https://doi.org/10.5061/dryad.hx3ffbgkh(Lude-mannetal.,",https://doi.org/10.5061/dryad.hx3ffbgkh(Lude-mannetal,"in this study cover the period from 1961 to 2020 at the country level, with aggregates made at the regional and global scales. These data are avail- able from https://doi.org/10.5061/dryad.hx3ffbgkh(Lude-mannetal., 2023b) and from the FAOSTAT cropland nutrient budget database (https://www.fao.org/faostat/en/#data/ESB, FAO, 2022a). The R code used to create the tables and"
essd-16-525-2024.pdf,pymupdf,page_text,14,url,"https://doi.org/10.5281/zenodo.10491879(Lude-mann,",https://doi.org/10.5281/zenodo.10491879(Lude-mann,"o.org/faostat/en/#data/ESB, FAO, 2022a). The R code used to create the tables and ﬁg- ures in this article can be accessed via the following Zenodo repository: https://doi.org/10.5281/zenodo.10491879(Lude-mann, 2023). Further information on the derivation of cropland frac- tion estimates for N, including our analytical code, can be accessed via the following Zenodo re"
essd-16-525-2024.pdf,pymupdf,page_text,14,url,"https://doi.org/10.5281/zenodo.10511851(Jackson,",https://doi.org/10.5281/zenodo.10511851(Jackson,"rther information on the derivation of cropland frac- tion estimates for N, including our analytical code, can be accessed via the following Zenodo repository: https://doi.org/10.5281/zenodo.10511851(Jackson, 2024). 5 Conclusions A new reference database of cropland nutrient budgets has been detailed in this paper. The data are available in FAO- STAT for the time pe"
essd-16-525-2024.pdf,pymupdf,page_text,14,url,https://doi.org/10.5194/essd-16-525-2024-supplement.Authorcontributions.CILcollatedthemanure,https://doi.org/10.5194/essd-16-525-2024-supplement.Authorcontributions.CILcollatedthemanure,"ﬁnements will be an ongoing area of development in future iterations of the FAO CNB. Supplement. The supplement related to this article is available online at: https://doi.org/10.5194/essd-16-525-2024-supplement.Authorcontributions.CILcollatedthemanure and crop nutri- ent removal coefﬁcients, performed the analysis of data, and wrote the manuscript. NW, GOL and FNT developed the UN FAO crop- land budget (http"
essd-16-525-2024.pdf,pymupdf,page_text,15,url,"https://doi.org/10.5194/bg-9-4169-2012,",https://doi.org/10.5194/bg-9-4169-2012,"mitz, C., and Lotze-Campen, H.: N2O emissions from the global agricultural nitrogen cycle – cur- rent state and future scenarios, Biogeosciences, 9, 4169–4197, https://doi.org/10.5194/bg-9-4169-2012, 2012. Bouwman, A. F., Beusen, A. H. W., Lassaletta, L., van Apeldoorn, D. F., van Grinsven, H. J. M., Zhang, J., and Ittersum van, M. K.: Lessons from temporal"
essd-16-525-2024.pdf,pymupdf,page_text,15,url,"https://doi.org/10.1038/srep40366,",https://doi.org/10.1038/srep40366,"J. M., Zhang, J., and Ittersum van, M. K.: Lessons from temporal and spatial patterns in global use of N and P fertilizer on cropland, Sci. Rep.-UK, 7, 40366, https://doi.org/10.1038/srep40366, 2017. Bouwman, L., Klein Goldewijk, K., van der Hoek, K. W., Beusen, A. H., van Vuuren, D. P., Willems, J., Ruﬁno, M. C., and Stehfest, E.: Exploring global ch"
essd-16-525-2024.pdf,pymupdf,page_text,15,url,https://documents1.worldbank.org/curated/en/827371554284501,https://documents1.worldbank.org/curated/en/827371554284501,"110, 20882–20887, 2013. Cassou, E.: The greening of farm support pro- grams: international experiences with agricul- tural subsidy reform, The World Bank, 68, https://documents1.worldbank.org/curated/en/827371554284501 204/pdf/The-Greening-of-Farm-Support-Programs- International-Experiences-with-Agricultural-Subsidy- Reform.pdf (last access: 10 October 2023), 2018. Cobo, J. G"
essd-16-525-2024.pdf,pymupdf,page_text,15,url,"https://doi.org/10.1016/j.agee.2009.11.006,",https://doi.org/10.1016/j.agee.2009.11.006,"alances in African land use systems across different spatial scales: A re- view of approaches, challenges and progress, Agricult. Ecosyst. Environ., 136, 1–15, https://doi.org/10.1016/j.agee.2009.11.006, 2010. Conant, R. T., Berdanier, A. B., and Grace, P. R.: Patterns and trends in nitrogen use and nitrogen recovery efﬁciency in world agriculture, Global Bioge"
essd-16-525-2024.pdf,pymupdf,page_text,15,url,"https://doi.org/10.1002/gbc.20053,",https://doi.org/10.1002/gbc.20053,"ier, A. B., and Grace, P. R.: Patterns and trends in nitrogen use and nitrogen recovery efﬁciency in world agriculture, Global Biogeochem. Cycles, 27, 558–566, https://doi.org/10.1002/gbc.20053, 2013. Einarsson, R.: Biological nitrogen ﬁxation in cropland (v1.3), Zen- odo [data set], https://doi.org/10.5281/zenodo.7133340, 2023a. Einarsson, R.: Source"
essd-16-525-2024.pdf,pymupdf,page_text,15,url,"https://doi.org/10.5281/zenodo.7133340,",https://doi.org/10.5281/zenodo.7133340,"l Biogeochem. Cycles, 27, 558–566, https://doi.org/10.1002/gbc.20053, 2013. Einarsson, R.: Biological nitrogen ﬁxation in cropland (v1.3), Zen- odo [data set], https://doi.org/10.5281/zenodo.7133340, 2023a. Einarsson, R.: Source code for estimation of cropland biological nitrogen ﬁxation (v1.3), Zenodo [code], https://doi.org/10.5281/zenodo.7133336, 2023b."
essd-16-525-2024.pdf,pymupdf,page_text,15,url,"https://doi.org/10.5281/zenodo.7133336,",https://doi.org/10.5281/zenodo.7133336,"a set], https://doi.org/10.5281/zenodo.7133340, 2023a. Einarsson, R.: Source code for estimation of cropland biological nitrogen ﬁxation (v1.3), Zenodo [code], https://doi.org/10.5281/zenodo.7133336, 2023b. Einarsson, R., Pitulia, D., and Cederberg, C.: Subnational nu- trient budgets to monitor environmental risks in EU agri- culture: calculating phosphorus"
essd-16-525-2024.pdf,pymupdf,page_text,15,url,"https://doi.org/10.1007/s10705-020-10064-y,",https://doi.org/10.1007/s10705-020-10064-y,"o monitor environmental risks in EU agri- culture: calculating phosphorus budgets for 243 EU28 re- gions using public data, Nutrient Cycling in Agroecosystems, https://doi.org/10.1007/s10705-020-10064-y, 2020. Einarsson, R., Sanz-Cobeña, A., Aguilera, E., Billen, G., Garnier, J., van Grinsven, H., and Lassaletta, L.: Crop production and nitrogen use in European"
essd-16-525-2024.pdf,pymupdf,page_text,15,url,"https://doi.org/10.1038/s41597-021-01061-z,",https://doi.org/10.1038/s41597-021-01061-z,"llen, G., Garnier, J., van Grinsven, H., and Lassaletta, L.: Crop production and nitrogen use in European cropland and grassland 1961–2013, Sci. Data, 8, 1–30, https://doi.org/10.1038/s41597-021-01061-z, 2021. EU Nitrogen Expert Panel: Nitrogen Use Efﬁciency (NUE) – an indicator for the utilization of nitrogen in agriculture and food systems, Wageningen Univers"
essd-16-525-2024.pdf,pymupdf,page_text,15,url,https://www.fao.org/3/cc2904en/cc2904en.pdf,https://www.fao.org/3/cc2904en/cc2904en.pdf,"budget: Gobal, regional and country trends, 1961–2020, FAOSTAT analytical brief no. 52, edited by: d’Ortigue, O. L., Gnetti, C., and Gordon, A., FAO, Rome, 14, https://www.fao.org/3/cc2904en/cc2904en.pdf (last access: 1 December 2022), 2022b. FAO: FAOSTAT Domain manure Applied to Soils. Methodolog- ical note, release October 2022, FAO„ Rome, Italy, 5, https://f"
essd-16-525-2024.pdf,pymupdf,page_text,15,url,https://fenixservices.fao.org/faostat/static/documents/GU/GU_e.pdf,https://fenixservices.fao.org/faostat/static/documents/GU/GU_e.pdf,"904en.pdf (last access: 1 December 2022), 2022b. FAO: FAOSTAT Domain manure Applied to Soils. Methodolog- ical note, release October 2022, FAO„ Rome, Italy, 5, https://fenixservices.fao.org/faostat/static/documents/GU/GU_e.pdf (last access: 1 November 2022), 2022c. FAO: Land use statistics and indicators. Global, regional and country trends- 2000–2020. Analytical brief no. 48, FAO, R"
essd-16-525-2024.pdf,pymupdf,page_text,15,url,https://www.fao.org/3/cc0963en/cc0963en.pdf,https://www.fao.org/3/cc0963en/cc0963en.pdf,"t access: 1 November 2022), 2022c. FAO: Land use statistics and indicators. Global, regional and country trends- 2000–2020. Analytical brief no. 48, FAO, Rome, https://www.fao.org/3/cc0963en/cc0963en.pdf (last ac- cess: 27 March 2023), 15, 2022d. FAOSTAT: https://www.fao.org/faostat/en/#data (last access: 10 October 2022), 2022. Herridge, D. F., Giller, K. E.,"
essd-16-525-2024.pdf,pymupdf,page_text,15,url,https://www.fao.org/faostat/en/#data,https://www.fao.org/faostat/en/#data,"country trends- 2000–2020. Analytical brief no. 48, FAO, Rome, https://www.fao.org/3/cc0963en/cc0963en.pdf (last ac- cess: 27 March 2023), 15, 2022d. FAOSTAT: https://www.fao.org/faostat/en/#data (last access: 10 October 2022), 2022. Herridge, D. F., Giller, K. E., Jensen, E. S., and Peoples, M. B.: Quantifying country-to-global scale nitrogen ﬁxation f"
essd-16-525-2024.pdf,pymupdf,page_text,15,url,"https://doi.org/10.1007/s11104-021-05166-7,",https://doi.org/10.1007/s11104-021-05166-7,"g country-to-global scale nitrogen ﬁxation for grain legumes II. Coefﬁcients, templates and estimates for soybean, groundnut and pulses, Plant Soil, 474, 1–15, https://doi.org/10.1007/s11104-021-05166-7, 2022. https://doi.org/10.5194/essd-16-525-2024EarthSyst.Sci.Data, 16, 525–541, 2024"
essd-16-525-2024.pdf,pymupdf,page_text,16,url,"https://doi.org/10.5194/gmd-13-5425-2020,",https://doi.org/10.5194/gmd-13-5425-2020,"en, D. P., and Zhang, X.: Harmonization of global land use change and man- agement for the period 850–2100 (LUH2) for CMIP6, Geosci. Model Dev., 13, 5425–5464, https://doi.org/10.5194/gmd-13-5425-2020, 2020. IFA: Fertilizer use by crop and country for the 2017–2018 period, 45, https://www.ifastat.org/consumption/fertilizer-use-by-crop (last access: 1 November"
essd-16-525-2024.pdf,pymupdf,page_text,16,url,https://www.ifastat.org/consumption/fertilizer-use-by-crop,https://www.ifastat.org/consumption/fertilizer-use-by-crop,"CMIP6, Geosci. Model Dev., 13, 5425–5464, https://doi.org/10.5194/gmd-13-5425-2020, 2020. IFA: Fertilizer use by crop and country for the 2017–2018 period, 45, https://www.ifastat.org/consumption/fertilizer-use-by-crop (last access: 1 November 2022), 2022. IFASTAT Fertilizer consumption: https://www.ifastat.org/databases/plant-nutrition, last access: 16 February 2022. IPCC: C"
essd-16-525-2024.pdf,pymupdf,page_text,16,url,"https://www.ifastat.org/databases/plant-nutrition,",https://www.ifastat.org/databases/plant-nutrition,"for the 2017–2018 period, 45, https://www.ifastat.org/consumption/fertilizer-use-by-crop (last access: 1 November 2022), 2022. IFASTAT Fertilizer consumption: https://www.ifastat.org/databases/plant-nutrition, last access: 16 February 2022. IPCC: Chapter 3: Uncertainties, IPCC, 66, https://www.ipcc-nggip.iges.or.jp/public/2006gl/pdf/1_Volume1/V1_3_Ch3_Uncertainties.p"
essd-16-525-2024.pdf,pymupdf,page_text,16,url,https://www.ipcc-nggip.iges.or.jp/public/2006gl/pdf/1_Volume1/V1_3_Ch3_Uncertainties.pdf,https://www.ipcc-nggip.iges.or.jp/public/2006gl/pdf/1_Volume1/V1_3_Ch3_Uncertainties.pdf,"22. IFASTAT Fertilizer consumption: https://www.ifastat.org/databases/plant-nutrition, last access: 16 February 2022. IPCC: Chapter 3: Uncertainties, IPCC, 66, https://www.ipcc-nggip.iges.or.jp/public/2006gl/pdf/1_Volume1/V1_3_Ch3_Uncertainties.pdf (last access: 1 September 2023), 2006. Jackson, K.: KEJackson-94/Fr_Crop_Estimates: Methods for derivation of cropland fraction estimates as used in the FAO- S"
essd-16-525-2024.pdf,pymupdf,page_text,16,url,"https://doi.org/10.5281/zenodo.10511851,",https://doi.org/10.5281/zenodo.10511851,"n-94/Fr_Crop_Estimates: Methods for derivation of cropland fraction estimates as used in the FAO- STAT Cropland Nutrient Budget database (v1.0), Zenodo [code], https://doi.org/10.5281/zenodo.10511851, 2024. Kremer, A. M.: Methodology and Handbook Eurostat/OECD: Nutrient Budgets, EU27, Norway and Switzerland, 112, https://ec.europa.eu/eurostat/documents/23933"
essd-16-525-2024.pdf,pymupdf,page_text,16,url,https://ec.europa.eu/eurostat/documents/2393397/2518760/Nutrient_Budgets_Handbook_%28CPSA_AE_109%29_corrected3.pdf/4a3647de-da73-4d23-b94b-e2b23844dc31,https://ec.europa.eu/eurostat/documents/2393397/2518760/Nutrient_Budgets_Handbook_%28CPSA_AE_109%29_corrected3.pdf/4a3647de-da73-4d23-b94b-e2b23844dc31,"de], https://doi.org/10.5281/zenodo.10511851, 2024. Kremer, A. M.: Methodology and Handbook Eurostat/OECD: Nutrient Budgets, EU27, Norway and Switzerland, 112, https://ec.europa.eu/eurostat/documents/2393397/2518760/Nutrient_Budgets_Handbook_%28CPSA_AE_109%29_corrected3.pdf/4a3647de-da73-4d23-b94b-e2b23844dc31 (last access: 26 July 2022), 2013. Lassaletta, L., Billen, G., Grizzetti, B., Juliette, A., and Gar- nier, J.: 50 year trends in nitrogen use efﬁciency of worl"
essd-16-525-2024.pdf,pymupdf,page_text,16,url,"https://doi.org/10.1088/1748-9326/9/10/105011,",https://doi.org/10.1088/1748-9326/9/10/105011,"ar trends in nitrogen use efﬁciency of world cropping systems: The relationship between yield and ni- trogen input to cropland, Environ. Res. Lett., 9, 105011, https://doi.org/10.1088/1748-9326/9/10/105011, 2014. Lassaletta, L., Billen, G., Garnier, J., Bouwman, L., Velazquez, E., Mueller, N. D., and Gerber, J. S.: Nitrogen use in the global food system: past tren"
essd-16-525-2024.pdf,pymupdf,page_text,16,url,"https://doi.org/10.1088/1748-9326/11/9/095007,",https://doi.org/10.1088/1748-9326/11/9/095007,"in the global food system: past trends and future trajectories of agronomic performance, pollution, trade, and dietary demand, Environ. Res. Lett., 11, 095007, https://doi.org/10.1088/1748-9326/11/9/095007, 2016. Lesschen, J. P., Stoorvogel, J. J., Smaling, E. M. A., Heuvelink, G. B. M., and Veldkamp, A.: A spatially explicit methodology to quantify soil nutrient"
essd-16-525-2024.pdf,pymupdf,page_text,16,url,"https://doi.org/10.1007/s10705-006-9078-y,",https://doi.org/10.1007/s10705-006-9078-y,"ially explicit methodology to quantify soil nutrient balances and their uncertainties at the na- tional level, Nutrient Cycling in Agroecosystems, 78, 111–131, https://doi.org/10.1007/s10705-006-9078-y, 2007. Lu, C. and Tian, H.: Global nitrogen and phosphorus fertilizer use for agriculture production in the past half century: shifted hot spots and nutrient im"
essd-16-525-2024.pdf,pymupdf,page_text,16,url,"https://doi.org/10.5194/essd-9-181-2017,",https://doi.org/10.5194/essd-9-181-2017,"and phosphorus fertilizer use for agriculture production in the past half century: shifted hot spots and nutrient imbalance, Earth Syst. Sci. Data, 9, 181–192, https://doi.org/10.5194/essd-9-181-2017, 2017. Ludemann, C.: ludemannc/fao_cnb: FAO cropland nutrient budget analysis (v1.0), Zenodo [code], https://doi.org/10.5281/zenodo.10491880, 2024. Ludemann, C."
essd-16-525-2024.pdf,pymupdf,page_text,16,url,"https://doi.org/10.5281/zenodo.10491880,",https://doi.org/10.5281/zenodo.10491880,"Data, 9, 181–192, https://doi.org/10.5194/essd-9-181-2017, 2017. Ludemann, C.: ludemannc/fao_cnb: FAO cropland nutrient budget analysis (v1.0), Zenodo [code], https://doi.org/10.5281/zenodo.10491880, 2024. Ludemann, C. I.: Tier 1 and 2 crop nutrient coefﬁcients, Zenodo [code], https://doi.org/10.5281/zenodo.10492448 [code], 2022. Ludemann, C. I., Gruere, A."
essd-16-525-2024.pdf,pymupdf,page_text,16,url,https://doi.org/10.5281/zenodo.10492448,https://doi.org/10.5281/zenodo.10492448,"t budget analysis (v1.0), Zenodo [code], https://doi.org/10.5281/zenodo.10491880, 2024. Ludemann, C. I.: Tier 1 and 2 crop nutrient coefﬁcients, Zenodo [code], https://doi.org/10.5281/zenodo.10492448 [code], 2022. Ludemann, C. I., Gruere, A., Heffer, P., and Dobermann, A.: Global data on fertilizer use by crop and by country, Sci. Data, 9, 1–8, https://doi."
essd-16-525-2024.pdf,pymupdf,page_text,16,url,"https://doi.org/10.1038/s41597-022-01592-z2022a.Ludemann,",https://doi.org/10.1038/s41597-022-01592-z2022a.Ludemann,"odo.10492448 [code], 2022. Ludemann, C. I., Gruere, A., Heffer, P., and Dobermann, A.: Global data on fertilizer use by crop and by country, Sci. Data, 9, 1–8, https://doi.org/10.1038/s41597-022-01592-z2022a.Ludemann, C. I., Hijbeek, R., van Loon, M. P., Murrell, T. S., Dobermann, A., and van Ittersum, M. K.: Estimating maize harvest index and nitrogen concentrations in grai"
essd-16-525-2024.pdf,pymupdf,page_text,16,url,"https://doi.org/10.1016/j.fcr.2022.108578,",https://doi.org/10.1016/j.fcr.2022.108578,"an Ittersum, M. K.: Estimating maize harvest index and nitrogen concentrations in grain and residue using globally available data, Field Crops Res., 284, 1–25, https://doi.org/10.1016/j.fcr.2022.108578, 2022b. Ludemann, C. I., Hijbeek, R., van Loon, M., Murrell, S. T., Dobermann, A., and van Ittersum, M. K.: Global data on crop nutrient concentration and harve"
essd-16-525-2024.pdf,pymupdf,page_text,16,url,"https://doi.org/10.5061/dryad.n2z34tn0x,",https://doi.org/10.5061/dryad.n2z34tn0x,"ek, R., van Loon, M., Murrell, S. T., Dobermann, A., and van Ittersum, M. K.: Global data on crop nutrient concentration and harvest indices, Dryad [data set], https://doi.org/10.5061/dryad.n2z34tn0x, 2023a. Ludemann, C. I., Wanner, N., Chivenge, P., Dobermann, A., Einars- son, R., Grassini, P., Gruere, A., Jackson, K., Lassaletta, L., Maggi, F., Obli-Laryea"
essd-16-525-2024.pdf,pymupdf,page_text,16,url,"https://doi.org/10.5061/dryad.hx3ffbgkh,",https://doi.org/10.5061/dryad.hx3ffbgkh,"from: A global reference database in FAOSTAT of cropland nutrient budgets and nutrient use efﬁciency: Nitrogen, phosphorus and potassium, 1961–2020 [data set], https://doi.org/10.5061/dryad.hx3ffbgkh, 2023b. Mueller, N. D., Gerber, J. S., Johnston, M., Ray, D. K., Ra- mankutty, N., and Foley, J. A.: Closing yield gaps through nutrient and water management, N"
essd-16-525-2024.pdf,pymupdf,page_text,16,url,"https://doi.org/10.1038/nature11420,",https://doi.org/10.1038/nature11420,"., Gerber, J. S., Johnston, M., Ray, D. K., Ra- mankutty, N., and Foley, J. A.: Closing yield gaps through nutrient and water management, Nature, 490, 254–257, https://doi.org/10.1038/nature11420, 2012. Nishina, K., Ito, A., Hanasaki, N., and Hayashi, S.: Reconstruction of spatially detailed global map of NH+ 4 and NO− 3 application in synthetic nitrogen"
essd-16-525-2024.pdf,pymupdf,page_text,16,url,"https://doi.org/10.5194/essd-9-149-2017,",https://doi.org/10.5194/essd-9-149-2017,"ayashi, S.: Reconstruction of spatially detailed global map of NH+ 4 and NO− 3 application in synthetic nitrogen fertilizer, Earth Syst. Sci. Data, 9, 149–162, https://doi.org/10.5194/essd-9-149-2017, 2017. Oenema, O., Kros, H., and de Vries, W.: Approaches and un- certainties in nutrient budgets: implications for nutrient man- agement and environmental poli"
essd-16-525-2024.pdf,pymupdf,page_text,16,url,"https://doi.org/10.1016/S1161-0301(03)00067-4,",https://doi.org/10.1016/S1161-0301(03)00067-4,"de Vries, W.: Approaches and un- certainties in nutrient budgets: implications for nutrient man- agement and environmental policies, Eur. J. Agron., 20, 3–16, https://doi.org/10.1016/S1161-0301(03)00067-4, 2003. Pathak, H., Mohanty, S., Jain, N., and Bhatia, A.: Nitro- gen, phosphorus, and potassium budgets in Indian agri- culture, Nutrient Cycling in Agroecosyst"
essd-16-525-2024.pdf,pymupdf,page_text,16,url,"https://doi.org/10.1007/s10705-009-9292-5,",https://doi.org/10.1007/s10705-009-9292-5,"Mohanty, S., Jain, N., and Bhatia, A.: Nitro- gen, phosphorus, and potassium budgets in Indian agri- culture, Nutrient Cycling in Agroecosystems, 86, 287–299, https://doi.org/10.1007/s10705-009-9292-5, 2010. Peoples, M. B., Giller, K. E., Jensen, E. S., and Herridge, D. F.: Quantifying country-to-global scale nitrogen ﬁxa- tion for grain legumes: I. Reliance"
essd-16-525-2024.pdf,pymupdf,page_text,16,url,"https://doi.org/10.1007/s11104-021-05167-6,",https://doi.org/10.1007/s11104-021-05167-6,"ntifying country-to-global scale nitrogen ﬁxa- tion for grain legumes: I. Reliance on nitrogen ﬁxation of soybean, groundnut and pulses, Plant Soil, 469, 1–14, https://doi.org/10.1007/s11104-021-05167-6, 2021. Quan, Z., Zhang, X., Fang, Y., and Davidson, E. A.: Different quan- tiﬁcation approaches for nitrogen use efﬁciency lead to diver- gent estimates with va"
essd-16-525-2024.pdf,pymupdf,page_text,16,url,"https://doi.org/10.1038/s43016-021-00263-3,",https://doi.org/10.1038/s43016-021-00263-3,"vidson, E. A.: Different quan- tiﬁcation approaches for nitrogen use efﬁciency lead to diver- gent estimates with varying advantages, Nature Food, 2, 241– 245, https://doi.org/10.1038/s43016-021-00263-3, 2021. Schils, R., Velthof, G., Mucher, S., Hazeu, G., Oenema, O., de Wit, A., and A., S.: Methods to estimate grassland production and bi- ological ﬁxation, Al"
essd-16-525-2024.pdf,pymupdf,page_text,16,url,https://ec.europa.eu/eurostat/documents/2393397/8259002/Grassland_2014_Task+2.pdf/42873c7f-dfdf-49ca-b2ef-7c7b5bcabfc8,https://ec.europa.eu/eurostat/documents/2393397/8259002/Grassland_2014_Task+2.pdf/42873c7f-dfdf-49ca-b2ef-7c7b5bcabfc8,"er, S., Hazeu, G., Oenema, O., de Wit, A., and A., S.: Methods to estimate grassland production and bi- ological ﬁxation, Alterra, Wageningen, Netherlands, 77, https://ec.europa.eu/eurostat/documents/2393397/8259002/Grassland_2014_Task+2.pdf/42873c7f-dfdf-49ca-b2ef-7c7b5bcabfc8 (last access: 1 September 2023), 2013. Serra, J., Marques-dos-Santos, C., Marinheiro, J., Aguilera, E., Las- saletta, L., Sanz-Cobeña, A., Garnier, J., Billen,"
essd-16-525-2024.pdf,pymupdf,page_text,16,url,"https://doi.org/10.1016/j.scitotenv.2023.164249,",https://doi.org/10.1016/j.scitotenv.2023.164249,"a, M.: Nitro- gen inputs by irrigation is a missing link in the agricultural nitro- gen cycle and related policies in Europe, Sci. Total Environ., 889, 164249, https://doi.org/10.1016/j.scitotenv.2023.164249, 2023. Shang, Z., Zhou, F., Smith, P., Saikawa, E., Ciais, P., Chang, J., Tian, H., Del Grosso, S. J., Ito, A., Chen, M., Wang, Q., Bo, Y., Cui, X., Castaldi, S"
essd-16-525-2024.pdf,pymupdf,page_text,16,url,"https://doi.org/10.1111/gcb.14741,",https://doi.org/10.1111/gcb.14741,"and Sabbatini, S.: Weakened growth of cropland-N(2) O emissions in China asso- ciated with nationwide policy interventions, Glob. Chang. Biol., 25, 3706–3719, https://doi.org/10.1111/gcb.14741, 2019. Earth Syst. Sci. Data, 16, 525–541, 2024 https://doi.org/10.5194/essd-16-525-2024"
essd-16-525-2024.pdf,pymupdf,page_text,17,url,"https://doi.org/10.1023/A:1023944131188,",https://doi.org/10.1023/A:1023944131188,"541 Sheldrick, W., Keith Syers, J., and Lingard, J.: Con- tribution of livestock excreta to nutrient balances, Nutrient Cycling in Agroecosystems, 66, 119–131, https://doi.org/10.1023/A:1023944131188, 2003. Statistics Netherlands: Standardised calculation methods for animal manure and nutrients: Standard data 1990–2008, 2012. Tubiello, F. N., Wanner, N., Asp"
essd-16-525-2024.pdf,pymupdf,page_text,17,url,https://www.fao.org/documents/card/en/c/cb4549en,https://www.fao.org/documents/card/en/c/cb4549en,", M., Ignaciuk, A., Khan, A. A., and Rosero Moncayo, J.: Measuring progress towards sustainable agriculture. FAO Statistics Working Paper 21-24, FAO, Rome, 48, https://www.fao.org/documents/card/en/c/cb4549en (last access: 11 May 2021), 2021. Tubiello, F. N., Conchedda, G., Casse, L., Pengyu, H., Zhongxin, C., De Santis, G., Fritz, S., and Muchoney, D.: Mea- suring"
essd-16-525-2024.pdf,pymupdf,page_text,17,url,"https://doi.org/10.1038/s43016-022-00667-9,",https://doi.org/10.1038/s43016-022-00667-9,", Conchedda, G., Casse, L., Pengyu, H., Zhongxin, C., De Santis, G., Fritz, S., and Muchoney, D.: Mea- suring the world’s cropland area, Nature Food, 4, 30–32, https://doi.org/10.1038/s43016-022-00667-9, 2023. Vishwakarma, S., Zhang, X., Dobermann, A., Heffer, P., and Zhou, F.: Global nitrogen deposition inputs to cropland at national scale from 1961 to 2020, S"
essd-16-525-2024.pdf,pymupdf,page_text,17,url,"https://doi.org/10.1038/s41597-023-02385-8,",https://doi.org/10.1038/s41597-023-02385-8,"S., Zhang, X., Dobermann, A., Heffer, P., and Zhou, F.: Global nitrogen deposition inputs to cropland at national scale from 1961 to 2020, Sci. Data, 10, 488, https://doi.org/10.1038/s41597-023-02385-8, 2023. Vitousek, P. M., Naylor, R., Crews, T., David, M. B., Drinkwater, L. E., Holland, E., Johnes, P. J., Katzenberger, J., Martinelli, L. A., Matson, P. A.,"
essd-16-525-2024.pdf,pymupdf,page_text,17,url,"https://doi.org/10.1126/science.1170261,",https://doi.org/10.1126/science.1170261,"., Palm, C. A., Robertson, G. P., Sanchez, P. A., Townsend, A. R., and Zhang, F. S.: Nutrient Imbalances in Agricultural Development, Science, 324, 1519– 1520, https://doi.org/10.1126/science.1170261, 2009. Wang, Q., Zhou, F., Shang, Z., Ciais, P., Winiwarter, W., Jackson, R. B., Tubiello, F. N., Janssens-Maenhout, G., Tian, H., Cui, X., Canadell, J. G., Pia"
essd-16-525-2024.pdf,pymupdf,page_text,17,url,"https://doi.org/10.1093/nsr/nwz087,",https://doi.org/10.1093/nsr/nwz087,"Tian, H., Cui, X., Canadell, J. G., Piao, S., and Tao, S.: Data-driven estimates of global nitrous oxide emissions from croplands, Nat. Sci. Rev., 7, 441–452, https://doi.org/10.1093/nsr/nwz087, 2019. Wang, R., Goll, D., Balkanski, Y., Hauglustaine, D., Boucher, O., Ciais, P., Janssens, I., Penuelas, J., Guenet, B., Sardans, J., Bopp, L., Vuichard, N.,"
essd-16-525-2024.pdf,pymupdf,page_text,17,url,"https://doi.org/10.1111/gcb.13766,",https://doi.org/10.1111/gcb.13766,", Peng, S., Huang, Y., and Tao, S.: Global forest carbon uptake due to nitrogen and phosphorus deposition from 1850 to 2100, Glob. Chang. Biol., 23, 4854–4872, https://doi.org/10.1111/gcb.13766, 2017. West, P. C., Gerber, J. S., Engstrom, P. M., Mueller, N. D., Brauman, K. A., Carlson, K. M., Cassidy, E. S., Johnston, M., MacDonald, G. K., Ray, D. K.,"
essd-16-525-2024.pdf,pymupdf,page_text,17,url,"https://doi.org/10.1126/science.1246067,",https://doi.org/10.1126/science.1246067,"Johnston, M., MacDonald, G. K., Ray, D. K., and Siebert, S.: Leverage points for improv- ing global food security and the environment, Science, 345, 325– 328, https://doi.org/10.1126/science.1246067, 2014. Zhang, Q., Chu, Y., Yin, Y., Ying, H., Zhang, F., and Cui, Z.: Com- prehensive assessment of the utilization of manure in China’s croplands based on nati"
essd-16-525-2024.pdf,pymupdf,page_text,17,url,"https://doi.org/10.1038/s41597-023-02154-7,",https://doi.org/10.1038/s41597-023-02154-7,"Zhang, F., and Cui, Z.: Com- prehensive assessment of the utilization of manure in China’s croplands based on national farmer survey data, Sci. Data, 10, 223, https://doi.org/10.1038/s41597-023-02154-7, 2023. Zhang, G. L., Beusen, A. H. W., Van Apeldoorn, D. F., Mogollón, J. M., Yu, C., and Bouwman, A. F.: Spatiotem- poral patterns of paddy rice croplands in C"
essd-16-525-2024.pdf,pymupdf,page_text,17,url,"https://doi.org/10.1016/j.scitotenv.2016.10.223,",https://doi.org/10.1016/j.scitotenv.2016.10.223,", J. M., Yu, C., and Bouwman, A. F.: Spatiotem- poral patterns of paddy rice croplands in China and In- dia from 2000 to 2015, Sci. Total Environ., 579, 82–92, https://doi.org/10.1016/j.scitotenv.2016.10.223, 2017. Zhang, X., Davidson, E., Mauzerall, D., Searchinger, T., Dumas, P., and Shen, Y.: Managing nitrogen for sustainable development, Nature, 528, 51–59, http"
essd-16-525-2024.pdf,pymupdf,page_text,17,url,"https://doi.org/10.1038/nature15743,",https://doi.org/10.1038/nature15743,"223, 2017. Zhang, X., Davidson, E., Mauzerall, D., Searchinger, T., Dumas, P., and Shen, Y.: Managing nitrogen for sustainable development, Nature, 528, 51–59, https://doi.org/10.1038/nature15743, 2015. Zhang, X., Davidson, E. A., Zou, T., Lassaletta, L., Quan, Z., Li, T., and Zhang, W.: Quantifying Nutrient Budgets for Sus- tainable Nutrient Management,"
essd-16-525-2024.pdf,pymupdf,page_text,17,url,"https://doi.org/10.1029/2018gb006060,",https://doi.org/10.1029/2018gb006060,"ssaletta, L., Quan, Z., Li, T., and Zhang, W.: Quantifying Nutrient Budgets for Sus- tainable Nutrient Management, Glob. Biogeochem. Cycles, 34, e2018GB006060, https://doi.org/10.1029/2018gb006060, 2020. Zhang, X., Zou, T., Lassaletta, L., Mueller, N. D., Tubiello, F., Lisk, M. D., Lu, C., Conant, R. T., Dorich, C. D., Gerber, J., Tian, H., Bruulsema, T.,"
essd-16-525-2024.pdf,pymupdf,page_text,17,url,"https://doi.org/10.1038/s43016-021-00318-5,",https://doi.org/10.1038/s43016-021-00318-5,"Heffer, P., Wanner, N., Zhang, W., and Davidson, E. A.: Quantiﬁ- cation of global and national nitrogen budgets for crop produc- tion, Nature Food, 2, 529–540, https://doi.org/10.1038/s43016-021-00318-5, 2021. Zou, T., Zhang, X., and Davidson, E. A.: Global trends of cropland phosphorus use and sustainability challenges, Nature, 611, 81– 87, https://doi.org/10."
essd-16-525-2024.pdf,pymupdf,page_text,17,url,"https://doi.org/10.1038/s41586-022-05220-z,",https://doi.org/10.1038/s41586-022-05220-z,"s43016-021-00318-5, 2021. Zou, T., Zhang, X., and Davidson, E. A.: Global trends of cropland phosphorus use and sustainability challenges, Nature, 611, 81– 87, https://doi.org/10.1038/s41586-022-05220-z, 2022. https://doi.org/10.5194/essd-16-525-2024EarthSyst.Sci.Data, 16, 525–541, 2024"
essd-16-525-2024.pdf,grobid_tei,target,,url,https://github.com/kermitt2/grobid,https://github.com/kermitt2/grobid,
essd-16-525-2024.pdf,grobid_tei,target,,url,https://documents1.worldbank.org/curated/en/827371554284501204/pdf,https://documents1.worldbank.org/curated/en/827371554284501204/pdf,
essd-16-525-2024.pdf,grobid_tei,target,,url,https://www.ipcc-nggip.iges,https://www.ipcc-nggip.iges,
essd-16-525-2024.pdf,grobid_tei,target,,url,https://ec.europa.eu/eurostat/documents/2393397/2518760/Nutrient_Budgets_Handbook_%28CPSA_AE_109%29,https://ec.europa.eu/eurostat/documents/2393397/2518760/Nutrient_Budgets_Handbook_%28CPSA_AE_109%29,
essd-16-525-2024.pdf,grobid_tei,target,,url,https://doi.org/10.1038/s41597-022-01592-z2022a,https://doi.org/10.1038/s41597-022-01592-z2022a,
essd-16-525-2024.pdf,grobid_tei,target,,url,https://ec.europa.eu/eurostat/documents/2393397/8259002/Grassland_,https://ec.europa.eu/eurostat/documents/2393397/8259002/Grassland_,
essd-16-525-2024.pdf,grobid_tei,target,,url,http://www.fao.org/documents/card/en/c/cb4549en,http://www.fao.org/documents/card/en/c/cb4549en,
essd-16-525-2024.pdf,grobid_tei,idno_doi,,doi,10.1038/s41597-022-01592-z,https://doi.org/10.1038/s41597-022-01592-z,10.1038/s41597-022-01592-z
essd-16-525-2024.pdf,grobid_tei,full_tei_text,,url,"https://doi.org/10.5281/zenodo.10491879(Ludemann,",https://doi.org/10.5281/zenodo.10491879(Ludemann,"ao.org/faostat/en/#data/ESB, FAO, 2022a). The R code used to create the tables and figures in this article can be accessed via the following Zenodo repository: https://doi.org/10.5281/zenodo.10491879(Ludemann, 2023).Further information on the derivation of cropland fraction estimates for N, including our analytical code, can be accessed via the following Zenodo repos"
essd-16-525-2024.pdf,grobid_tei,full_tei_text,,url,"https://doi.org/10.5194/essd-16-525-2024https://doi.org/10.5194/essd-16-525-2024EarthSyst.Sci.Data,",https://doi.org/10.5194/essd-16-525-2024https://doi.org/10.5194/essd-16-525-2024EarthSyst.Sci.Data,"s manureplied as manureplus SFplus SFplus SFZhang et al. (2023) 6.92.14.719 %26 %31 %Current study4.91.34.314 %19 %43 % Earth Syst. Sci.Data, 16, 525-541, 2024 https://doi.org/10.5194/essd-16-525-2024https://doi.org/10.5194/essd-16-525-2024EarthSyst.Sci.Data, 16, 525-541, 2024 Earth Syst. Sci. Data, 16, 525-541, 2024 https://doi.org/10.5194/essd-16-525-2024C.I.Ludemannetal.: A global FAOSTAT reference database of cr"
essd-16-525-2024.pdf,grobid_tei,full_tei_text,,url,https://doi.org/10.5194/essd-16-525-2024C.I.Ludemannetal.:,https://doi.org/10.5194/essd-16-525-2024C.I.Ludemannetal,"https://doi.org/10.5194/essd-16-525-2024https://doi.org/10.5194/essd-16-525-2024EarthSyst.Sci.Data, 16, 525-541, 2024 Earth Syst. Sci. Data, 16, 525-541, 2024 https://doi.org/10.5194/essd-16-525-2024C.I.Ludemannetal.: A global FAOSTAT reference database of cropland nutrient budgets C. I. Ludemann et al.: A global FAOSTAT reference database of cropland nutrient budgets 539 po"
essd-16-525-2024.pdf,grobid_tei,full_tei_text,,url,https://doi.org/10.1038/s41597-022-01592-z2022a.Estimatingmaizeharvestindex,https://doi.org/10.1038/s41597-022-01592-z2022a.Estimatingmaizeharvestindex,"81/zenodo.10492448Sci.Data9Ludemann, C. I., Gruere, A., Heffer, P., and Dobermann, A.: Global data on fertilizer use by crop and by country, Sci. Data, 9, 1-8, https://doi.org/10.1038/s41597-022-01592-z2022a.Estimatingmaizeharvestindex and nitrogen concentrations in grain and residue using globally available data CILudemann RHijbeek MPVan Loon TSMurrell ADobermann MKVan Ittersum 10.1038/s4159"
essd-16-525-2024.pdf,grobid_tei,full_tei_text,,doi,"10.5194/bg-9-4169-2012Biogeosciences92012Bodirsky,",https://doi.org/10.5194/bg-9-4169-2012Biogeosciences92012Bodirsky,"rom the global agricultural nitrogen cycle -current state and future scenarios BLBodirsky APopp IWeindl JPDietrich SRolinski LScheiffele CSchmitz HLotze-Campen 10.5194/bg-9-4169-2012Biogeosciences92012Bodirsky, B. L., Popp, A., Weindl, I., Dietrich, J. P., Rolinski, S., Scheiffele, L., Schmitz, C., and Lotze-Campen, H.: N 2 O emissions from the global agricultural nit"
essd-16-525-2024.pdf,grobid_tei,full_tei_text,,doi,10.5194/bg-9-4169-2012Sci.Rep.-UK7403662017,https://doi.org/10.5194/bg-9-4169-2012Sci.Rep.-UK7403662017,"al and spatial patterns in global use of N and P fertilizer on cropland AFBouwman AH WBeusen LLassaletta DFVan Apeldoorn HJ MVan Grinsven JZhang MKIttersum Van 10.5194/bg-9-4169-2012Sci.Rep.-UK7403662017 Bouwman, A. F., Beusen, A. H. W., Lassaletta, L., van Apeldoorn, D. F., van Grinsven, H. J. M., Zhang, J., and Ittersum van, M. K.: Lessons from temporal and s"
essd-16-525-2024.pdf,grobid_tei,full_tei_text,,doi,10.1038/srep40366P.Natl.Acad.Sci.USA,https://doi.org/10.1038/srep40366P.Natl.Acad.Sci.USA,"griculture induced by livestock production over the 1900-2050 period LBouwman KKlein Goldewijk KWVan Der Hoek AHBeusen DPVan Vuuren JWillems MCRufino EStehfest 10.1038/srep40366P.Natl.Acad.Sci.USA 110 2013 Bouwman, L., Klein Goldewijk, K., van der Hoek, K. W., Beusen, A. H., van Vuuren, D. P., Willems, J., Rufino, M. C., and Stehfest, E.: Exploring globa"
essd-16-525-2024.pdf,grobid_tei,full_tei_text,,doi,10.1016/j.agee.2009.11.006Agricult.Ecosyst.Environ1362010,https://doi.org/10.1016/j.agee.2009.11.006Agricult.Ecosyst.Environ1362010,"), 2018. Nutrient balances in African land use systems across different spatial scales: A review of approaches, challenges and progress JGCobo GDercon GCadisch 10.1016/j.agee.2009.11.006Agricult.Ecosyst.Environ1362010 Cobo, J. G., Dercon, G., and Cadisch, G.: Nutrient balances in African land use systems across different spatial scales: A re- view of approaches, challenges a"
essd-16-525-2024.pdf,grobid_tei,full_tei_text,,doi,10.1002/gbc.20053GlobalBiogeochem.Cycles272013,https://doi.org/10.1002/gbc.20053GlobalBiogeochem.Cycles272013,"oi.org/10.1016/j.agee.2009.11.006, 2010. Patterns and trends in nitrogen use and nitrogen recovery efficiency in world agriculture RTConant ABBerdanier PRGrace 10.1002/gbc.20053GlobalBiogeochem.Cycles272013 Conant, R. T., Berdanier, A. B., and Grace, P. R.: Patterns and trends in nitrogen use and nitrogen recovery efficiency in world agriculture, Global Biogeochem"
essd-16-525-2024.pdf,grobid_tei,full_tei_text,,doi,10.1002/gbc.2005320231Zenodo.dataset,https://doi.org/10.1002/gbc.2005320231Zenodo.dataset,"ency in world agriculture, Global Biogeochem. Cycles, 27, 558-566, https://doi.org/10.1002/gbc.20053, 2013. Biological nitrogen fixation in cropland REinarsson 10.1002/gbc.2005320231Zenodo.dataset Einarsson, R.: Biological nitrogen fixation in cropland (v1.3), Zen- odo [data set], https://doi.org/10.5281/zenodo.7133340, 2023a. Source code for estimation"
essd-16-525-2024.pdf,grobid_tei,full_tei_text,,doi,"10.5281/zenodo.71333402023Einarsson,",https://doi.org/10.5281/zenodo.71333402023Einarsson,"land (v1.3), Zen- odo [data set], https://doi.org/10.5281/zenodo.7133340, 2023a. Source code for estimation of cropland biological nitrogen fixation REinarsson 10.5281/zenodo.71333402023Einarsson, R.: Source code for estimation of cropland biological nitrogen fixation (v1.3), Zenodo [code], https://doi.org/10.5281/zenodo.7133336, 2023b. Subnational nutri"
essd-16-525-2024.pdf,grobid_tei,full_tei_text,,doi,10.5281/zenodo.7133336NutrientCyclinginAgroecosystems2020,https://doi.org/10.5281/zenodo.7133336NutrientCyclinginAgroecosystems2020,"budgets to monitor environmental risks in EU agriculture: calculating phosphorus budgets for 243 EU28 regions using public data REinarsson DPitulia CCederberg 10.5281/zenodo.7133336NutrientCyclinginAgroecosystems2020 Einarsson, R., Pitulia, D., and Cederberg, C.: Subnational nu- trient budgets to monitor environmental risks in EU agri- culture: calculating phosphorus budget"
essd-16-525-2024.pdf,grobid_tei,full_tei_text,,doi,10.1007/s10705-020-10064-y2022a.FAO:Croplandnutrientbudget:,https://doi.org/10.1007/s10705-020-10064-y2022a.FAO:Croplandnutrientbudget,"ra, PO Box 47, 6700 Wageningen, the Netherlands REinarsson ASanz-Cobeña EAguilera GBillen JGarnier HVan Grinsven LLassaletta OLOrtigue CGnetti AGordon Fao Rome 10.1007/s10705-020-10064-y2022a.FAO:Croplandnutrientbudget: Gobal, regional and country trends FAOSTAT Analytical Brief Series No Rome, Italy; FAO, Rome 2021. 2016. Rome, 13, 2021. 5 November 2022. 1961-2020. 1 December"
essd-16-525-2024.pdf,grobid_tei,full_tei_text,,doi,"10.1007/s11104-021-05166-7PlantSoil4742022Herridge,",https://doi.org/10.1007/s11104-021-05166-7PlantSoil4742022Herridge,"al scale nitrogen fixation for grain legumes II. Coefficients, templates and estimates for soybean, groundnut and pulses DFHerridge KEGiller ESJensen MBPeoples 10.1007/s11104-021-05166-7PlantSoil4742022Herridge, D. F., Giller, K. E., Jensen, E. S., and Peoples, M. B.: Quantifying country-to-global scale nitrogen fixation for grain legumes II. Coefficients, templates an"
essd-16-525-2024.pdf,grobid_tei,full_tei_text,,doi,10.5194/gmd-13-5425-2020AglobalFAOSTATreferencedatabase,https://doi.org/10.5194/gmd-13-5425-2020AglobalFAOSTATreferencedatabase,"5, https://doi.org/10.1007/s11104-021-05166-7, 2022. Harmonization of global land use change and management for the period 850-2100 (LUH2) for CMIP6 CILudemann 10.5194/gmd-13-5425-2020AglobalFAOSTATreferencedatabase of cropland nutrient budgets 2020 13 C. I. Ludemann et al.: A global FAOSTAT reference database of cropland nutrient budgets Hurtt, G. C., Chini, L., Sahajpal,"
essd-16-525-2024.pdf,grobid_tei,full_tei_text,,doi,10.5194/gmd-13-5425-20202022.IFASTATFertilizerconsumption2017-2018,https://doi.org/10.5194/gmd-13-5425-20202022.IFASTATFertilizerconsumption2017-2018,"nd use change and man- agement for the period 850-2100 (LUH2) for CMIP6, Geosci. Model Dev., 13, 5425-5464, https://doi.org/10.5194/gmd-13-5425-2020, 2020. Ifa 10.5194/gmd-13-5425-20202022.IFASTATFertilizerconsumption2017-2018 period, 45. 1 November 2022. 2006 last access. last access: 16 February 2022. IPCC: Chapter 3: Uncertainties, IPCC, 66. 1_3_ Ch3_Uncertainties.pdf (last access"
essd-16-525-2024.pdf,grobid_tei,full_tei_text,,doi,10.5281/zenodo.10511851KEJackson-94/Fr_Crop_Estimates:Methodsforderivationof,https://doi.org/10.5281/zenodo.10511851KEJackson-94/Fr_Crop_Estimates:Methodsforderivationof,"certainties, IPCC, 66, https://www.ipcc-nggip.iges.or.jp/public/2006gl/pdf/1_Volume1/V1_3_Ch3_Uncertainties.pdf (last access: 1 September 2023), 2006. KJackson 10.5281/zenodo.10511851KEJackson-94/Fr_Crop_Estimates:Methodsforderivationof cropland fraction estimates as used in the FAO-STAT Cropland Nutrient Budget database 2024 Zenodo [code Jackson, K.: KEJackson-94/Fr_Crop_Estimates: Methods fo"
essd-16-525-2024.pdf,grobid_tei,full_tei_text,,doi,10.5281/zenodo.10511851MethodologyandHandbookEurostat/OECD:Nutrient,https://doi.org/10.5281/zenodo.10511851MethodologyandHandbookEurostat/OECD:Nutrient,"nd fraction estimates as used in the FAO- STAT Cropland Nutrient Budget database (v1.0), Zenodo [code], https://doi.org/10.5281/zenodo.10511851, 2024. AMKremer 10.5281/zenodo.10511851MethodologyandHandbookEurostat/OECD:Nutrient Budgets, EU27, Norway and Switzerland 3647de-da73-4d23-b94b-e2b23844dc31. 2013 112 last access: 26 July 2022 Kremer, A. M.: Methodology and Handbook Eurostat/O"
essd-16-525-2024.pdf,grobid_tei,full_tei_text,,doi,10.1088/1748-9326/9/10/105011Environ.Res.Lett9105011,https://doi.org/10.1088/1748-9326/9/10/105011Environ.Res.Lett9105011,"rogen use efficiency of world cropping systems: The relationship between yield and nitrogen input to cropland LLassaletta GBillen BGrizzetti AJuliette JGarnier 10.1088/1748-9326/9/10/105011Environ.Res.Lett9105011 2014 Lassaletta, L., Billen, G., Grizzetti, B., Juliette, A., and Gar- nier, J.: 50 year trends in nitrogen use efficiency of world cropping systems: The relat"
essd-16-525-2024.pdf,grobid_tei,full_tei_text,,doi,10.1088/1748-9326/9/10/105011Environ.Res.Lett1195007,https://doi.org/10.1088/1748-9326/9/10/105011Environ.Res.Lett1195007,"ends and future trajectories of agronomic performance, pollution, trade, and dietary demand LLassaletta GBillen JGarnier LBouwman EVelazquez NDMueller JSGerber 10.1088/1748-9326/9/10/105011Environ.Res.Lett1195007 2016 Lassaletta, L., Billen, G., Garnier, J., Bouwman, L., Velazquez, E., Mueller, N. D., and Gerber, J. S.: Nitrogen use in the global food system: past trend"
essd-16-525-2024.pdf,grobid_tei,full_tei_text,,doi,"10.1088/1748-9326/11/9/095007200778Lesschen,",https://doi.org/10.1088/1748-9326/11/9/095007200778Lesschen,"nutrient balances and their uncertainties at the national level, Nutrient Cycling in Agroecosystems JPLesschen JJStoorvogel EM ASmaling GB MHeuvelink AVeldkamp 10.1088/1748-9326/11/9/095007200778Lesschen, J. P., Stoorvogel, J. J., Smaling, E. M. A., Heuvelink, G. B. M., and Veldkamp, A.: A spatially explicit methodology to quantify soil nutrient balances and the"
essd-16-525-2024.pdf,grobid_tei,full_tei_text,,doi,10.1007/s10705-006-9078-yEarthSyst.Sci.Data9,https://doi.org/10.1007/s10705-006-9078-yEarthSyst.Sci.Data9,"-y, 2007. Global nitrogen and phosphorus fertilizer use for agriculture production in the past half century: shifted hot spots and nutrient imbalance CLu HTian 10.1007/s10705-006-9078-yEarthSyst.Sci.Data9 2017 Lu, C. and Tian, H.: Global nitrogen and phosphorus fertilizer use for agriculture production in the past half century: shifted hot spots and nutrient imb"
essd-16-525-2024.pdf,grobid_tei,full_tei_text,,doi,10.5194/essd-9-181-2017ludemannc/fao_cnb:FAOcroplandnutrientbudget,https://doi.org/10.5194/essd-9-181-2017ludemannc/fao_cnb:FAOcroplandnutrientbudget,"in the past half century: shifted hot spots and nutrient imbalance, Earth Syst. Sci. Data, 9, 181-192, https://doi.org/10.5194/essd-9-181-2017, 2017. CLudemann 10.5194/essd-9-181-2017ludemannc/fao_cnb:FAOcroplandnutrientbudget analysis 2024 Zenodo [code Ludemann, C.: ludemannc/fao_cnb: FAO cropland nutrient budget analysis (v1.0), Zenodo [code], https://doi.org/10.5281/zenodo.1049188"
essd-16-525-2024.pdf,grobid_tei,full_tei_text,,doi,"10.5281/zenodo.104918802022Ludemann,",https://doi.org/10.5281/zenodo.104918802022Ludemann,"FAO cropland nutrient budget analysis (v1.0), Zenodo [code], https://doi.org/10.5281/zenodo.10491880, 2024. Tier 1 and 2 crop nutrient coefficients CILudemann 10.5281/zenodo.104918802022Ludemann, C. I.: Tier 1 and 2 crop nutrient coefficients, Zenodo [code], https://doi.org/10.5281/zenodo.10492448 [code], 2022. Global data on fertilizer use by crop and"
essd-16-525-2024.pdf,grobid_tei,full_tei_text,,doi,"10.5281/zenodo.10492448Sci.Data9Ludemann,",https://doi.org/10.5281/zenodo.10492448Sci.Data9Ludemann,"Zenodo [code], https://doi.org/10.5281/zenodo.10492448 [code], 2022. Global data on fertilizer use by crop and by country CILudemann AGruere PHeffer ADobermann 10.5281/zenodo.10492448Sci.Data9Ludemann, C. I., Gruere, A., Heffer, P., and Dobermann, A.: Global data on fertilizer use by crop and by country, Sci. Data, 9, 1-8, https://doi.org/10.1038/s41597-022-0"
essd-16-525-2024.pdf,grobid_tei,full_tei_text,,doi,10.1038/s41597-022-01592-zFieldCropsRes2842022,https://doi.org/10.1038/s41597-022-01592-zFieldCropsRes2842022,"eharvestindex and nitrogen concentrations in grain and residue using globally available data CILudemann RHijbeek MPVan Loon TSMurrell ADobermann MKVan Ittersum 10.1038/s41597-022-01592-zFieldCropsRes2842022 Ludemann, C. I., Hijbeek, R., van Loon, M. P., Murrell, T. S., Dobermann, A., and van Ittersum, M. K.: Estimating maize harvest index and nitrogen concentratio"
essd-16-525-2024.pdf,grobid_tei,full_tei_text,,doi,"10.1016/j.fcr.2022.1085782023Ludemann,",https://doi.org/10.1016/j.fcr.2022.1085782023Ludemann,"08578, 2022b. Global data on crop nutrient concentration and harvest indices, Dryad [data set CILudemann RHijbeek MVan Loon STMurrell ADobermann MKVan Ittersum 10.1016/j.fcr.2022.1085782023Ludemann, C. I., Hijbeek, R., van Loon, M., Murrell, S. T., Dobermann, A., and van Ittersum, M. K.: Global data on crop nutrient concentration and harvest indices, Dryad"
essd-16-525-2024.pdf,grobid_tei,full_tei_text,,doi,10.5061/dryad.n2z34tn0xDatafrom:Aglobalreference,https://doi.org/10.5061/dryad.n2z34tn0xDatafrom:Aglobalreference,"23a. CILudemann NWanner PChivenge ADobermann REinarsson PGrassini AGruere KJackson LLassaletta FMaggi GObli-Laryea MKVan Ittersum SVishwakarma XZhang FTubiello 10.5061/dryad.n2z34tn0xDatafrom:Aglobalreference database in FAOSTAT of cropland nutrient budgets and nutrient use efficiency: Nitrogen, phosphorus and potassium 2023 data set Ludemann, C. I., Wanner, N., Chi"
essd-16-525-2024.pdf,grobid_tei,full_tei_text,,doi,"10.5061/dryad.hx3ffbgkhNature4902012Mueller,",https://doi.org/10.5061/dryad.hx3ffbgkhNature4902012Mueller,"https://doi.org/10.5061/dryad.hx3ffbgkh, 2023b. Closing yield gaps through nutrient and water management NDMueller JSGerber MJohnston DKRay NRamankutty JAFoley 10.5061/dryad.hx3ffbgkhNature4902012Mueller, N. D., Gerber, J. S., Johnston, M., Ray, D. K., Ra- mankutty, N., and Foley, J. A.: Closing yield gaps through nutrient and water management, Nature, 490, 254-"
essd-16-525-2024.pdf,grobid_tei,full_tei_text,,doi,10.1038/nature11420EarthSyst.Sci.Data9,https://doi.org/10.1038/nature11420EarthSyst.Sci.Data9,"e11420, 2012. Reconstruction of spatially detailed global map of NH + 4 and NO -3 application in synthetic nitrogen fertilizer KNishina AIto NHanasaki SHayashi 10.1038/nature11420EarthSyst.Sci.Data9 2017 Nishina, K., Ito, A., Hanasaki, N., and Hayashi, S.: Reconstruction of spatially detailed global map of NH + 4 and NO - 3 application in synthetic nitroge"
essd-16-525-2024.pdf,grobid_tei,full_tei_text,,doi,10.5194/essd-9-149-2017Eur.J.Agron202003,https://doi.org/10.5194/essd-9-149-2017Eur.J.Agron202003,"ssd-9-149-2017, 2017. Approaches and uncertainties in nutrient budgets: implications for nutrient management and environmental policies OOenema HKros WDe Vries 10.5194/essd-9-149-2017Eur.J.Agron202003 Oenema, O., Kros, H., and de Vries, W.: Approaches and un- certainties in nutrient budgets: implications for nutrient man- agement and environmental policies,"
essd-16-525-2024.pdf,grobid_tei,full_tei_text,,doi,"10.1016/S1161-0301(03)00067-4201086Pathak,",https://doi.org/10.1016/S1161-0301(03)00067-4201086Pathak,"161-0301(03)00067-4, 2003. Nitrogen, phosphorus, and potassium budgets in Indian agriculture, Nutrient Cycling in Agroecosystems HPathak SMohanty NJain ABhatia 10.1016/S1161-0301(03)00067-4201086Pathak, H., Mohanty, S., Jain, N., and Bhatia, A.: Nitro- gen, phosphorus, and potassium budgets in Indian agri- culture, Nutrient Cycling in Agroecosystems, 86, 287-2"
essd-16-525-2024.pdf,grobid_tei,full_tei_text,,doi,"10.1007/s10705-009-9292-5PlantSoil4692021Peoples,",https://doi.org/10.1007/s10705-009-9292-5PlantSoil4692021Peoples,"y-to-global scale nitrogen fixation for grain legumes: I. Reliance on nitrogen fixation of soybean, groundnut and pulses MBPeoples KEGiller ESJensen DFHerridge 10.1007/s10705-009-9292-5PlantSoil4692021Peoples, M. B., Giller, K. E., Jensen, E. S., and Herridge, D. F.: Quantifying country-to-global scale nitrogen fixa- tion for grain legumes: I. Reliance on nitrogen fi"
essd-16-525-2024.pdf,grobid_tei,full_tei_text,,doi,"10.1007/s11104-021-05167-6NatureFood22021Quan,",https://doi.org/10.1007/s11104-021-05167-6NatureFood22021Quan,"5167-6, 2021. Different quantification approaches for nitrogen use efficiency lead to divergent estimates with varying advantages ZQuan XZhang YFang EADavidson 10.1007/s11104-021-05167-6NatureFood22021Quan, Z., Zhang, X., Fang, Y., and Davidson, E. A.: Different quan- tification approaches for nitrogen use efficiency lead to diver- gent estimates with varying adva"
essd-16-525-2024.pdf,grobid_tei,full_tei_text,,doi,"10.1038/s43016-021-00263-3_Task+2.pdf/42873c7f-dfdf-49ca-b22014.201377Wageningen,",https://doi.org/10.1038/s43016-021-00263-3_Task+2.pdf/42873c7f-dfdf-49ca-b22014.201377Wageningen,"10.1038/s43016-021-00263-3, 2021. Methods to estimate grassland production and biological fixation, Alterra RSchils GVelthof SMucher GHazeu OOenema ADe Wit A S 10.1038/s43016-021-00263-3_Task+2.pdf/42873c7f-dfdf-49ca-b22014.201377Wageningen, Netherlands last access: 1 September 2023 Schils, R., Velthof, G., Mucher, S., Hazeu, G., Oenema, O., de Wit, A., and A., S.: Methods to estimate grassland pro"
essd-16-525-2024.pdf,grobid_tei,full_tei_text,,doi,10.1016/j.scitotenv.2023.164249Sci.TotalEnviron889164249,https://doi.org/10.1016/j.scitotenv.2023.164249Sci.TotalEnviron889164249,"olicies in Europe JSerra CMarques-Dos-Santos JMarinheiro EAguilera LLassaletta ASanz-Cobeña JGarnier GBillen WDe Vries TDalgaard NHutchings Do Rosário MCameira 10.1016/j.scitotenv.2023.164249Sci.TotalEnviron889164249 2023 Serra, J., Marques-dos-Santos, C., Marinheiro, J., Aguilera, E., Las- saletta, L., Sanz-Cobeña, A., Garnier, J., Billen, G., de Vries, W., Dalgaard, T., H"
essd-16-525-2024.pdf,grobid_tei,full_tei_text,,doi,10.1016/j.scitotenv.2023.164249Glob.Chang.Biol252019,https://doi.org/10.1016/j.scitotenv.2023.164249Glob.Chang.Biol252019,"ith ESaikawa PCiais JChang HTian SJDel Grosso AIto MChen QWang YBo XCui SCastaldi RJuszczak ÅKasimir VMagliulo SMedinets VMedinets RMRees GWohlfahrt SSabbatini 10.1016/j.scitotenv.2023.164249Glob.Chang.Biol252019 Shang, Z., Zhou, F., Smith, P., Saikawa, E., Ciais, P., Chang, J., Tian, H., Del Grosso, S. J., Ito, A., Chen, M., Wang, Q., Bo, Y., Cui, X., Castaldi, S., Jus"
essd-16-525-2024.pdf,grobid_tei,full_tei_text,,doi,"10.1023/A:1023944131188200366Sheldrick,",https://doi.org/10.1023/A:1023944131188200366Sheldrick,"://doi.org/10.1111/gcb.14741, 2019. Contribution of livestock excreta to nutrient balances, Nutrient Cycling in Agroecosystems WSheldrick JKeith Syers JLingard 10.1023/A:1023944131188200366Sheldrick, W., Keith Syers, J., and Lingard, J.: Con- tribution of livestock excreta to nutrient balances, Nutrient Cycling in Agroecosystems, 66, 119-131, https://doi.or"
essd-16-525-2024.pdf,grobid_tei,full_tei_text,,doi,"10.1023/A:10239441311881990-2008,",https://doi.org/10.1023/A:10239441311881990-2008,"119-131, https://doi.org/10.1023/A:1023944131188, 2003. Statistics Netherlands: Standardised calculation methods for animal manure and nutrients: Standard data 10.1023/A:10239441311881990-2008, 2012 Statistics Netherlands: Standardised calculation methods for animal manure and nutrients: Standard data 1990-2008, 2012. Measuring progress towards sustai"
essd-16-525-2024.pdf,grobid_tei,full_tei_text,,doi,"10.1038/s43016-022-00667-9NatureFood42023Tubiello,",https://doi.org/10.1038/s43016-022-00667-9NatureFood42023Tubiello,"/en/c/cb4549en (last access: 11 May 2021), 2021. Measuring the world's cropland area FNTubiello GConchedda LCasse HPengyu CZhongxin GDe Santis SFritz DMuchoney 10.1038/s43016-022-00667-9NatureFood42023Tubiello, F. N., Conchedda, G., Casse, L., Pengyu, H., Zhongxin, C., De Santis, G., Fritz, S., and Muchoney, D.: Mea- suring the world's cropland area, Nature Food, 4, 3"
essd-16-525-2024.pdf,grobid_tei,full_tei_text,,doi,10.1038/s43016-022-00667-9Sci.Data104882023,https://doi.org/10.1038/s43016-022-00667-9Sci.Data104882023,"0.1038/s43016-022-00667-9, 2023. Global nitrogen deposition inputs to cropland at national scale from 1961 to 2020 SVishwakarma XZhang ADobermann PHeffer FZhou 10.1038/s43016-022-00667-9Sci.Data104882023 Vishwakarma, S., Zhang, X., Dobermann, A., Heffer, P., and Zhou, F.: Global nitrogen deposition inputs to cropland at national scale from 1961 to 2020, Sci. Da"
essd-16-525-2024.pdf,grobid_tei,full_tei_text,,doi,10.1038/s41597-023-02385-8NutrientImbalancesinAgriculturalDevelopment,https://doi.org/10.1038/s41597-023-02385-8NutrientImbalancesinAgriculturalDevelopment,"sek RNaylor TCrews MBDavid LEDrinkwater EHolland PJJohnes JKatzenberger LAMartinelli PAMatson GNziguheba DOjima CAPalm GPRobertson PASanchez ARTownsend FSZhang 10.1038/s41597-023-02385-8NutrientImbalancesinAgriculturalDevelopment 2009 324 Vitousek, P. M., Naylor, R., Crews, T., David, M. B., Drinkwater, L. E., Holland, E., Johnes, P. J., Katzenberger, J., Martinelli, L. A., Matson, P. A"
essd-16-525-2024.pdf,grobid_tei,full_tei_text,,doi,10.1126/science.1170261Nat.Sci.Rev72019,https://doi.org/10.1126/science.1170261Nat.Sci.Rev72019,"of global nitrous oxide emissions from croplands QWang FZhou ZShang PCiais WWiniwarter RBJackson FNTubiello GJanssens-Maenhout HTian XCui JGCanadell SPiao STao 10.1126/science.1170261Nat.Sci.Rev72019 Wang, Q., Zhou, F., Shang, Z., Ciais, P., Winiwarter, W., Jackson, R. B., Tubiello, F. N., Janssens-Maenhout, G., Tian, H., Cui, X., Canadell, J. G., Piao, S.,"
essd-16-525-2024.pdf,grobid_tei,full_tei_text,,doi,10.1093/nsr/nwz087Glob.Chang.Biol232017,https://doi.org/10.1093/nsr/nwz087Glob.Chang.Biol232017,"n from 1850 to 2100 RWang DGoll YBalkanski DHauglustaine OBoucher PCiais IJanssens JPenuelas BGuenet JSardans LBopp NVuichard FZhou BLi SPiao SPeng YHuang STao 10.1093/nsr/nwz087Glob.Chang.Biol232017 Wang, R., Goll, D., Balkanski, Y., Hauglustaine, D., Boucher, O., Ciais, P., Janssens, I., Penuelas, J., Guenet, B., Sardans, J., Bopp, L., Vuichard, N., Zhou,"
essd-16-525-2024.pdf,grobid_tei,full_tei_text,,doi,"10.1126/science.1246067Science3452014West,",https://doi.org/10.1126/science.1246067Science3452014West,"for improving global food security and the environment PCWest JSGerber PMEngstrom NDMueller KABrauman KMCarlson ESCassidy MJohnston GKMacdonald DKRay SSiebert 10.1126/science.1246067Science3452014West, P. C., Gerber, J. S., Engstrom, P. M., Mueller, N. D., Brauman, K. A., Carlson, K. M., Cassidy, E. S., Johnston, M., MacDonald, G. K., Ray, D. K., and Siebert,"
essd-16-525-2024.pdf,grobid_tei,full_tei_text,,doi,10.1126/science.1246067Sci.Data102232023,https://doi.org/10.1126/science.1246067Sci.Data102232023,"46067, 2014. Comprehensive assessment of the utilization of manure in China's croplands based on national farmer survey data QZhang YChu YYin HYing FZhang ZCui 10.1126/science.1246067Sci.Data102232023 Zhang, Q., Chu, Y., Yin, Y., Ying, H., Zhang, F., and Cui, Z.: Com- prehensive assessment of the utilization of manure in China's croplands based on national f"
essd-16-525-2024.pdf,grobid_tei,full_tei_text,,doi,10.1038/s41597-023-02154-7Sci.TotalEnviron5792000,https://doi.org/10.1038/s41597-023-02154-7Sci.TotalEnviron5792000,"/doi.org/10.1038/s41597-023-02154-7, 2023. Spatiotemporal patterns of paddy rice croplands in China GLZhang AH WBeusen DFVan Apeldoorn JMMogollón CYu AFBouwman 10.1038/s41597-023-02154-7Sci.TotalEnviron5792000 to 2015. 2017 Zhang, G. L., Beusen, A. H. W., Van Apeldoorn, D. F., Mogollón, J. M., Yu, C., and Bouwman, A. F.: Spatiotem- poral patterns of paddy rice cropla"
essd-16-525-2024.pdf,grobid_tei,full_tei_text,,doi,"10.1016/j.scitotenv.2016.10.223Nature5282015Zhang,",https://doi.org/10.1016/j.scitotenv.2016.10.223Nature5282015Zhang,"-92, https://doi.org/10.1016/j.scitotenv.2016.10.223, 2017. Managing nitrogen for sustainable development XZhang EDavidson DMauzerall TSearchinger PDumas YShen 10.1016/j.scitotenv.2016.10.223Nature5282015Zhang, X., Davidson, E., Mauzerall, D., Searchinger, T., Dumas, P., and Shen, Y.: Managing nitrogen for sustainable development, Nature, 528, 51-59, https://doi.org/1"
essd-16-525-2024.pdf,grobid_tei,full_tei_text,,doi,10.1038/nature15743GB006060Glob.Biogeochem.Cycles34,https://doi.org/10.1038/nature15743GB006060Glob.Biogeochem.Cycles34,"https://doi.org/10.1038/nature15743, 2015. Quantifying Nutrient Budgets for Sustainable Nutrient Management XZhang EADavidson TZou LLassaletta ZQuan TLi WZhang 10.1038/nature15743GB006060Glob.Biogeochem.Cycles34 2018. 2020 Zhang, X., Davidson, E. A., Zou, T., Lassaletta, L., Quan, Z., Li, T., and Zhang, W.: Quantifying Nutrient Budgets for Sus- tainable Nutrient Manage"
essd-16-525-2024.pdf,grobid_tei,full_tei_text,,doi,"10.1029/2018gb006060NatureFood22021Zhang,",https://doi.org/10.1029/2018gb006060NatureFood22021Zhang,"uulsema TMcclellan-Maaz KNishina BLeon LBBodirsky APopp LBouwman ABeusen JChang PHavlík DLeclère JGCanadell RBJackson GBillen PHeffer NWanner WZhang EADavidson 10.1029/2018gb006060NatureFood22021Zhang, X., Zou, T., Lassaletta, L., Mueller, N. D., Tubiello, F., Lisk, M. D., Lu, C., Conant, R. T., Dorich, C. D., Gerber, J., Tian, H., Bruulsema, T., McClellan-Ma"
essd-16-525-2024.pdf,grobid_tei,full_tei_text,,doi,"10.1038/s43016-021-00318-5Nature6112022Zou,",https://doi.org/10.1038/s43016-021-00318-5Nature6112022Zou,"od, 2, 529-540, https://doi.org/10.1038/s43016-021-00318-5, 2021. Global trends of cropland phosphorus use and sustainability challenges TZou XZhang EADavidson 10.1038/s43016-021-00318-5Nature6112022Zou, T., Zhang, X., and Davidson, E. A.: Global trends of cropland phosphorus use and sustainability challenges, Nature, 611, 81- 87, https://doi.org/10.1038/s41586"
essd-17-7359-2025.pdf,pymupdf,page_text,1,url,https://doi.org/10.5194/essd-17-7359-2025,https://doi.org/10.5194/essd-17-7359-2025,"Earth Syst. Sci. Data, 17, 7359–7372, 2025 https://doi.org/10.5194/essd-17-7359-2025 © Author(s) 2025. This work is distributed under the Creative Commons Attribution 4.0 License. The Western United States MTBS-Interagency database of large wil"
essd-17-7359-2025.pdf,pymupdf,page_text,1,url,"https://doi.org/10.5061/dryad.63xsj3vd4(Williamsetal.,",https://doi.org/10.5061/dryad.63xsj3vd4(Williamsetal,"The WUMI2024a can be quickly updated as new and improved data become available. The WUMI2024a dataset and the code used to produce the dataset are available at https://doi.org/10.5061/dryad.63xsj3vd4(Williamsetal., 2025a). 1 Introduction The annual area burned by wildﬁres in the western United States (US) has increased dramatically over the past four decades, largely due"
essd-17-7359-2025.pdf,pymupdf,page_text,2,url,"https://data-nifc.opendata.arcgis.com/,",https://data-nifc.opendata.arcgis.com/,"ity controlled to remove duplicates. In ad- dition, the National Interagency Fire Center (NIFC) hosts a number of ﬁre perimeter datasets on its Open Data site (https://data-nifc.opendata.arcgis.com/, last access: 13 De- cember 2025), but none is without a major caveat related to comprehensiveness, temporal coverage (the most compre- hensive dataset covers <"
essd-17-7359-2025.pdf,pymupdf,page_text,3,url,https://www.mtbs.gov/on,https://www.mtbs.gov/on,"ed by the MTBS. Excluding unburned 30 m grid cells within the ﬁre perime- ters provides a more accurate estimate of actual area burned. Data were accessed from https://www.mtbs.gov/on 26 April 2025. 2.1.2 FPA FOD The USFS Fire Program Analysis Fire-Occurrence Database (FPA FOD), 6th edition (Short, 2022), is a compilation of ﬁnal wildﬁre rep"
essd-17-7359-2025.pdf,pymupdf,page_text,3,url,https://doi.org/10.2737/RDS-2013-0009.6on4November2022.2.1.3,https://doi.org/10.2737/RDS-2013-0009.6on4November2022.2.1.3,"ing MTBS perimeter is included for FPA FOD ﬁres represented in the MTBS dataset. This dataset is de- scribed in detail by Short (2014). Data were accessed from https://doi.org/10.2737/RDS-2013-0009.6on4November2022.2.1.3 WFAIP The Wildland Fire Application Information Portal (WFAIP) includes an archive of point-based ﬁnal ﬁre reports from fed- eral agencies, including the USFS"
essd-17-7359-2025.pdf,pymupdf,page_text,3,url,"https://doi.org/10.5194/essd-17-7359-2025EarthSyst.Sci.Data,",https://doi.org/10.5194/essd-17-7359-2025EarthSyst.Sci.Data,"e frequencies in the ﬁrst decade of the 2000s that is not apparent in other data sources and the FPA FOD includes ﬁres reported by state and local agencies and https://doi.org/10.5194/essd-17-7359-2025EarthSyst.Sci.Data, 17, 7359–7372, 2025"
essd-17-7359-2025.pdf,pymupdf,page_text,4,url,https://www.wildﬁre.gov/page/zip-ﬁles,https://www.wildﬁre.gov/page/zip-ﬁles,"ncerns about inconsistencies in reporting and the completeness of the records, but they are still a valuable resource for our purposes. Data were accessed from https://www.wildﬁre.gov/page/zip-ﬁles on 15 Decem- ber 2024. This website may only be available to computers in the US, but the original datasets are made available through the WUMI2024a database ("
essd-17-7359-2025.pdf,pymupdf,page_text,4,url,https://www.ﬁre.ca.gov/what-we-do/,https://www.ﬁre.ca.gov/what-we-do/,"does not provide ignition locations, so we initially estimate each ﬁre’s ignition location as the centroid within each ﬁre’s perimeter. Data were accessed from https://www.ﬁre.ca.gov/what-we-do/ ﬁre-resource-assessment-program/ﬁre-perimeters on 26 April 2025. 2.1.5 WFIGS The NIFC hosts a database of ﬁre perimeters maintained by the Wildland Fire Intera"
essd-17-7359-2025.pdf,pymupdf,page_text,4,url,https://data-nifc.opendata.arcgis.com/datasets/nifc::wﬁgs-interagency-ﬁre-perimeters/about,https://data-nifc.opendata.arcgis.com/datasets/nifc::wﬁgs-interagency-ﬁre-perimeters/about,"meters may be missing for non- federal ﬁres throughout the period of record. This dataset only includes wildﬁres with perimeter data. Data were ac- cessed from https://data-nifc.opendata.arcgis.com/datasets/nifc::wﬁgs-interagency-ﬁre-perimeters/about on 10 October 2025. 2.1.6 USGS The USGS compiled a dataset of US ﬁre perimeters from 40 sources spanning from the 1800s through 2020 (Welty and Jeffries, 2021)"
essd-17-7359-2025.pdf,pymupdf,page_text,4,url,https://www.sciencebase.gov/catalog/item/61aa537dd34eb622f699df81,https://www.sciencebase.gov/catalog/item/61aa537dd34eb622f699df81,"comprehensive ﬁre-occurrence lists that lack perimeter data (FPA FOD and WFAIP), but not as a primary source of ﬁre-occurrence records. Data were accessed from https://www.sciencebase.gov/catalog/item/61aa537dd34eb622f699df81 on 9 June 2025. 2.1.7 IAFPH The NIFC hosts a database of US wildﬁre perimeters called the Interagency Fire Perimeter History (IAFPH), with some records dating"
essd-17-7359-2025.pdf,pymupdf,page_text,4,url,https://data-nifc.opendata.arcgis.com/datasets/nifc::interagencyﬁreperimeterhistory-all-years-view/about,https://data-nifc.opendata.arcgis.com/datasets/nifc::interagencyﬁreperimeterhistory-all-years-view/about,"IAFPH is therefore a useful resource for perimeters associated with known ﬁres, but not as a primary source of ﬁre-occurrence records. Data were accessed from https://data-nifc.opendata.arcgis.com/datasets/nifc::interagencyﬁreperimeterhistory-all-years-view/about on 14 October 2024. 2.2 Processing and merging of datasets 2.2.1 Within-dataset quality control From each dataset described above we remove ﬁres < 1 km2 in are"
essd-17-7359-2025.pdf,pymupdf,page_text,11,url,"https://doi.org/10.5281/zenodo.17298252(Williamsetal.,",https://doi.org/10.5281/zenodo.17298252(Williamsetal,"re perimeters and 1 km grids of burned area are in the directory called ﬁre_maps/. 5 Code availability The code used to produce the WUMI2024a is available from https://doi.org/10.5281/zenodo.17298252(Williamsetal., 2025b). 6 Conclusions The WUMI2024a is a comprehensive and quality controlled database of more than 22 000 large (≥1 km2) wildﬁres in the western US, currently"
essd-17-7359-2025.pdf,pymupdf,page_text,12,url,"https://doi.org/10.5194/essd-17-7359-2025-supplement.Authorcontributions.APW,",https://doi.org/10.5194/essd-17-7359-2025-supplement.Authorcontributions.APW,"valuable resource for researchers and practitioners in the ﬁeld of wild- ﬁre science. Supplement. The supplement related to this article is available online at https://doi.org/10.5194/essd-17-7359-2025-supplement.Authorcontributions.APW, CSJ, and KCS developed the meth- ods. APW carried them out, performed the analyses, and prepared the manuscript. CSJ and KCS provided edits to the manuscript."
essd-17-7359-2025.pdf,pymupdf,page_text,12,url,"https://doi.org/10.1038/s43247-021-00299-0,",https://doi.org/10.1038/s43247-021-00299-0,"., Harvey, B. J., and Kolden, C. A.: Projected increases in western US forest ﬁre despite growing fuel constraints, Communications Earth & Environment, 2, 1–8, https://doi.org/10.1038/s43247-021-00299-0, 2021. Balch, J. K., St Denis, L. A., Mahood, A. L., Mietkiewicz, N. P., Williams, T. M., McGlinchy, J., and Cook, M. C.: FIRED (Fire Events Delineation): An Op"
essd-17-7359-2025.pdf,pymupdf,page_text,12,url,"https://doi.org/10.3390/rs12213498,",https://doi.org/10.3390/rs12213498,"ents Delineation): An Open, Flexible Algorithm and Database of US Fire Events Derived from the MODIS Burned Area Product (2001–2019), Remote Sensing, 12, 3498, https://doi.org/10.3390/rs12213498, 2020. Bryant, B. P. and Westerling, A. L.: Scenarios for future wild- ﬁre risk in California: links between changing demography, land use, climate, and wildﬁre"
essd-17-7359-2025.pdf,pymupdf,page_text,12,url,"https://doi.org/10.1002/env.2280,",https://doi.org/10.1002/env.2280,"ling, A. L.: Scenarios for future wild- ﬁre risk in California: links between changing demography, land use, climate, and wildﬁre, Environmetrics, 25, 454–471, https://doi.org/10.1002/env.2280, 2014. Chen, Y., Hantson, S., Andela, N., Cofﬁeld, S. R., Graff, C. A., Mor- ton, D. C., Ott, L. E., Foufoula-Georgiou, E., Smyth, P., Goulden, M. L., and Rande"
essd-17-7359-2025.pdf,pymupdf,page_text,12,url,"https://doi.org/10.1038/s41597-022-01343-0,",https://doi.org/10.1038/s41597-022-01343-0,"M. L., and Randerson, J. T.: California wildﬁre spread derived using VIIRS satellite observations and an object-based tracking system, Scientiﬁc data, 9, 249, https://doi.org/10.1038/s41597-022-01343-0, 2022. Coop, J. D., DeLory, T. J., Downing, W. M., Haire, S. L., Krawchuk, M. A., Miller, C., Parisien, M.-A., and Walker, R. B.: Contributions of ﬁre refugia t"
essd-17-7359-2025.pdf,pymupdf,page_text,12,url,"https://doi.org/10.1002/ecs2.2809,",https://doi.org/10.1002/ecs2.2809,"., Parisien, M.-A., and Walker, R. B.: Contributions of ﬁre refugia to resilient ponderosa pine and dry mixed-conifer forest landscapes, Ecosphere, 10, e02809, https://doi.org/10.1002/ecs2.2809, 2019. Eidenshink, J., Schwind, B., Brewer, K., Zhu, Z., Quayle, B., and Howard, S.: A project for monitoring trends in burn severity, Fire Ecol., 3, 3–21, http"
essd-17-7359-2025.pdf,pymupdf,page_text,12,url,"https://doi.org/10.4996/ﬁreecology.0301003,",https://doi.org/10.4996/ﬁreecology.0301003,"809, 2019. Eidenshink, J., Schwind, B., Brewer, K., Zhu, Z., Quayle, B., and Howard, S.: A project for monitoring trends in burn severity, Fire Ecol., 3, 3–21, https://doi.org/10.4996/ﬁreecology.0301003, 2007. Giglio, L., Schroeder, W., and Justice, C. O.: The col- lection 6 MODIS active ﬁre detection algorithm and Earth Syst. Sci. Data, 17, 7359–7372, 2025 htt"
essd-17-7359-2025.pdf,pymupdf,page_text,13,url,"https://doi.org/10.1016/j.rse.2016.02.054,",https://doi.org/10.1016/j.rse.2016.02.054,"A. P. Williams et al.: The Western United States MTBS-Interagency database of large wildﬁres 7371 ﬁre products, Remote Sens. Environ., 178, 31–41, https://doi.org/10.1016/j.rse.2016.02.054, 2016. Hantson, S., Arneth, A., Harrison, S. P., Kelley, D. I., Prentice, I. C., Rabin, S. S., Archibald, S., Mouillot, F., Arnold, S. R., Artaxo, P., Bachelet,"
essd-17-7359-2025.pdf,pymupdf,page_text,13,url,"https://doi.org/10.5194/bg-13-3359-2016,",https://doi.org/10.5194/bg-13-3359-2016,"., Sitch, S., Spessa, A., van der Werf, G. R., Voulgarakis, A., and Yue, C.: The status and chal- lenge of global ﬁre modelling, Biogeosciences, 13, 3359–3375, https://doi.org/10.5194/bg-13-3359-2016, 2016. Hawbaker, T. J., Vanderhoof, M. K., Beal, Y.-J., Takacs, J. D., Schmidt, G. L., Falgout, J. T., Williams, B., Fairaux, N. M., Caldwell, M. K., Picotte, J"
essd-17-7359-2025.pdf,pymupdf,page_text,13,url,"https://doi.org/10.1016/j.rse.2017.06.027,",https://doi.org/10.1016/j.rse.2017.06.027,", J. J., Howard, S. M., Stitt, S., and Dwyer, J. L.: Mapping burned areas using dense time-series of Landsat data, Remote Sensing of Environment, 198, 504–522, https://doi.org/10.1016/j.rse.2017.06.027, 2017. He, K., Shen, X., and Anagnostou, E. N.: A global forest burn severity dataset from Landsat imagery (2003–2016), Earth Syst. Sci. Data, 16, 3061–3081, ht"
essd-17-7359-2025.pdf,pymupdf,page_text,13,url,"https://doi.org/10.5194/essd-16-3061-2024,",https://doi.org/10.5194/essd-16-3061-2024,"7, 2017. He, K., Shen, X., and Anagnostou, E. N.: A global forest burn severity dataset from Landsat imagery (2003–2016), Earth Syst. Sci. Data, 16, 3061–3081, https://doi.org/10.5194/essd-16-3061-2024, 2024. Hurteau, M. D., Liang, S., Westerling, A. L., and Wiedin- myer, C.: Vegetation-ﬁre feedback reduces projected area burned under climate change, Sci. Rep."
essd-17-7359-2025.pdf,pymupdf,page_text,13,url,"https://doi.org/10.1038/s41598-019-39284-1,",https://doi.org/10.1038/s41598-019-39284-1,", M. D., Liang, S., Westerling, A. L., and Wiedin- myer, C.: Vegetation-ﬁre feedback reduces projected area burned under climate change, Sci. Rep.-UK, 9, 2838, https://doi.org/10.1038/s41598-019-39284-1, 2019. Jorge, A. L., Abatzoglou, J. T., Fleishman, E., Williams, E. L., Rupp, D. E., Jenkins, J. S., Sadegh, M., Kolden, C. A., and Short, K. C.: COVID-19 fuele"
essd-17-7359-2025.pdf,pymupdf,page_text,13,url,"https://doi.org/10.1029/2024EF005744,",https://doi.org/10.1029/2024EF005744,".: COVID-19 fueled an elevated number of human-caused ignitions in the western United States during the 2020 wildﬁre season, Earth’s Future, 13, e2024EF005744, https://doi.org/10.1029/2024EF005744, 2025. Juang, C. S. and Williams, A. P.: Western US MTBS- Interagency (WUMI) wildﬁre dataset (2), Dryad [data set], https://doi.org/10.5061/dryad.sf7m0cg72, 202"
essd-17-7359-2025.pdf,pymupdf,page_text,13,url,"https://doi.org/10.5061/dryad.sf7m0cg72,",https://doi.org/10.5061/dryad.sf7m0cg72,"05744, https://doi.org/10.1029/2024EF005744, 2025. Juang, C. S. and Williams, A. P.: Western US MTBS- Interagency (WUMI) wildﬁre dataset (2), Dryad [data set], https://doi.org/10.5061/dryad.sf7m0cg72, 2024. Juang, C. S., Williams, A. P., Abazoglou, J. T., Balch, J. K., Hurteau, M. D., and Moritz, M. A.: Rapid growth of large forest ﬁres drives the exponentia"
essd-17-7359-2025.pdf,pymupdf,page_text,13,url,"https://doi.org/10.1029/2021GL097131,",https://doi.org/10.1029/2021GL097131,"of large forest ﬁres drives the exponential response of annual forest-ﬁre area to aridity in the western United States, Geophys. Res. Lett., 49, e2021GL097131, https://doi.org/10.1029/2021GL097131, 2022. Keeley, J. E. and Syphard, A. D.: Climate change and future ﬁre regimes: examples from California, Geosciences, 6, 37, https://doi.org/10.3390/geoscience"
essd-17-7359-2025.pdf,pymupdf,page_text,13,url,"https://doi.org/10.3390/geosciences6030037,",https://doi.org/10.3390/geosciences6030037,"ps://doi.org/10.1029/2021GL097131, 2022. Keeley, J. E. and Syphard, A. D.: Climate change and future ﬁre regimes: examples from California, Geosciences, 6, 37, https://doi.org/10.3390/geosciences6030037, 2016. Krawchuk, M. A., Meigs, G. W., Cartwright, J. M., Coop, J. D., Davis, R., Holz, A., Kolden, C., and Meddens, A. J. H.: Distur- bance refugia within mosai"
essd-17-7359-2025.pdf,pymupdf,page_text,13,url,"https://doi.org/10.1002/fee.2190,",https://doi.org/10.1002/fee.2190,"d Meddens, A. J. H.: Distur- bance refugia within mosaics of forest ﬁre, drought, and insect outbreaks, Frontiers in Ecology and the Environment, 18, 235– 244, https://doi.org/10.1002/fee.2190, 2020. Lizundia-Loiola, J., Franquesa, M., Boettcher, M., Kirches, G., Pettinari, M. L., and Chuvieco, E.: Implementation of the burned area component of the Co"
essd-17-7359-2025.pdf,pymupdf,page_text,13,url,"https://doi.org/10.3390/rs13214295,",https://doi.org/10.3390/rs13214295,"., and Chuvieco, E.: Implementation of the burned area component of the Copernicus climate change ser- vice: from MODIS to OLCI data, Remote Sensing, 13, 4295, https://doi.org/10.3390/rs13214295, 2021. McKenzie, D. and Littell, J. S.: Climate change and the eco- hydrology of ﬁre: Will area burned increase in a warm- ing western USA?, Ecological Applicat"
essd-17-7359-2025.pdf,pymupdf,page_text,13,url,"https://doi.org/10.1002/eap.1420,",https://doi.org/10.1002/eap.1420,"D. and Littell, J. S.: Climate change and the eco- hydrology of ﬁre: Will area burned increase in a warm- ing western USA?, Ecological Applications, 27, 26–36, https://doi.org/10.1002/eap.1420, 2017. Parks, S. A., Miller, C., Abatzoglou, J. T., Holsinger, L. M., Parisien, M.-A., and Dobrowski, S. Z.: How will climate change affect wildland ﬁre severit"
essd-17-7359-2025.pdf,pymupdf,page_text,13,url,"https://doi.org/10.1088/1748-9326/11/3/035002,",https://doi.org/10.1088/1748-9326/11/3/035002,", Parisien, M.-A., and Dobrowski, S. Z.: How will climate change affect wildland ﬁre severity in the western US?, Environmen- tal Research Letters, 11, 035002, https://doi.org/10.1088/1748-9326/11/3/035002, 2016. Parks, S. A., Holsinger, L. M., Miller, C., and Parisien, M.- A.: Analog-based ﬁre regime and vegetation shifts in moun- tainous regions of the western U"
essd-17-7359-2025.pdf,pymupdf,page_text,13,url,"https://doi.org/10.1111/ecog.03378,",https://doi.org/10.1111/ecog.03378,"ger, L. M., Miller, C., and Parisien, M.- A.: Analog-based ﬁre regime and vegetation shifts in moun- tainous regions of the western US, Ecography, 41, 910–921, https://doi.org/10.1111/ecog.03378, 2018. Parks, S. A., Holsinger, L. M., Koontz, M. J., Collins, L., Whitman, E., Parisien, M.-A., Loehman, R. A., Barnes, J. L., Bourdon, J.-F., and Boucher, J.:"
essd-17-7359-2025.pdf,pymupdf,page_text,13,url,"https://doi.org/10.3390/rs11141735,",https://doi.org/10.3390/rs11141735,"Bourdon, J.-F., and Boucher, J.: Giving ecological meaning to satellite- derived ﬁre severity metrics across North American forests, Remote Sensing, 11, 1735, https://doi.org/10.3390/rs11141735, 2019. Ruefenacht, B., Finco, M. V., Nelson, M. D., Czaplewski, R., Helmer, E. H., Blackard, J. A., Holden, G. R., Lister, A. J., Sala- janu, D., and Weyermann,"
essd-17-7359-2025.pdf,pymupdf,page_text,13,url,"https://doi.org/10.14358/PERS.74.11.1379,",https://doi.org/10.14358/PERS.74.11.1379,", D.: Conterminous US and Alaska for- est type mapping using forest inventory and analysis data, Pho- togrammetric Engineering & Remote Sensing, 74, 1379–1388, https://doi.org/10.14358/PERS.74.11.1379, 2008. Schroeder, W., Oliva, P., Giglio, L., and Csiszar, I. A.: The New VI- IRS 375m active ﬁre detection data product: Algorithm descrip- tion and initial ass"
essd-17-7359-2025.pdf,pymupdf,page_text,13,url,"https://doi.org/10.1016/j.rse.2013.12.008,",https://doi.org/10.1016/j.rse.2013.12.008,"szar, I. A.: The New VI- IRS 375m active ﬁre detection data product: Algorithm descrip- tion and initial assessment, Remote Sensing of Environment, 143, 85–96, https://doi.org/10.1016/j.rse.2013.12.008, 2014. Short, K. C.: A spatial database of wildﬁres in the United States, 1992–2011, Earth Syst. Sci. Data, 6, 1–27, https://doi.org/10.5194/essd-6-1-2014, 2014"
essd-17-7359-2025.pdf,pymupdf,page_text,13,url,"https://doi.org/10.5194/essd-6-1-2014,",https://doi.org/10.5194/essd-6-1-2014,"https://doi.org/10.1016/j.rse.2013.12.008, 2014. Short, K. C.: A spatial database of wildﬁres in the United States, 1992–2011, Earth Syst. Sci. Data, 6, 1–27, https://doi.org/10.5194/essd-6-1-2014, 2014. Short, K. C.: Spatial wildﬁre occurrence data for the United States, 1992–2020 [FPA_FOD_20221014], 6th Edition, Fort Collins, CO, Forest Service Research"
essd-17-7359-2025.pdf,pymupdf,page_text,13,url,"https://doi.org/10.2737/RDS-2013-0009.6,",https://doi.org/10.2737/RDS-2013-0009.6,"al wildﬁre occurrence data for the United States, 1992–2020 [FPA_FOD_20221014], 6th Edition, Fort Collins, CO, Forest Service Research Data Archive [data set], https://doi.org/10.2737/RDS-2013-0009.6, 2022. St. Denis, L. A., Short, K. C., McConnell, K., Cook, M. C., Mietkiewicz, N. P., Buckland, M., and Balch, J. K.: All-hazards dataset mined from the US Nat"
essd-17-7359-2025.pdf,pymupdf,page_text,13,url,"https://doi.org/10.1038/s41597-023-01955-0,",https://doi.org/10.1038/s41597-023-01955-0,"etkiewicz, N. P., Buckland, M., and Balch, J. K.: All-hazards dataset mined from the US National Incident Management System 1999–2020, Scientiﬁc data, 10, 112, https://doi.org/10.1038/s41597-023-01955-0, 2023. USGS: Annual National Land Cover Database (NLCD) Col- lection 1.0, U.S. Geological Survey data release [data set], https://doi.org/10.5066/P94UXNTS, 2024"
essd-17-7359-2025.pdf,pymupdf,page_text,13,url,"https://doi.org/10.5066/P94UXNTS,",https://doi.org/10.5066/P94UXNTS,"://doi.org/10.1038/s41597-023-01955-0, 2023. USGS: Annual National Land Cover Database (NLCD) Col- lection 1.0, U.S. Geological Survey data release [data set], https://doi.org/10.5066/P94UXNTS, 2024. Welty, J. L. and Jeffries, M. I.: Combined wildland ﬁre datasets for the United States and certain territories, 1800s– Present, U.S. Geological Survey da"
essd-17-7359-2025.pdf,pymupdf,page_text,13,url,"https://doi.org/10.5066/P9ZXGFY3,",https://doi.org/10.5066/P9ZXGFY3,"Jeffries, M. I.: Combined wildland ﬁre datasets for the United States and certain territories, 1800s– Present, U.S. Geological Survey data release [data set], https://doi.org/10.5066/P9ZXGFY3, 2021. Westerling, A. L.: Wildﬁre Simulations for California’s Fourth Climate Change Assessment: Projecting Changes in Extreme Wildﬁre Events with a Warming Cli"
essd-17-7359-2025.pdf,pymupdf,page_text,13,url,https://www.energy.ca.gov/sites/default/ﬁles/2019-11/Projections_CCCA4-CEC-2018-014_ADA.pdf,https://www.energy.ca.gov/sites/default/ﬁles/2019-11/Projections_CCCA4-CEC-2018-014_ADA.pdf,"mulations for California’s Fourth Climate Change Assessment: Projecting Changes in Extreme Wildﬁre Events with a Warming Climate, California Energy Commission, https://www.energy.ca.gov/sites/default/ﬁles/2019-11/Projections_CCCA4-CEC-2018-014_ADA.pdf (last access: 13 December 2025), 2018. Westerling, A. L., Turner, M. G., Smithwick, E. A. H., Romme, W. H., and Ryan, M. G.: Continued warming could transform"
essd-17-7359-2025.pdf,pymupdf,page_text,13,url,"https://doi.org/10.1073/pnas.1110199108,",https://doi.org/10.1073/pnas.1110199108,"ontinued warming could transform Greater Yellowstone ﬁre regimes by mid-21st century, Proceed- ings of the National Academy of Sciences USA, 108, 13165– 13170, https://doi.org/10.1073/pnas.1110199108, 2011. Williams, A. P. and Abatzoglou, J. T.: Recent advances and remain- ing uncertainties in resolving past and future climate effects on global ﬁre activity,"
essd-17-7359-2025.pdf,pymupdf,page_text,13,url,"https://doi.org/10.1007/s40641-016-0031-0,",https://doi.org/10.1007/s40641-016-0031-0,"T.: Recent advances and remain- ing uncertainties in resolving past and future climate effects on global ﬁre activity, Current Climate Change Reports, 2, 1–14, https://doi.org/10.1007/s40641-016-0031-0, 2016. Williams, A. P., Livneh, B., McKinnon, K. A., Hansen, W. D., Mankin, J. S., Cook, B. I., Smerdon, J. E., Varuolo-Clarke, A. M., Bjarke, N. R., and Juang,"
essd-17-7359-2025.pdf,pymupdf,page_text,14,url,"https://doi.org/10.1073/pnas.2114069119,",https://doi.org/10.1073/pnas.2114069119,"Williams et al.: The Western United States MTBS-Interagency database of large wildﬁres on western US water supply, Proc. Nat. Acad. Sci. USA, 119, e2114069119, https://doi.org/10.1073/pnas.2114069119, 2022. Williams, A. P., Juang, C. S., and Short, K. C.: The west- ern united States MTBS-Interagency database of large wild- ﬁres, 1984–2024 (WUMI2024a) (2024a)"
essd-17-7359-2025.pdf,pymupdf,page_text,14,url,"https://doi.org/10.5061/dryad.63xsj3vd4,",https://doi.org/10.5061/dryad.63xsj3vd4,"P., Juang, C. S., and Short, K. C.: The west- ern united States MTBS-Interagency database of large wild- ﬁres, 1984–2024 (WUMI2024a) (2024a), Dryad [data set], https://doi.org/10.5061/dryad.63xsj3vd4, 2025a. Williams, P., Juang, C., and Short, K.: The Western United States MTBS-Interagency Database of Large Wildﬁres, 1984–2024 (WUMI2024a), Zenodo [code], htt"
essd-17-7359-2025.pdf,pymupdf,page_text,14,url,"https://doi.org/10.5281/zenodo.17298252,",https://doi.org/10.5281/zenodo.17298252,"d4, 2025a. Williams, P., Juang, C., and Short, K.: The Western United States MTBS-Interagency Database of Large Wildﬁres, 1984–2024 (WUMI2024a), Zenodo [code], https://doi.org/10.5281/zenodo.17298252, 2025b. Earth Syst. Sci. Data, 17, 7359–7372, 2025 https://doi.org/10.5194/essd-17-7359-2025"
essd-17-7359-2025.pdf,grobid_tei,target,,url,https://github.com/kermitt2/grobid,https://github.com/kermitt2/grobid,
essd-17-7359-2025.pdf,grobid_tei,target,,url,https://doi.org/10.1038/s,https://doi.org/10.1038/s,
essd-17-7359-2025.pdf,grobid_tei,target,,url,https://doi.org/10.4996/fireecology.0301003,https://doi.org/10.4996/fireecology.0301003,
essd-17-7359-2025.pdf,grobid_tei,target,,url,https://www.energy.ca.gov/sites/default/files/2019-11/Projections_CCCA4-CEC-2018-014_ADA.pdf,https://www.energy.ca.gov/sites/default/files/2019-11/Projections_CCCA4-CEC-2018-014_ADA.pdf,
essd-17-7359-2025.pdf,grobid_tei,full_tei_text,,url,https://doi.org/10.2737/RDS-2013-0009.6on4November2022.WFAIPThe,https://doi.org/10.2737/RDS-2013-0009.6on4November2022.WFAIPThe,"ding MTBS perimeter is included for FPA FOD fires represented in the MTBS dataset. This dataset is described in detail by Short (2014). Data were accessed from https://doi.org/10.2737/RDS-2013-0009.6on4November2022.WFAIPThe Wildland Fire Application Information Portal (WFAIP) includes an archive of point-based final fire reports from federal agencies, including the USFS and the Fi"
essd-17-7359-2025.pdf,grobid_tei,full_tei_text,,url,https://www.wildfire.gov/page/zip-files,https://www.wildfire.gov/page/zip-files,"ncerns about inconsistencies in reporting and the completeness of the records, but they are still a valuable resource for our purposes. Data were accessed from https://www.wildfire.gov/page/zip-files on 15 December 2024. This website may only be available to computers in the US, but the original datasets are made available through the WUMI2024a database (Wi"
essd-17-7359-2025.pdf,grobid_tei,full_tei_text,,url,https://www.fire.ca.gov/what-we-do/fire-resource-assessment-program/fire-perimeters,https://www.fire.ca.gov/what-we-do/fire-resource-assessment-program/fire-perimeters,"es not provide ignition locations, so we initially estimate each fire's ignition location as the centroid within each fire's perimeter. Data were accessed from https://www.fire.ca.gov/what-we-do/fire-resource-assessment-program/fire-perimeters on 26 April 2025. WFIGSThe NIFC hosts a database of fire perimeters maintained by the Wildland Fire Interagency Geospatial Services (WFIGS) Group. These perime"
essd-17-7359-2025.pdf,grobid_tei,full_tei_text,,url,https://data-nifc.opendata.arcgis.com/datasets/nifc::wfigs-interagency-fire-perimeters/about,https://data-nifc.opendata.arcgis.com/datasets/nifc::wfigs-interagency-fire-perimeters/about,"rimeters may be missing for nonfederal fires throughout the period of record. This dataset only includes wildfires with perimeter data. Data were accessed from https://data-nifc.opendata.arcgis.com/datasets/nifc::wfigs-interagency-fire-perimeters/about on 10 October 2025. USGSThe USGS compiled a dataset of US fire perimeters from 40 sources spanning from the 1800s through 2020 (Welty and Jeffries, 2021). Thei"
essd-17-7359-2025.pdf,grobid_tei,full_tei_text,,url,https://data-nifc.opendata.arcgis.com/datasets/nifc::interagencyfireperimeterhistory-all-years-view/about,https://data-nifc.opendata.arcgis.com/datasets/nifc::interagencyfireperimeterhistory-all-years-view/about,"AFPH is therefore a useful resource for perimeters associated with known fires, but not as a primary source of fire-occurrence records. Data were accessed from https://data-nifc.opendata.arcgis.com/datasets/nifc::interagencyfireperimeterhistory-all-years-view/about on 14 October 2024. Processing and merging of datasets Within-dataset quality controlFrom each dataset described above we remove fires < 1 km 2 in area as well"
essd-17-7359-2025.pdf,grobid_tei,full_tei_text,,url,"https://doi.org/10.5194/essd-17-7359-2025https://doi.org/10.5194/essd-17-7359-2025EarthSyst.Sci.Data,",https://doi.org/10.5194/essd-17-7359-2025https://doi.org/10.5194/essd-17-7359-2025EarthSyst.Sci.Data,"tiplying the 1 km resolution maps of area burned and fractional forest coverage(Ruefenacht et al., 2008) and summing. Earth Syst. Sci.Data, 17, 7359-7372, 2025 https://doi.org/10.5194/essd-17-7359-2025https://doi.org/10.5194/essd-17-7359-2025EarthSyst.Sci.Data, 17, 7359-7372, 2025 Projected increases in western US forest fire despite growing fuel constraints JTAbatzoglou DSBattisti APWilliams WDHansen BJHarvey CAKolde"
essd-17-7359-2025.pdf,grobid_tei,full_tei_text,,doi,10.1038/s43247-021-00299-0RemoteSensing1234982001-2019.,https://doi.org/10.1038/s43247-021-00299-0RemoteSensing1234982001-2019,"ible Algorithm and Database of US Fire Events Derived from the MODIS Burned Area Product JKBalch LASt Denis ALMahood NPMietkiewicz TMWilliams JMcglinchy MCCook 10.1038/s43247-021-00299-0RemoteSensing1234982001-2019. 2020 Balch, J. K., St Denis, L. A., Mahood, A. L., Mietkiewicz, N. P., Williams, T. M., McGlinchy, J., and Cook, M. C.: FIRED (Fire Events Delineation): An Ope"
essd-17-7359-2025.pdf,grobid_tei,full_tei_text,,doi,"10.3390/rs12213498Environmetrics252014Bryant,",https://doi.org/10.3390/rs12213498Environmetrics252014Bryant,"90/rs12213498, 2020. Scenarios for future wildfire risk in California: links between changing demography, land use, climate, and wildfire BPBryant ALWesterling 10.3390/rs12213498Environmetrics252014Bryant, B. P. and Westerling, A. L.: Scenarios for future wild- fire risk in California: links between changing demography, land use, climate, and wildfire, Environmet"
essd-17-7359-2025.pdf,grobid_tei,full_tei_text,,doi,10.1002/env.228041597-022-01343-0Californiawildfirespread,https://doi.org/10.1002/env.228041597-022-01343-0Californiawildfirespread,", 25, 454-471, https://doi.org/10.1002/env.2280, 2014. YChen SHantson NAndela SRCoffield CAGraff DCMorton LEOtt EFoufoula-Georgiou PSmyth MLGoulden JTRanderson 10.1002/env.228041597-022-01343-0Californiawildfirespread derived using VIIRS satellite observations and an object-based tracking system, Scientific data 2022 9 249 Chen, Y., Hantson, S., Andela, N., Coffield, S. R.,"
essd-17-7359-2025.pdf,grobid_tei,full_tei_text,,doi,10.1038/s41597-022-01343-0Contributionsoffirerefugiato,https://doi.org/10.1038/s41597-022-01343-0Contributionsoffirerefugiato,"g system, Scientific data, 9, 249, https://doi.org/10.1038/s41597-022-01343-0, 2022. JDCoop TJDelory WMDowning SLHaire MAKrawchuk CMiller M.-AParisien RBWalker 10.1038/s41597-022-01343-0Contributionsoffirerefugiato resilient ponderosa pine and dry mixed-conifer forest landscapes, Ecosphere, 10, e02809 2019 Coop, J. D., DeLory, T. J., Downing, W. M., Haire, S. L., Krawchuk"
essd-17-7359-2025.pdf,grobid_tei,full_tei_text,,doi,10.1002/ecs2.2809Aprojectformonitoringtrends,https://doi.org/10.1002/ecs2.2809Aprojectformonitoringtrends,"pine and dry mixed-conifer forest landscapes, Ecosphere, 10, e02809, https://doi.org/10.1002/ecs2.2809, 2019. JEidenshink BSchwind KBrewer ZZhu BQuayle SHoward 10.1002/ecs2.2809Aprojectformonitoringtrends in burn severity 2007 3 Eidenshink, J., Schwind, B., Brewer, K., Zhu, Z., Quayle, B., and Howard, S.: A project for monitoring trends in burn severity, Fire Ec"
essd-17-7359-2025.pdf,grobid_tei,full_tei_text,,doi,10.1016/j.rse.2016.02.054RemoteSens.Environ1782016,https://doi.org/10.1016/j.rse.2016.02.054RemoteSens.Environ1782016,"3-21, https://doi.org/10.4996/fireecology.0301003, 2007. The collection 6 MODIS active fire detection algorithm and fire products LGiglio WSchroeder COJustice 10.1016/j.rse.2016.02.054RemoteSens.Environ1782016 Giglio, L., Schroeder, W., and Justice, C. O.: The col- lection 6 MODIS active fire detection algorithm and fire products, Remote Sens. Environ., 178, 31-41, h"
essd-17-7359-2025.pdf,grobid_tei,full_tei_text,,doi,"10.1016/j.rse.2016.02.054Biogeosciences132016Hantson,",https://doi.org/10.1016/j.rse.2016.02.054Biogeosciences132016Hantson,"Bachelet PCiais MForrest PFriedlingstein THickler JOKaplan SKloster WKnorr GLasslop FLi SMangeon JRMelton AMeyn SSitch ASpessa GRVan Der Werf AVoulgarakis CYue 10.1016/j.rse.2016.02.054Biogeosciences132016Hantson, S., Arneth, A., Harrison, S. P., Kelley, D. I., Prentice, I. C., Rabin, S. S., Archibald, S., Mouillot, F., Arnold, S. R., Artaxo, P., Bachelet, D., Ciais, P.,"
essd-17-7359-2025.pdf,grobid_tei,full_tei_text,,doi,10.5194/bg-13-3359-2016RemoteSensingofEnvironment198,https://doi.org/10.5194/bg-13-3359-2016RemoteSensingofEnvironment198,"ense time-series of Landsat data TJHawbaker MKVanderhoof Y.-JBeal JDTakacs GLSchmidt JTFalgout BWilliams NMFairaux MKCaldwell JJPicotte SMHoward SStitt JLDwyer 10.5194/bg-13-3359-2016RemoteSensingofEnvironment198 2017 Hawbaker, T. J., Vanderhoof, M. K., Beal, Y.-J., Takacs, J. D., Schmidt, G. L., Falgout, J. T., Williams, B., Fairaux, N. M., Caldwell, M. K., Picotte, J."
essd-17-7359-2025.pdf,grobid_tei,full_tei_text,,doi,10.1016/j.rse.2017.06.027EarthSyst.Sci.Data16,https://doi.org/10.1016/j.rse.2017.06.027EarthSyst.Sci.Data16,"f Environment, 198, 504-522, https://doi.org/10.1016/j.rse.2017.06.027, 2017. A global forest burn severity dataset from Landsat imagery KHe XShen ENAnagnostou 10.1016/j.rse.2017.06.027EarthSyst.Sci.Data16 2003-2016. 2024 He, K., Shen, X., and Anagnostou, E. N.: A global forest burn severity dataset from Landsat imagery (2003-2016), Earth Syst. Sci. Data, 16, 306"
essd-17-7359-2025.pdf,grobid_tei,full_tei_text,,doi,10.5194/essd-16-3061-2024Sci.Rep.-UK928382019,https://doi.org/10.5194/essd-16-3061-2024Sci.Rep.-UK928382019,"/doi.org/10.5194/essd-16-3061-2024, 2024. Vegetation-fire feedback reduces projected area burned under climate change MDHurteau SLiang ALWesterling CWiedinmyer 10.5194/essd-16-3061-2024Sci.Rep.-UK928382019 Hurteau, M. D., Liang, S., Westerling, A. L., and Wiedin- myer, C.: Vegetation-fire feedback reduces projected area burned under climate change, Sci. Rep.-UK,"
essd-17-7359-2025.pdf,grobid_tei,full_tei_text,,doi,10.1038/s41598-019-39284-1EF005744Earth,https://doi.org/10.1038/s41598-019-39284-1EF005744Earth,"sed ignitions in the western United States during the 2020 wildfire season ALJorge JTAbatzoglou EFleishman ELWilliams DERupp JSJenkins MSadegh CAKolden KCShort 10.1038/s41598-019-39284-1EF005744Earth's Future 13 2024. 2025 Jorge, A. L., Abatzoglou, J. T., Fleishman, E., Williams, E. L., Rupp, D. E., Jenkins, J. S., Sadegh, M., Kolden, C. A., and Short, K. C"
essd-17-7359-2025.pdf,grobid_tei,full_tei_text,,doi,10.1029/2024EF005744WesternUSMTBS-Interagency(WUMI)wildfire,https://doi.org/10.1029/2024EF005744WesternUSMTBS-Interagency(WUMI)wildfire,"in the western United States during the 2020 wildfire season, Earth's Future, 13, e2024EF005744, https://doi.org/10.1029/2024EF005744, 2025. CSJuang APWilliams 10.1029/2024EF005744WesternUSMTBS-Interagency(WUMI)wildfire dataset 2024 Dryad [data set Juang, C. S. and Williams, A. P.: Western US MTBS- Interagency (WUMI) wildfire dataset (2), Dryad [data set], https://doi.org/10.5"
essd-17-7359-2025.pdf,grobid_tei,full_tei_text,,doi,10.5061/dryad.sf7m0cg72Geophys.Res.Lett492022,https://doi.org/10.5061/dryad.sf7m0cg72Geophys.Res.Lett492022,"es drives the exponential response of annual forest-fire area to aridity in the western United States CSJuang APWilliams JTAbazoglou JKBalch MDHurteau MAMoritz 10.5061/dryad.sf7m0cg72Geophys.Res.Lett492022 Juang, C. S., Williams, A. P., Abazoglou, J. T., Balch, J. K., Hurteau, M. D., and Moritz, M. A.: Rapid growth of large forest fires drives the exponential res"
essd-17-7359-2025.pdf,grobid_tei,full_tei_text,,doi,"10.1029/2021GL097131Geosciences62016Keeley,",https://doi.org/10.1029/2021GL097131Geosciences62016Keeley,"Res. Lett., 49, e2021GL097131, https://doi.org/10.1029/2021GL097131, 2022. Climate change and future fire regimes: examples from California JEKeeley ADSyphard 10.1029/2021GL097131Geosciences62016Keeley, J. E. and Syphard, A. D.: Climate change and future fire regimes: examples from California, Geosciences, 6, 37, https://doi.org/10.3390/geosciences6030037, 201"
essd-17-7359-2025.pdf,grobid_tei,full_tei_text,,doi,10.3390/geosciences6030037FrontiersinEcologyandthe,https://doi.org/10.3390/geosciences6030037FrontiersinEcologyandthe,"2016. Disturbance refugia within mosaics of forest fire, drought, and insect outbreaks MAKrawchuk GWMeigs JMCartwright JDCoop RDavis AHolz CKolden AJ HMeddens 10.3390/geosciences6030037FrontiersinEcologyandthe Environment 18 2020 Krawchuk, M. A., Meigs, G. W., Cartwright, J. M., Coop, J. D., Davis, R., Holz, A., Kolden, C., and Meddens, A. J. H.: Distur- bance refugi"
essd-17-7359-2025.pdf,grobid_tei,full_tei_text,,doi,10.1002/fee.2190RemoteSensing1342952021,https://doi.org/10.1002/fee.2190RemoteSensing1342952021,"e burned area component of the Copernicus climate change service: from MODIS to OLCI data JLizundia-Loiola MFranquesa MBoettcher GKirches MLPettinari EChuvieco 10.1002/fee.2190RemoteSensing1342952021 Lizundia-Loiola, J., Franquesa, M., Boettcher, M., Kirches, G., Pettinari, M. L., and Chuvieco, E.: Implementation of the burned area component of the Copernic"
essd-17-7359-2025.pdf,grobid_tei,full_tei_text,,doi,"10.3390/rs13214295EcologicalApplications272017McKenzie,",https://doi.org/10.3390/rs13214295EcologicalApplications272017McKenzie,"https://doi.org/10.3390/rs13214295, 2021. Climate change and the ecohydrology of fire: Will area burned increase in a warming western USA? DMckenzie JSLittell 10.3390/rs13214295EcologicalApplications272017McKenzie, D. and Littell, J. S.: Climate change and the eco- hydrology of fire: Will area burned increase in a warm- ing western USA?, Ecological Applications, 27, 26-36"
essd-17-7359-2025.pdf,grobid_tei,full_tei_text,,doi,10.1002/eap.1420Environmen-talResearchLetters1135002,https://doi.org/10.1002/eap.1420Environmen-talResearchLetters1135002,"1002/eap.1420, 2017. How will climate change affect wildland fire severity in the western US? SAParks CMiller JTAbatzoglou LMHolsinger M.-AParisien SZDobrowski 10.1002/eap.1420Environmen-talResearchLetters1135002 2016 Parks, S. A., Miller, C., Abatzoglou, J. T., Holsinger, L. M., Parisien, M.-A., and Dobrowski, S. Z.: How will climate change affect wildland fire severit"
essd-17-7359-2025.pdf,grobid_tei,full_tei_text,,doi,"10.1088/1748-9326/11/3/035002Ecography412018Parks,",https://doi.org/10.1088/1748-9326/11/3/035002Ecography412018Parks,"8/1748-9326/11/3/035002, 2016. Analog-based fire regime and vegetation shifts in mountainous regions of the western US SAParks LMHolsinger CMiller M.-AParisien 10.1088/1748-9326/11/3/035002Ecography412018Parks, S. A., Holsinger, L. M., Miller, C., and Parisien, M.- A.: Analog-based fire regime and vegetation shifts in moun- tainous regions of the western US, Ecography"
essd-17-7359-2025.pdf,grobid_tei,full_tei_text,,doi,"10.1111/ecog.033782019111735Parks,",https://doi.org/10.1111/ecog.033782019111735Parks,"erity metrics across North American forests, Remote Sensing SAParks LMHolsinger MJKoontz LCollins EWhitman M.-AParisien RALoehman JLBarnes J.-FBourdon JBoucher 10.1111/ecog.033782019111735Parks, S. A., Holsinger, L. M., Koontz, M. J., Collins, L., Whitman, E., Parisien, M.-A., Loehman, R. A., Barnes, J. L., Bourdon, J.-F., and Boucher, J.: Giving ecolo"
essd-17-7359-2025.pdf,grobid_tei,full_tei_text,,doi,10.14358/PERS.74.11.1379ConterminousUSandAlaskaforest,https://doi.org/10.14358/PERS.74.11.1379ConterminousUSandAlaskaforest,"ensing, 11, 1735, https://doi.org/10.3390/rs11141735, 2019. BRuefenacht MVFinco MDNelson RCzaplewski EHHelmer JABlackard GRHolden AJLister DSalajanu DWeyermann 10.14358/PERS.74.11.1379ConterminousUSandAlaskaforest type mapping using forest inventory and analysis data 2008 74 Ruefenacht, B., Finco, M. V., Nelson, M. D., Czaplewski, R., Helmer, E. H., Blackard, J. A., Hold"
essd-17-7359-2025.pdf,grobid_tei,full_tei_text,,doi,10.14358/PERS.74.11.1379RemoteSensingofEnvironment143,https://doi.org/10.14358/PERS.74.11.1379RemoteSensingofEnvironment143,"PERS.74.11.1379, 2008. The New VI-IRS 375m active fire detection data product: Algorithm description and initial assessment WSchroeder POliva LGiglio IACsiszar 10.14358/PERS.74.11.1379RemoteSensingofEnvironment143 2014 Schroeder, W., Oliva, P., Giglio, L., and Csiszar, I. A.: The New VI- IRS 375m active fire detection data product: Algorithm descrip- tion and initial ass"
essd-17-7359-2025.pdf,grobid_tei,full_tei_text,,doi,10.1016/j.rse.2013.12.008EarthSyst.Sci.Data6,https://doi.org/10.1016/j.rse.2013.12.008EarthSyst.Sci.Data6,"te Sensing of Environment, 143, 85-96, https://doi.org/10.1016/j.rse.2013.12.008, 2014. A spatial database of wildfires in the United States, 1992-2011 KCShort 10.1016/j.rse.2013.12.008EarthSyst.Sci.Data6 2014 Short, K. C.: A spatial database of wildfires in the United States, 1992-2011, Earth Syst. Sci. Data, 6, 1-27, https://doi.org/10.5194/essd-6-1-2014, 2014"
essd-17-7359-2025.pdf,grobid_tei,full_tei_text,,doi,10.5194/essd-6-1-2014ForestServiceResearchDataArchive,https://doi.org/10.5194/essd-6-1-2014ForestServiceResearchDataArchive,"6, 1-27, https://doi.org/10.5194/essd-6-1-2014, 2014. Spatial wildfire occurrence data for the United States, 1992-2020 [FPA_FOD_20221014], 6th Edition KCShort 10.5194/essd-6-1-2014ForestServiceResearchDataArchive 2022 Fort Collins, CO data set Short, K. C.: Spatial wildfire occurrence data for the United States, 1992-2020 [FPA_FOD_20221014], 6th Edition, Fort Collins, C"
essd-17-7359-2025.pdf,grobid_tei,full_tei_text,,doi,"10.1038/s41597-023-01955-01999-2020,",https://doi.org/10.1038/s41597-023-01955-01999-2020,"al National Land Cover Database (NLCD) Collection 1.0, U.S. Geological Survey data release St LADenis KCShort KMcconnell MCCook NPMietkiewicz MBuckland JKBalch 10.1038/s41597-023-01955-01999-2020, Scientific data, 10, 112, https://doi.org/10.1038/s41597-023-01955-0, 2023. 2024 All-hazards dataset mined from the US National Incident Management System. dat"
essd-17-7359-2025.pdf,grobid_tei,full_tei_text,,doi,"10.5066/P94UXNTS2021datasetWelty,",https://doi.org/10.5066/P94UXNTS2021datasetWelty,"NTS, 2024. Combined wildland fire datasets for the United States and certain territories, 1800s-Present, U.S. Geological Survey data release JLWelty MIJeffries 10.5066/P94UXNTS2021datasetWelty, J. L. and Jeffries, M. I.: Combined wildland fire datasets for the United States and certain territories, 1800s- Present, U.S. Geological Survey data release ["
essd-17-7359-2025.pdf,grobid_tei,full_tei_text,,doi,10.5066/P9ZXGFY32018lastaccess:13December,https://doi.org/10.5066/P9ZXGFY32018lastaccess:13December,"r California's Fourth Climate Change Assessment: Projecting Changes in Extreme Wildfire Events with a Warming Climate ALWesterling California Energy Commission 10.5066/P9ZXGFY32018lastaccess:13December 2025 Westerling, A. L.: Wildfire Simulations for California's Fourth Climate Change Assessment: Projecting Changes in Extreme Wildfire Events with a Warming Cl"
essd-17-7359-2025.pdf,grobid_tei,full_tei_text,,doi,10.1073/pnas.1110199108ProceedingsoftheNationalAcademy,https://doi.org/10.1073/pnas.1110199108ProceedingsoftheNationalAcademy,"December 2025), 2018. Continued warming could transform Greater Yellowstone fire regimes by mid-21st century ALWesterling MGTurner EA HSmithwick WHRomme MGRyan 10.1073/pnas.1110199108ProceedingsoftheNationalAcademy of Sciences USA the National Academy of Sciences USA 2011 108 Westerling, A. L., Turner, M. G., Smithwick, E. A. H., Romme, W. H., and Ryan, M. G.: Continued w"
essd-17-7359-2025.pdf,grobid_tei,full_tei_text,,doi,"10.1073/pnas.111019910820162Williams,",https://doi.org/10.1073/pnas.111019910820162Williams,"vances and remaining uncertainties in resolving past and future climate effects on global fire activity, Current Climate Change Reports APWilliams JTAbatzoglou 10.1073/pnas.111019910820162Williams, A. P. and Abatzoglou, J. T.: Recent advances and remain- ing uncertainties in resolving past and future climate effects on global fire activity, Current Climat"
essd-17-7359-2025.pdf,grobid_tei,full_tei_text,,doi,10.1007/s40641-016-0031-0Proc.Nat.Acad.Sci.USA,https://doi.org/10.1007/s40641-016-0031-0Proc.Nat.Acad.Sci.USA,"2016. Growing impact of wildfire on western US water supply APWilliams BLivneh KAMckinnon WDHansen JSMankin BICook JESmerdon AMVaruolo-Clarke NRBjarke CSJuang 10.1007/s40641-016-0031-0Proc.Nat.Acad.Sci.USA 119 2114069119 2022 Williams, A. P., Livneh, B., McKinnon, K. A., Hansen, W. D., Mankin, J. S., Cook, B. I., Smerdon, J. E., Varuolo-Clarke, A. M., Bjarke, N."
essd-17-7359-2025.pdf,grobid_tei,full_tei_text,,doi,"10.1073/pnas.21140691191984-2024.2025WUMI2024a)(2024a),",https://doi.org/10.1073/pnas.21140691191984-2024.2025WUMI2024a)(2024a,", e2114069119, https://doi.org/10.1073/pnas.2114069119, 2022. The western united States MTBS-Interagency database of large wildfires APWilliams CSJuang KCShort 10.1073/pnas.21140691191984-2024.2025WUMI2024a)(2024a), Dryad [data set Williams, A. P., Juang, C. S., and Short, K. C.: The west- ern united States MTBS-Interagency database of large wild- fires, 1984-2024 (WUMI202"
essd-17-7359-2025.pdf,grobid_tei,full_tei_text,,doi,"10.5281/zenodo.172982521984-2024.2025WUMI2024a),",https://doi.org/10.5281/zenodo.172982521984-2024.2025WUMI2024a,"ryad [data set], https://doi.org/10.5061/dryad.63xsj3vd4, 2025a. The Western United States MTBS-Interagency Database of Large Wildfires PWilliams CJuang KShort 10.5281/zenodo.172982521984-2024.2025WUMI2024a), Zenodo [code Williams, P., Juang, C., and Short, K.: The Western United States MTBS-Interagency Database of Large Wildfires, 1984-2024 (WUMI2024a), Zenodo [cod"
essd-18-2397-2026.pdf,pymupdf,page_text,1,url,https://doi.org/10.5194/essd-18-2397-2026,https://doi.org/10.5194/essd-18-2397-2026,"Earth Syst. Sci. Data, 18, 2397–2412, 2026 https://doi.org/10.5194/essd-18-2397-2026 © Author(s) 2026. This work is distributed under the Creative Commons Attribution 4.0 License. A manually labeled contrail dataset from MSG/SEVIRI Vanessa Sant"
essd-18-2397-2026.pdf,pymupdf,page_text,1,url,"https://doi.org/10.5281/zenodo.17669443(SantosGabrieletal.,",https://doi.org/10.5281/zenodo.17669443(SantosGabrieletal,"ibutes to improved understanding of aviation- related cloud effects, and informs strategies for climate impact mitigation. The full dataset is available under: https://doi.org/10.5281/zenodo.17669443(SantosGabrieletal., 2025) with version v2 presented in this study. 1 Introduction Contrails are narrow ice clouds formed by aircraft when am- bient temperatures are low enough. Un"
essd-18-2397-2026.pdf,pymupdf,page_text,3,url,"https://doi.org/10.5194/essd-18-2397-2026EarthSyst.Sci.Data,",https://doi.org/10.5194/essd-18-2397-2026EarthSyst.Sci.Data,"rom MSG3 ranging from 2013 to 2024 (see Sect. 2.1 for details). These were visually inspected with higher attention to regions more likely to contain contrails https://doi.org/10.5194/essd-18-2397-2026EarthSyst.Sci.Data, 18, 2397–2412, 2026"
essd-18-2397-2026.pdf,pymupdf,page_text,10,url,"https://user.eumetsat.int/catalogue/EO:EUM:DAT:MSG:HRSEVIRI,",https://user.eumetsat.int/catalogue/EO:EUM:DAT:MSG:HRSEVIRI,"Meteosat data (2025). MSG/SEVIRI data are available from the EUMETSAT (Eu- ropean Organisation for the Exploitation of Meteorological Satellites) data centre (https://user.eumetsat.int/catalogue/EO:EUM:DAT:MSG:HRSEVIRI, EUMETSAT, 2024). 7 Code availability The code used to create the contrail dataset and generate all ﬁgures in this paper is available at: Earth Syst. Sci. Data,"
essd-18-2397-2026.pdf,pymupdf,page_text,11,url,"https://doi.org/10.5281/zenodo.19327966(SantosGabriel,",https://doi.org/10.5281/zenodo.19327966(SantosGabriel,"V. Santos Gabriel et al.: Manually labeled contrail dataset for MSG 2407 https://doi.org/10.5281/zenodo.19327966(SantosGabriel, 2026). 8 Conclusions In this study, we present a manually labeled contrail dataset based on Meteosat Second Generation (MSG) SEVIRI im- agery mainly over Europ"
essd-18-2397-2026.pdf,pymupdf,page_text,15,url,"https://doi.org/10.1038/s41612-018-0046-4,",https://doi.org/10.1038/s41612-018-0046-4,"ck, L., and Bier, A.: Mitigating the con- trail cirrus climate impact by reducing aircraft soot num- ber emissions, npj Climate and Atmospheric Science, 1, 37, https://doi.org/10.1038/s41612-018-0046-4, 2018. Chevallier, R., Shapiro, M., Engberg, Z., Soler, M., and Delahaye, D.: Linear contrails detection, tracking and matching with air- craft using geostation"
essd-18-2397-2026.pdf,pymupdf,page_text,15,url,"https://doi.org/10.3390/aerospace10070578,",https://doi.org/10.3390/aerospace10070578,"M., and Delahaye, D.: Linear contrails detection, tracking and matching with air- craft using geostationary satellite and air trafﬁc data, Aerospace, 10, 578, https://doi.org/10.3390/aerospace10070578, 2023. Dekoutsidis, G., Feidas, H., and Bugliaro, L.: Contrail detection on SEVIRI images and 1-year study of their physical properties and the atmospheric cond"
essd-18-2397-2026.pdf,pymupdf,page_text,15,url,"https://doi.org/10.5194/amt-18-1115-2025,",https://doi.org/10.5194/amt-18-1115-2025,"2023. Driver, O. G. A., Stettler, M. E. J., and Gryspeerdt, E.: Fac- tors limiting contrail detection in satellite imagery, Atmos. Meas. Tech., 18, 1115–1134, https://doi.org/10.5194/amt-18-1115-2025, 2025. Duda, D. P., Minnis, P., Nguyen, L., and Palikonda, R.: A case study of the development of contrail clusters over the Great Lakes, J. Atmos. Sci., 61, 11"
essd-18-2397-2026.pdf,pymupdf,page_text,15,url,https://www.eumetrain.org/sites/default/ﬁles/2022-10/RGB_recipes.pdf,https://www.eumetrain.org/sites/default/ﬁles/2022-10/RGB_recipes.pdf,"nda, R.: A case study of the development of contrail clusters over the Great Lakes, J. Atmos. Sci., 61, 1132–1146, 2004. EUMeTrain: Compilation of RGB Recipes, https://www.eumetrain.org/sites/default/ﬁles/2022-10/RGB_recipes.pdf (last access: 14 October 2025), 2022. EUMETSAT: High Rate SEVIRI Level 1.5 Image Data – MSG – 0 degree, EUMETSAT [data set], https://user.eumetsat.int/catalogu"
essd-18-2397-2026.pdf,pymupdf,page_text,15,url,"https://doi.org/10.1016/j.dib.2025.111364,",https://doi.org/10.1016/j.dib.2025.111364,", N., Boucher, O., and Barthès, L.: A dataset of annotated ground-based images for the development of contrail detection algorithms, Data in Brief, 59, 111364, https://doi.org/10.1016/j.dib.2025.111364, 2025. Haywood, J. M., Allan, R. P., Bornemann, J., Forster, P. M., Francis, P. N., Milton, S., Rädel, G., Rap, A., Shine, K. P., and Thorpe, R.: A case study o"
essd-18-2397-2026.pdf,pymupdf,page_text,15,url,"https://doi.org/10.1029/2009JD012650,",https://doi.org/10.1029/2009JD012650,"hine, K. P., and Thorpe, R.: A case study of the radiative forcing of persistent contrails evolving into contrail-induced cirrus, J. Geophys. Res.-Atmos., 114, https://doi.org/10.1029/2009JD012650, 2009. Hotelling, H.: Analysis of a complex of statistical variables into principal components, J. Educ. Psychol., 24, 417, https://doi.org/10.1037/h0071325, 19"
essd-18-2397-2026.pdf,pymupdf,page_text,15,url,"https://doi.org/10.1037/h0071325,",https://doi.org/10.1037/h0071325,"ttps://doi.org/10.1029/2009JD012650, 2009. Hotelling, H.: Analysis of a complex of statistical variables into principal components, J. Educ. Psychol., 24, 417, https://doi.org/10.1037/h0071325, 1933. Inoue, T.: On the temperature and effective emissivity determination of semi-transparent cirrus clouds by bi-spectral measurements in the 10 µm window re"
essd-18-2397-2026.pdf,pymupdf,page_text,15,url,"https://doi.org/10.1016/j.atmosenv.2020.117834,",https://doi.org/10.1016/j.atmosenv.2020.117834,"r, M. J., Sausen, R., and Wilcox, L. J.: The contribution of global aviation to an- thropogenic climate forcing for 2000 to 2018, Atmos. Environ., 244, 117834, https://doi.org/10.1016/j.atmosenv.2020.117834, 2021. Lewellen, D.: Persistent contrails and contrail cirrus. Part II: Full lifetime behavior, J. Atmos. Sci., 71, 4420–4438, 2014. Mannstein, H. and Schumann,"
essd-18-2397-2026.pdf,pymupdf,page_text,15,url,"https://doi.org/10.5194/amt-3-655-2010,",https://doi.org/10.5194/amt-3-655-2010,"A., and Bugliaro, L.: Ground-based ob- servations for the validation of contrails and cirrus detec- tion in satellite imagery, Atmos. Meas. Tech., 3, 655–669, https://doi.org/10.5194/amt-3-655-2010, 2010. Mayer, J., Bugliaro, L., Mayer, B., Piontek, D., and Voigt, C.: Bayesian cloud-top phase determination for Meteosat Second Generation, Atmos. Meas. Tech."
essd-18-2397-2026.pdf,pymupdf,page_text,15,url,"https://doi.org/10.5194/amt-17-4015-2024,",https://doi.org/10.5194/amt-17-4015-2024,"Bugliaro, L., Mayer, B., Piontek, D., and Voigt, C.: Bayesian cloud-top phase determination for Meteosat Second Generation, Atmos. Meas. Tech., 17, 4015–4039, https://doi.org/10.5194/amt-17-4015-2024, 2024a. Mayer, J., Mayer, B., Bugliaro, L., Meerkötter, R., and Voigt, C.: How well can brightness temperature differences of space- borne imagers help to detec"
essd-18-2397-2026.pdf,pymupdf,page_text,15,url,"https://doi.org/10.5194/amt-17-5161-2024,",https://doi.org/10.5194/amt-17-5161-2024,"ce- borne imagers help to detect cloud phase? A sensitivity anal- ysis regarding cloud phase and related cloud properties, At- mos. Meas. Tech., 17, 5161–5185, https://doi.org/10.5194/amt-17-5161-2024, 2024b. McCloskey, K., Geraedts, S., Van Arsdale, C., and Brand, E.: A human-labeled Landsat-8 contrails dataset, in: Proceedings of the ICML 2021 Workshop on T"
essd-18-2397-2026.pdf,pymupdf,page_text,15,url,"https://doi.org/10.1088/1748-9326/ac26f0,",https://doi.org/10.1088/1748-9326/ac26f0,"eth, R. L., Karaman, S., and Barrett, S. R.: Contrail coverage over the United States before and during the COVID-19 pandemic, Environ. Res. Lett., 17, 034039, https://doi.org/10.1088/1748-9326/ac26f0, 2022. Meyer, R., Buell, R., Leiter, C., Mannstein, H., Pechtl, S., Oki, T., and Wendling, P.: Contrail observations over Southern and Eastern Asia in NOAA/AVHR"
essd-18-2397-2026.pdf,pymupdf,page_text,15,url,"https://doi.org/10.1109/TGRS.2023.3345226,",https://doi.org/10.1109/TGRS.2023.3345226,", A., Goyal, N., Van Arsdale, C., and Geraedts, S.: Contrail Detection on GOES-16 ABI With the Open- Contrails Dataset, IEEE T. Geosci. Remote Sens., 62, 1–14, https://doi.org/10.1109/TGRS.2023.3345226, 2024. Rybka, H., Burkhardt, U., Köhler, M., Arka, I., Bugliaro, L., Görs- dorf, U., Horváth, Á., Meyer, C. I., Reichardt, J., Seifert, A., and Strandgren, J.:"
essd-18-2397-2026.pdf,pymupdf,page_text,15,url,"https://doi.org/10.5194/acp-21-4285-2021,",https://doi.org/10.5194/acp-21-4285-2021,"ior of high-CAPE (convective available potential energy) summer convection in large-domain large-eddy simulations with ICON, Atmos. Chem. Phys., 21, 4285–4318, https://doi.org/10.5194/acp-21-4285-2021, 2021. Santos Gabriel, V.: vsantosg0805/msg-contrail-dataset: Repos- itory for the data paper: “A Manually Labeled Contrail Dataset from MSG/SEVIRI” (CT_DATASET"
essd-18-2397-2026.pdf,pymupdf,page_text,15,url,"https://doi.org/10.5281/zenodo.19327966,",https://doi.org/10.5281/zenodo.19327966,".: vsantosg0805/msg-contrail-dataset: Repos- itory for the data paper: “A Manually Labeled Contrail Dataset from MSG/SEVIRI” (CT_DATASET), Zenodo [soft- ware], https://doi.org/10.5281/zenodo.19327966, 2026. Santos Gabriel, V., Bugliaro, L., Montag, M., Ries, S., Wang, Z., Widmaier, K., Arico, M., Unterstrasser, S., Mayer, J., Menekay, D., Marsing, A., De La"
essd-18-2397-2026.pdf,pymupdf,page_text,16,url,"https://doi.org/10.5281/zenodo.17669443,",https://doi.org/10.5281/zenodo.17669443,"2412 V. Santos Gabriel et al.: Manually labeled contrail dataset for MSG for Meteosat Second Generation (MSG), Zenodo [data set], https://doi.org/10.5281/zenodo.17669443, 2025. Schmetz, J., Pili, P., Tjemkes, S., Just, D., Kerk- mann, J., Rota, S., and Ratier, A.: An Introduc- tion to Meteosat Second Generation (MSG), B. Am. Met"
essd-18-2397-2026.pdf,pymupdf,page_text,16,url,https://doi.org/10.1175/1520-0477(2002)083,https://doi.org/10.1175/1520-0477(2002)083,"., Pili, P., Tjemkes, S., Just, D., Kerk- mann, J., Rota, S., and Ratier, A.: An Introduc- tion to Meteosat Second Generation (MSG), B. Am. Meteorol. Soc., 83, https://doi.org/10.1175/1520-0477(2002)083<0977:AITMSG>2.3.CO;2, 2002. Spangenberg, D. A., Minnis, P., Bedka, S. T., Palikonda, R., Duda, D. P., and Rose, F. G.: Contrail radiative forcing over the Nort"
essd-18-2397-2026.pdf,pymupdf,page_text,16,url,"https://doi.org/10.5194/amt-10-3547-2017,",https://doi.org/10.5194/amt-10-3547-2017,"n, J., Bugliaro, L., Sehnke, F., and Schröder, L.: Cirrus cloud retrieval with MSG/SEVIRI using artiﬁ- cial neural networks, Atmos. Meas. Tech., 10, 3547–3573, https://doi.org/10.5194/amt-10-3547-2017, 2017a. Strandgren, J., Fricker, J., and Bugliaro, L.: Characterisation of the artiﬁcial neural network CiPS for cirrus cloud remote sens- ing with MSG/SEVIRI,"
essd-18-2397-2026.pdf,pymupdf,page_text,16,url,"https://doi.org/10.5194/amt-10-4317-2017,",https://doi.org/10.5194/amt-10-4317-2017,", and Bugliaro, L.: Characterisation of the artiﬁcial neural network CiPS for cirrus cloud remote sens- ing with MSG/SEVIRI, Atmos. Meas. Tech., 10, 4317–4339, https://doi.org/10.5194/amt-10-4317-2017, 2017b. Teoh, R., Engberg, Z., Schumann, U., Voigt, C., Shapiro, M., Rohs, S., and Stettler, M. E. J.: Global aviation contrail climate ef- fects from 2019 to 2"
essd-18-2397-2026.pdf,pymupdf,page_text,16,url,"https://doi.org/10.5194/acp-24-6071-2024,",https://doi.org/10.5194/acp-24-6071-2024,"U., Voigt, C., Shapiro, M., Rohs, S., and Stettler, M. E. J.: Global aviation contrail climate ef- fects from 2019 to 2021, Atmos. Chem. Phys., 24, 6071–6093, https://doi.org/10.5194/acp-24-6071-2024, 2024. U.S. Geological Survey, Earth Resources Observation and Science (EROS) Center: Global 30-Arc-Second Elevation (GTOPO30), https://doi.org/10.5066/F7DF6PQS"
essd-18-2397-2026.pdf,pymupdf,page_text,16,url,"https://doi.org/10.5066/F7DF6PQS,",https://doi.org/10.5066/F7DF6PQS,"oi.org/10.5194/acp-24-6071-2024, 2024. U.S. Geological Survey, Earth Resources Observation and Science (EROS) Center: Global 30-Arc-Second Elevation (GTOPO30), https://doi.org/10.5066/F7DF6PQS, 2018. V7 Labs: V7 Darwin: AI Data Labeling & ML Training Data Plat- form, https://www.v7labs.com/darwin, last access: 30 November 2025. Vázquez-Navarro, M., Ma"
essd-18-2397-2026.pdf,pymupdf,page_text,16,url,"https://www.v7labs.com/darwin,",https://www.v7labs.com/darwin,") Center: Global 30-Arc-Second Elevation (GTOPO30), https://doi.org/10.5066/F7DF6PQS, 2018. V7 Labs: V7 Darwin: AI Data Labeling & ML Training Data Plat- form, https://www.v7labs.com/darwin, last access: 30 November 2025. Vázquez-Navarro, M., Mannstein, H., and Kox, S.: Contrail life cycle and properties from 1 year of MSG/SEVIRI rapid-scan images,"
essd-18-2397-2026.pdf,pymupdf,page_text,16,url,"https://doi.org/10.5194/acp-15-8739-2015,",https://doi.org/10.5194/acp-15-8739-2015,"uez-Navarro, M., Mannstein, H., and Kox, S.: Contrail life cycle and properties from 1 year of MSG/SEVIRI rapid-scan images, Atmos. Chem. Phys., 15, 8739–8749, https://doi.org/10.5194/acp-15-8739-2015, 2015. Wang, X., Wolf, K., Boucher, O., and Bellouin, N.: Radiative ef- fect of two contrail cirrus outbreaks over Western Europe es- timated using geostationar"
essd-18-2397-2026.pdf,pymupdf,page_text,16,url,"https://doi.org/10.1029/2024GL108452,",https://doi.org/10.1029/2024GL108452,"tbreaks over Western Europe es- timated using geostationary satellite observations and radiative transfer calculations, Geophys. Res. Lett., 51, e2024GL108452, https://doi.org/10.1029/2024GL108452, 2024. Wang, Z., Bugliaro, L., Jurkat-Witschas, T., Heller, R., Burkhardt, U., Ziereis, H., Dekoutsidis, G., Wirth, M., Groß, S., Kirschler, S., Kaufmann, S., a"
essd-18-2397-2026.pdf,pymupdf,page_text,16,url,"https://doi.org/10.5194/acp-23-1941-2023,",https://doi.org/10.5194/acp-23-1941-2023,"C.: Observations of microphysi- cal properties and radiative effects of a contrail cirrus outbreak over the North Atlantic, Atmos. Chem. Phys., 23, 1941–1961, https://doi.org/10.5194/acp-23-1941-2023, 2023. Earth Syst. Sci. Data, 18, 2397–2412, 2026 https://doi.org/10.5194/essd-18-2397-2026"
essd-18-2397-2026.pdf,grobid_tei,target,,url,https://github.com/kermitt2/grobid,https://github.com/kermitt2/grobid,
essd-18-2397-2026.pdf,grobid_tei,target,,url,https://doi.org/10.1088/1748-9326/ac,https://doi.org/10.1088/1748-9326/ac,
essd-18-2397-2026.pdf,grobid_tei,target,,url,https://doi.org/10.1175/1520-0477,https://doi.org/10.1175/1520-0477,
essd-18-2397-2026.pdf,grobid_tei,full_tei_text,,url,"https://doi.org/10.5194/essd-18-2397-2026https://doi.org/10.5281/zenodo.19327966(SantosGabriel,",https://doi.org/10.5194/essd-18-2397-2026https://doi.org/10.5281/zenodo.19327966(SantosGabriel,"alSatellites) data centre (https://user.eumetsat.int/catalogue/EO:EUM:DAT:MSG:HRSEVIRI, EUMETSAT, 2024).7 Code availabilitySyst. Sci. Data, 18, 2397-2412, 2026 https://doi.org/10.5194/essd-18-2397-2026https://doi.org/10.5281/zenodo.19327966(SantosGabriel, Table A2 .A2Continued.Author contributions. VSG and LB conceived this study. VSG prepared the data and overlooked the labeling campaign with valuable feedback"
essd-18-2397-2026.pdf,grobid_tei,full_tei_text,,url,"https://doi.org/10.5194/essd-18-2397-2026https://doi.org/10.5194/essd-18-2397-2026EarthSyst.Sci.Data,",https://doi.org/10.5194/essd-18-2397-2026https://doi.org/10.5194/essd-18-2397-2026EarthSyst.Sci.Data,"2); 2:mixed-phase; 3: warmliquid; 4: supercooledliquid; 5: thin ice(OT < 2)""Competing interests. Earth Syst. Sci.Data, 18, 2397Data, 18, -2412Data, 18, , 2026 https://doi.org/10.5194/essd-18-2397-2026https://doi.org/10.5194/essd-18-2397-2026EarthSyst.Sci.Data, 18, 2397Data, 18, -2412Data, 18, , 2026 Earth Syst. Sci.Data, 18, 2397Data, 18, -2412Data, 18, , 2026 https://doi.org/10.5194/essd-18-2397-2026V.SantosGabriele"
essd-18-2397-2026.pdf,grobid_tei,full_tei_text,,url,https://doi.org/10.5194/essd-18-2397-2026V.SantosGabrieletal.:Manuallylabeled,https://doi.org/10.5194/essd-18-2397-2026V.SantosGabrieletal.:Manuallylabeled,"ps://doi.org/10.5194/essd-18-2397-2026EarthSyst.Sci.Data, 18, 2397Data, 18, -2412Data, 18, , 2026 Earth Syst. Sci.Data, 18, 2397Data, 18, -2412Data, 18, , 2026 https://doi.org/10.5194/essd-18-2397-2026V.SantosGabrieletal.:Manuallylabeled contrail dataset for MSG Review statement. This paper was edited by Alexander Kokhanovsky and reviewed by three anonymous referees.Earth Syst. Sci.Data, 18, 23"
essd-18-2397-2026.pdf,grobid_tei,full_tei_text,,url,https://doi.org/10.5194/essd-18-2397-2026Acknowledgements.WethankEUMETSATfor,https://doi.org/10.5194/essd-18-2397-2026Acknowledgements.WethankEUMETSATfor,"tatement. This paper was edited by Alexander Kokhanovsky and reviewed by three anonymous referees.Earth Syst. Sci.Data, 18, 2397Data, 18, -2412Data, 18, , 2026 https://doi.org/10.5194/essd-18-2397-2026Acknowledgements.WethankEUMETSATfor clarifying attribution modalities and distribution conditions for the MSG data used in this study. Financial support. This research has been supported by the B"
essd-18-2397-2026.pdf,grobid_tei,full_tei_text,,url,https://www.eumetrain.org/sites/default/files/2022-10/RGB_recipes.pdf,https://www.eumetrain.org/sites/default/files/2022-10/RGB_recipes.pdf,"nda, R.: A case study of the development of contrail clusters over the Great Lakes, J. Atmos. Sci., 61, 1132-1146, 2004. EUMeTrain: Compilation of RGB Recipes, https://www.eumetrain.org/sites/default/files/2022-10/RGB_recipes.pdf (last access: 14 October 2025), 2022. EUMETSAT: High Rate SEVIRI Level 1.5 Image Data -MSG -0 degree, EUMETSAT [data set], https://user.eumetsat.int/catalogue/"
essd-18-2397-2026.pdf,grobid_tei,full_tei_text,,doi,10.5281/zenodo.17669443Received:2December2025-Discussion,https://doi.org/10.5281/zenodo.17669443Received:2December2025-Discussion,"Agency, Frascati, Italy European Space Agency Frascati Italy A manually labeled contrail dataset from MSG/SEVIRI 1 April 2026 5F655F2B8FBCEA577E5D8A87E4480BD4 10.5281/zenodo.17669443Received:2December2025-Discussion started: 27 January 2026 Revised: 23 March 2026 -Accepted: 23 March 2026 - GROBID - A machine learning software for extracting information from scholarly docum"
essd-18-2397-2026.pdf,grobid_tei,full_tei_text,,doi,10.1038/s41612-018-0046-4ClimateandAtmosphericScience1,https://doi.org/10.1038/s41612-018-0046-4ClimateandAtmosphericScience1,"ations, Geophys. Res. Lett., 40, 772-777, 2013. Mitigating the contrail cirrus climate impact by reducing aircraft soot number emissions UBurkhardt LBock ABier 10.1038/s41612-018-0046-4ClimateandAtmosphericScience1 37 2018 Burkhardt, U., Bock, L., and Bier, A.: Mitigating the con- trail cirrus climate impact by reducing aircraft soot num- ber emissions, npj Climate and At"
essd-18-2397-2026.pdf,grobid_tei,full_tei_text,,doi,"10.1038/s41612-018-0046-4Aerospace105782023Chevallier,",https://doi.org/10.1038/s41612-018-0046-4Aerospace105782023Chevallier,"near contrails detection, tracking and matching with aircraft using geostationary satellite and air traffic data RChevallier MShapiro ZEngberg MSoler DDelahaye 10.1038/s41612-018-0046-4Aerospace105782023Chevallier, R., Shapiro, M., Engberg, Z., Soler, M., and Delahaye, D.: Linear contrails detection, tracking and matching with air- craft using geostationary satellite and"
essd-18-2397-2026.pdf,grobid_tei,full_tei_text,,doi,"10.3390/aerospace10070578Theor.Appl.Climatol1511931-1948,",https://doi.org/10.3390/aerospace10070578Theor.Appl.Climatol1511931-1948,"SEVIRI images and 1-year study of their physical properties and the atmospheric conditions favoring their formation over Europe GDekoutsidis HFeidas LBugliaro 10.3390/aerospace10070578Theor.Appl.Climatol1511931-1948, 2023 Dekoutsidis, G., Feidas, H., and Bugliaro, L.: Contrail detection on SEVIRI images and 1-year study of their physical properties and the atmospheric condi"
essd-18-2397-2026.pdf,grobid_tei,full_tei_text,,doi,10.5194/amt-18-1115-2025Atmos.Meas.Tech182025,https://doi.org/10.5194/amt-18-1115-2025Atmos.Meas.Tech182025,"rmation over Europe, Theor. Appl. Climatol., 151, 1931-1948, 2023. Factors limiting contrail detection in satellite imagery OG ADriver ME JStettler EGryspeerdt 10.5194/amt-18-1115-2025Atmos.Meas.Tech182025 Driver, O. G. A., Stettler, M. E. J., and Gryspeerdt, E.: Fac- tors limiting contrail detection in satellite imagery, Atmos. Meas. Tech., 18, 1115-1134, https:"
essd-18-2397-2026.pdf,grobid_tei,full_tei_text,,doi,10.5194/amt-18-1115-2025EUMeTrain:CompilationofRGBRecipes,https://doi.org/10.5194/amt-18-1115-2025EUMeTrain:CompilationofRGBRecipes,"5. A dataset of annotated ground-based images for the development of contrail detection algorithms DPDuda PMinnis LNguyen RPalikonda NGourgue OBoucher LBarthès 10.5194/amt-18-1115-2025EUMeTrain:CompilationofRGBRecipes 2004. 14 October 2025. 2022. 1 July 2024. 2025 61 111364 Data in Brief Duda, D. P., Minnis, P., Nguyen, L., and Palikonda, R.: A case study of the development"
essd-18-2397-2026.pdf,grobid_tei,full_tei_text,,doi,10.1016/j.dib.2025.111364J.Geophys.Res.-Atmos1142009,https://doi.org/10.1016/j.dib.2025.111364J.Geophys.Res.-Atmos1142009,"tive forcing of persistent contrails evolving into contrail-induced cirrus JMHaywood RPAllan JBornemann PMForster PNFrancis SMilton GRädel ARap KPShine RThorpe 10.1016/j.dib.2025.111364J.Geophys.Res.-Atmos1142009 Haywood, J. M., Allan, R. P., Bornemann, J., Forster, P. M., Francis, P. N., Milton, S., Rädel, G., Rap, A., Shine, K. P., and Thorpe, R.: A case study of the"
essd-18-2397-2026.pdf,grobid_tei,full_tei_text,,doi,10.1029/2009JD012650J.Educ.Psychol24417,https://doi.org/10.1029/2009JD012650J.Educ.Psychol24417,", J. Geophys. Res.-Atmos., 114, https://doi.org/10.1029/2009JD012650, 2009. Analysis of a complex of statistical variables into principal components HHotelling 10.1029/2009JD012650J.Educ.Psychol24417 1933 Hotelling, H.: Analysis of a complex of statistical variables into principal components, J. Educ. Psychol., 24, 417, https://doi.org/10.1037/h0071325, 193"
essd-18-2397-2026.pdf,grobid_tei,full_tei_text,,doi,10.1037/h0071325J.Meteorol.Soc.Jpn.Ser.,https://doi.org/10.1037/h0071325J.Meteorol.Soc.Jpn.Ser,"1933. On the temperature and effective emissivity determination of semi-transparent cirrus clouds by bi-spectral measurements in the 10 µm window region TInoue 10.1037/h0071325J.Meteorol.Soc.Jpn.Ser. II 63 1985 Inoue, T.: On the temperature and effective emissivity determination of semi-transparent cirrus clouds by bi-spectral measurements in the 10 µm wind"
essd-18-2397-2026.pdf,grobid_tei,full_tei_text,,doi,10.1016/j.atmosenv.2020.117834Atmos.Environ2441178342000,https://doi.org/10.1016/j.atmosenv.2020.117834Atmos.Environ2441178342000,"MRAllen UBurkhardt QChen SJDoherty SFreeman PMForster JFuglestvedt AGettelman RRDe León LLLim MTLund RJMillar BOwen JEPenner GPitari MJPrather RSausen LJWilcox 10.1016/j.atmosenv.2020.117834Atmos.Environ2441178342000 to 2018. 2021 Lee, D. S., Fahey, D. W., Skowron, A., Allen, M. R., Burkhardt, U., Chen, Q., Doherty, S. J., Freeman, S., Forster, P. M., Fuglestvedt, J., Gette"
essd-18-2397-2026.pdf,grobid_tei,full_tei_text,,doi,10.5194/amt-3-655-2010Atmos.Meas.Tech32010,https://doi.org/10.5194/amt-3-655-2010Atmos.Meas.Tech32010,"e Sens., 20, 1641-1660, 1999. Ground-based observations for the validation of contrails and cirrus detection in satellite imagery HMannstein ABrömser LBugliaro 10.5194/amt-3-655-2010Atmos.Meas.Tech32010 Mannstein, H., Brömser, A., and Bugliaro, L.: Ground-based ob- servations for the validation of contrails and cirrus detec- tion in satellite imagery, Atmos. M"
essd-18-2397-2026.pdf,grobid_tei,full_tei_text,,doi,10.5194/amt-3-655-2010Atmos.Meas.Tech172024,https://doi.org/10.5194/amt-3-655-2010Atmos.Meas.Tech172024,"69, https://doi.org/10.5194/amt-3-655-2010, 2010. Bayesian cloud-top phase determination for Meteosat Second Generation JMayer LBugliaro BMayer DPiontek CVoigt 10.5194/amt-3-655-2010Atmos.Meas.Tech172024 Mayer, J., Bugliaro, L., Mayer, B., Piontek, D., and Voigt, C.: Bayesian cloud-top phase determination for Meteosat Second Generation, Atmos. Meas. Tech., 17,"
essd-18-2397-2026.pdf,grobid_tei,full_tei_text,,doi,"10.5194/amt-17-4015-2024Meas.Tech172024Mayer,",https://doi.org/10.5194/amt-17-4015-2024Meas.Tech172024Mayer,"imagers help to detect cloud phase? A sensitivity analysis regarding cloud phase and related cloud properties, Atmos JMayer BMayer LBugliaro RMeerkötter CVoigt 10.5194/amt-17-4015-2024Meas.Tech172024Mayer, J., Mayer, B., Bugliaro, L., Meerkötter, R., and Voigt, C.: How well can brightness temperature differences of space- borne imagers help to detect cloud phase?"
essd-18-2397-2026.pdf,grobid_tei,full_tei_text,,doi,10.5194/amt-17-5161-2024ProceedingsoftheICML2021,https://doi.org/10.5194/amt-17-5161-2024ProceedingsoftheICML2021,"as. Tech., 17, 5161-5185, https://doi.org/10.5194/amt-17-5161-2024, 2024b. A human-labeled Landsat-8 contrails dataset KMccloskey SGeraedts CVan Arsdale EBrand 10.5194/amt-17-5161-2024ProceedingsoftheICML2021 Workshop on Tackling Climate Change with Machine Learning, Virtually the ICML 2021 Workshop on Tackling Climate Change with Machine Learning, Virtually 2021 23"
essd-18-2397-2026.pdf,grobid_tei,full_tei_text,,doi,10.1088/1748-9326/acEnviron.Res.Lett1734039,https://doi.org/10.1088/1748-9326/acEnviron.Res.Lett1734039,"ange AI, 2021. Contrail coverage over the United States before and during the COVID-19 pandemic VRMeijer LKulik SDEastham FAllroggen RLSpeth SKaraman SRBarrett 10.1088/1748-9326/acEnviron.Res.Lett1734039 26f0, 2022 Meijer, V. R., Kulik, L., Eastham, S. D., Allroggen, F., Speth, R. L., Karaman, S., and Barrett, S. R.: Contrail coverage over the United States bef"
essd-18-2397-2026.pdf,grobid_tei,full_tei_text,,doi,10.1088/1748-9326/ac26f0Int.J.RemoteSens28,https://doi.org/10.1088/1748-9326/ac26f0Int.J.RemoteSens28,"ions over Southern and Eastern Asia in NOAA/AVHRR data and comparisons to contrail simulations in a GCM RMeyer RBuell CLeiter HMannstein SPechtl TOki PWendling 10.1088/1748-9326/ac26f0Int.J.RemoteSens28 2007 Meyer, R., Buell, R., Leiter, C., Mannstein, H., Pechtl, S., Oki, T., and Wendling, P.: Contrail observations over Southern and Eastern Asia in NOAA/AVHRR"
essd-18-2397-2026.pdf,grobid_tei,full_tei_text,,doi,10.1109/TGRS.2023.3345226IEEET.Geosci.RemoteSens,https://doi.org/10.1109/TGRS.2023.3345226IEEET.Geosci.RemoteSens,"3220-3226, 2013. Contrail Detection on GOES-16 ABI With the Open-Contrails Dataset JYNg -HMccloskey KCui JMeijer VRBrand ESarna AGoyal NVan Arsdale CGeraedts S 10.1109/TGRS.2023.3345226IEEET.Geosci.RemoteSens 62 2024 Ng, J. Y.-H., McCloskey, K., Cui, J., Meijer, V. R., Brand, E., Sarna, A., Goyal, N., Van Arsdale, C., and Geraedts, S.: Contrail Detection on GOES-16"
essd-18-2397-2026.pdf,grobid_tei,full_tei_text,,doi,10.1109/TGRS.2023.3345226Atmos.Chem.Phys212021,https://doi.org/10.1109/TGRS.2023.3345226Atmos.Chem.Phys212021,"onvection in large-domain large-eddy simulations with ICON HRybka UBurkhardt MKöhler IArka LBugliaro UGörsdorf ÁHorváth CIMeyer JReichardt ASeifert JStrandgren 10.1109/TGRS.2023.3345226Atmos.Chem.Phys212021 Rybka, H., Burkhardt, U., Köhler, M., Arka, I., Bugliaro, L., Görs- dorf, U., Horváth, Á., Meyer, C. I., Reichardt, J., Seifert, A., and Strandgren, J.: The be"
essd-18-2397-2026.pdf,grobid_tei,full_tei_text,,doi,10.5194/acp-21-4285-2021AManuallyLabeledContrailDataset,https://doi.org/10.5194/acp-21-4285-2021AManuallyLabeledContrailDataset,"s. Chem. Phys., 21, 4285-4318, https://doi.org/10.5194/acp-21-4285-2021, 2021. vsantosg0805/msg-contrail-dataset: Repository for the data paper SantosGabriel V 10.5194/acp-21-4285-2021AManuallyLabeledContrailDataset from MSG/SEVIRI"" (CT_DATASET), Zenodo 2026 software Santos Gabriel, V.: vsantosg0805/msg-contrail-dataset: Repos- itory for the data paper: ""A Manually Labeled"
essd-18-2397-2026.pdf,grobid_tei,full_tei_text,,doi,10.5281/zenodo.19327966AnnotatedContrailDatasetV.Santos,https://doi.org/10.5281/zenodo.19327966AnnotatedContrailDatasetV.Santos,"9327966, 2026. SantosGabriel VBugliaro LMontag MRies SWang ZWidmaier KArico MUnterstrasser SMayer JMenekay DMarsing ADe LaTorreCastro EMegill LScheibe MVoigt C 10.5281/zenodo.19327966AnnotatedContrailDatasetV.Santos Gabriel et al.: Manually labeled contrail dataset for MSG for Meteosat Second Generation (MSG) 2025 Zenodo [data set Santos Gabriel, V., Bugliaro, L., Montag,"
essd-18-2397-2026.pdf,grobid_tei,full_tei_text,,doi,10.5281/zenodo.17669443Am.Meteorol.Soc8383,https://doi.org/10.5281/zenodo.17669443Am.Meteorol.Soc8383,"t], https://doi.org/10.5281/zenodo.17669443, 2025. An Introduction to Meteosat Second Generation (MSG), B JSchmetz PPili STjemkes DJust JKerkmann SRota ARatier 10.5281/zenodo.17669443Am.Meteorol.Soc8383 2002. 2002 <0977:AITMSG>2.3.CO;2 Schmetz, J., Pili, P., Tjemkes, S., Just, D., Kerk- mann, J., Rota, S., and Ratier, A.: An Introduc- tion to Meteosat Second G"
essd-18-2397-2026.pdf,grobid_tei,full_tei_text,,doi,10.5194/amt-10-3547-2017Atmos.Meas.Tech102017,https://doi.org/10.5194/amt-10-3547-2017Atmos.Meas.Tech102017,"S data, Geophys. Res. Lett., 40, 595-600, 2013. Cirrus cloud retrieval with MSG/SEVIRI using artificial neural networks JStrandgren LBugliaro FSehnke LSchröder 10.5194/amt-10-3547-2017Atmos.Meas.Tech102017 Strandgren, J., Bugliaro, L., Sehnke, F., and Schröder, L.: Cirrus cloud retrieval with MSG/SEVIRI using artifi- cial neural networks, Atmos. Meas. Tech., 10,"
essd-18-2397-2026.pdf,grobid_tei,full_tei_text,,doi,10.5194/amt-10-4317-2017Atmos.Chem.Phys242019,https://doi.org/10.5194/amt-10-4317-2017Atmos.Chem.Phys242019,"339, https://doi.org/10.5194/amt-10-4317-2017, 2017b. Global aviation contrail climate effects from RTeoh ZEngberg USchumann CVoigt MShapiro SRohs ME JStettler 10.5194/amt-10-4317-2017Atmos.Chem.Phys242019 to 2021. 2024 Teoh, R., Engberg, Z., Schumann, U., Voigt, C., Shapiro, M., Rohs, S., and Stettler, M. E. J.: Global aviation contrail climate ef- fects from 20"
essd-18-2397-2026.pdf,grobid_tei,full_tei_text,,doi,10.5194/acp-24-6071-20242018U.S.GeologicalSurveyU.S.,https://doi.org/10.5194/acp-24-6071-20242018U.S.GeologicalSurveyU.S,", 24, 6071-6093, https://doi.org/10.5194/acp-24-6071-2024, 2024. Earth Resources Observation and Science (EROS) Center: Global 30-Arc-Second Elevation (GTOPO30 10.5194/acp-24-6071-20242018U.S.GeologicalSurveyU.S. Geological Survey, Earth Resources Observation and Science (EROS) Center: Global 30-Arc-Second Elevation (GTOPO30), https://doi.org/10.5066/F7DF6PQS, 2018. Con"
essd-18-2397-2026.pdf,grobid_tei,full_tei_text,,doi,10.5194/acp-15-8739-20157Darwin:AIDataLabeling,https://doi.org/10.5194/acp-15-8739-20157Darwin:AIDataLabeling,"ttps://doi.org/10.5066/F7DF6PQS, 2018. Contrail life cycle and properties from 1 year of MSG/SEVIRI rapid-scan images ;V7 Labs MVázquez-Navarro HMannstein SKox 10.5194/acp-15-8739-20157Darwin:AIDataLabeling & ML Training Data Platform 30 November 2025. 2015 15 last access V7 Labs: V7 Darwin: AI Data Labeling & ML Training Data Plat- form, https://www.v7labs.com/da"
essd-18-2397-2026.pdf,grobid_tei,full_tei_text,,doi,10.5194/acp-15-8739-2015Geophys.Res.Lett512024,https://doi.org/10.5194/acp-15-8739-2015Geophys.Res.Lett512024,"il cirrus outbreaks over Western Europe estimated using geostationary satellite observations and radiative transfer calculations XWang KWolf OBoucher NBellouin 10.5194/acp-15-8739-2015Geophys.Res.Lett512024 Wang, X., Wolf, K., Boucher, O., and Bellouin, N.: Radiative ef- fect of two contrail cirrus outbreaks over Western Europe es- timated using geostationary sate"
essd-18-2397-2026.pdf,grobid_tei,full_tei_text,,doi,10.1029/2024GL108452Atmos.Chem.Phys232023,https://doi.org/10.1029/2024GL108452Atmos.Chem.Phys232023,"rail cirrus outbreak over the North Atlantic ZWang LBugliaro TJurkat-Witschas RHeller UBurkhardt HZiereis GDekoutsidis MWirth SGroß SKirschler SKaufmann CVoigt 10.1029/2024GL108452Atmos.Chem.Phys232023 Wang, Z., Bugliaro, L., Jurkat-Witschas, T., Heller, R., Burkhardt, U., Ziereis, H., Dekoutsidis, G., Wirth, M., Groß, S., Kirschler, S., Kaufmann, S., and Voi"
essd-18-713-2026.pdf,pymupdf,page_text,1,url,https://doi.org/10.5194/essd-18-713-2026,https://doi.org/10.5194/essd-18-713-2026,"Earth Syst. Sci. Data, 18, 713–720, 2026 https://doi.org/10.5194/essd-18-713-2026 © Author(s) 2026. This work is distributed under the Creative Commons Attribution 4.0 License. SEEPS4ALL: an open dataset for the veriﬁcation of daily precipit"
essd-18-713-2026.pdf,pymupdf,page_text,1,url,"https://doi.org/10.5281/zenodo.18197534(BenBouallègue,",https://doi.org/10.5281/zenodo.18197534(BenBouallègue,"ticular, veriﬁcation results for daily precipitation are showcased with both deterministic and probabilistic forecasts. The data is available through Zenodo at https://doi.org/10.5281/zenodo.18197534(BenBouallègue, 2026) and the veriﬁcation scripts at https://doi.org/10.5281/zenodo.18392042(BenBouallegueandPrietoNemesio, 2026). 1 Introduction In weather forecasting, the r"
essd-18-713-2026.pdf,pymupdf,page_text,1,url,"https://doi.org/10.5281/zenodo.18392042(BenBouallegueandPrietoNemesio,",https://doi.org/10.5281/zenodo.18392042(BenBouallegueandPrietoNemesio,"nd probabilistic forecasts. The data is available through Zenodo at https://doi.org/10.5281/zenodo.18197534(BenBouallègue, 2026) and the veriﬁcation scripts at https://doi.org/10.5281/zenodo.18392042(BenBouallegueandPrietoNemesio, 2026). 1 Introduction In weather forecasting, the rise of machine learning (ML) opens new horizons where meteorological observations serve not only for trainin"
essd-18-713-2026.pdf,pymupdf,page_text,1,url,"https://digital-strategy.ec.europa.eu/en/news/new-eu-rules-make-high-value-datasets-available-fuel-artiﬁcial-intelligence-and-data-driven,",https://digital-strategy.ec.europa.eu/en/news/new-eu-rules-make-high-value-datasets-available-fuel-artiﬁcial-intelligence-and-data-driven,"ropean Union recognizes mete- orological data as high-value data, new rules facilitate their use to fuel artiﬁcial intelligence and data-driven innovation (see https://digital-strategy.ec.europa.eu/en/news/new-eu-rules-make-high-value-datasets-available-fuel-artiﬁcial-intelligence-and-data-driven, last access: 27 January 2026). Here, we introduce an open dataset based on in-situ meteo- rological observations for evaluating weather forecasts over Europe w"
essd-18-713-2026.pdf,pymupdf,page_text,3,url,https://www.ecad.eu,https://www.ecad.eu,Cli- mate Mode of the World Meteorological Organization Re- gion VI. Daily data is made available following FAIR princi- ples through the ECA&D data portal at https://www.ecad.eu (last access: 27 January 2026) (when permission to do so is given by the data owner) and provided in a uniform format. ECA&D is free of charge for research and
essd-18-713-2026.pdf,pymupdf,page_text,3,url,"https://doi.org/10.5194/essd-18-713-2026EarthSyst.Sci.Data,",https://doi.org/10.5194/essd-18-713-2026EarthSyst.Sci.Data,"o 31 December 2020). The maximum sample size at each station and month is 30 times the number of days in the month (so between 840 and 930). SEEPS4ALL observa- https://doi.org/10.5194/essd-18-713-2026EarthSyst.Sci.Data, 18, 713–720, 2026"
essd-18-713-2026.pdf,pymupdf,page_text,6,url,"https://github.com/ecmwf/rodeo-ai-static-datasets/tree/main/seeps4all,",https://github.com/ecmwf/rodeo-ai-static-datasets/tree/main/seeps4all,"). 4 Code and data availability The dataset SEEPS4ALL, the code to generate it, as well as the veriﬁcation scripts are available through a GitHub repos- itory (https://github.com/ecmwf/rodeo-ai-static-datasets/tree/main/seeps4all, last access: 27 January 2026) and Zenodo (https://doi.org/10.5281/zenodo.18392042, Ben Bouallegue and Prieto Nemesio, 2026). The data is also available through"
essd-18-713-2026.pdf,pymupdf,page_text,6,url,"https://doi.org/10.5281/zenodo.18392042,",https://doi.org/10.5281/zenodo.18392042,"s are available through a GitHub repos- itory (https://github.com/ecmwf/rodeo-ai-static-datasets/tree/main/seeps4all, last access: 27 January 2026) and Zenodo (https://doi.org/10.5281/zenodo.18392042, Ben Bouallegue and Prieto Nemesio, 2026). The data is also available through Zenodo with the following DOI: https://doi.org/10.5281/zenodo.18197534(BenBouallèg"
essd-18-713-2026.pdf,pymupdf,page_text,7,url,"https://doi.org/10.48550/arXiv.2412.15687,",https://doi.org/10.48550/arXiv.2412.15687,"., and Healy, S.: Graph- DOP: Towards skilful data-driven medium-range weather fore- casts learnt and initialised directly from observations, arXiv [preprint], https://doi.org/10.48550/arXiv.2412.15687, 2024. Ben Bouallègue, Z.: SEEPS4ALL version 1.1, Zenodo [data set], https://doi.org/10.5281/zenodo.18197534, 2026. Ben Bouallegue, Z. and Prieto Nemesio, A.: e"
essd-18-713-2026.pdf,pymupdf,page_text,7,url,"https://doi.org/10.5281/zenodo.18197534,",https://doi.org/10.5281/zenodo.18197534,"ed directly from observations, arXiv [preprint], https://doi.org/10.48550/arXiv.2412.15687, 2024. Ben Bouallègue, Z.: SEEPS4ALL version 1.1, Zenodo [data set], https://doi.org/10.5281/zenodo.18197534, 2026. Ben Bouallegue, Z. and Prieto Nemesio, A.: ecmwf/rodeo- ai-static-datasets: v1.0.0 (v1.0.0), Zenodo [code], https://doi.org/10.5281/zenodo.18392043, 2026"
essd-18-713-2026.pdf,pymupdf,page_text,7,url,"https://doi.org/10.5281/zenodo.18392043,",https://doi.org/10.5281/zenodo.18392043,"et], https://doi.org/10.5281/zenodo.18197534, 2026. Ben Bouallegue, Z. and Prieto Nemesio, A.: ecmwf/rodeo- ai-static-datasets: v1.0.0 (v1.0.0), Zenodo [code], https://doi.org/10.5281/zenodo.18392043, 2026. Ben Bouallègue, Z., Haiden, T., and Richardson, D. S.: The diag- onal score: Deﬁnition, properties, and interpretations, Quarterly Journal of the Royal M"
essd-18-713-2026.pdf,pymupdf,page_text,7,url,"https://doi.org/10.1002/qj.3293,",https://doi.org/10.1002/qj.3293,"and Richardson, D. S.: The diag- onal score: Deﬁnition, properties, and interpretations, Quarterly Journal of the Royal Meteorological Society, 144, 1463–1473, https://doi.org/10.1002/qj.3293, 2018. Ben Bouallègue, Z., Haiden, T., Weber, N. J., Hamill, T. M., and Richardson, D. S.: Accounting for Representativeness in the Ver- iﬁcation of Ensemble Pr"
essd-18-713-2026.pdf,pymupdf,page_text,7,url,"https://doi.org/10.1175/MWR-D-19-0323.1,",https://doi.org/10.1175/MWR-D-19-0323.1,"M., and Richardson, D. S.: Accounting for Representativeness in the Ver- iﬁcation of Ensemble Precipitation Forecasts, Monthly Weather Review, 148, 2049–2062, https://doi.org/10.1175/MWR-D-19-0323.1, 2020. https://doi.org/10.5194/essd-18-713-2026EarthSyst.Sci.Data, 18, 713–720, 2026"
essd-18-713-2026.pdf,pymupdf,page_text,8,url,"https://doi.org/10.1175/BAMS-D-23-0162.1,",https://doi.org/10.1175/BAMS-D-23-0162.1,"cal As- sessment of Machine Learning–Based Weather Forecasts in an Operational-Like Context, Bulletin of the American Meteorolog- ical Society, 105, E864–E883, https://doi.org/10.1175/BAMS-D-23-0162.1, 2024. Brier, G. W.: Veriﬁcation of forecasts expressed in terms of prob- ability, Mon. Wea. Rev., 78, 1–3, https://doi.org/10.1175/1520-0493(1950)078<0001:VOFE"
essd-18-713-2026.pdf,pymupdf,page_text,8,url,https://doi.org/10.1175/1520-0493(1950)078,https://doi.org/10.1175/1520-0493(1950)078,"E864–E883, https://doi.org/10.1175/BAMS-D-23-0162.1, 2024. Brier, G. W.: Veriﬁcation of forecasts expressed in terms of prob- ability, Mon. Wea. Rev., 78, 1–3, https://doi.org/10.1175/1520-0493(1950)078<0001:VOFEIT>2.0.CO;2, 1950. Demaeyer, J., Bhend, J., Lerch, S., Primo, C., Van Schaey- broeck, B., Atencia, A., Ben Bouallègue, Z., Chen, J., Dabernig, M., Eva"
essd-18-713-2026.pdf,pymupdf,page_text,8,url,"https://doi.org/10.5194/essd-15-2635-2023,",https://doi.org/10.5194/essd-15-2635-2023,"r, P., Möller, A., Mestre, O., Taillardat, M., and Vannitsem, S.: The EUPPBench postprocess- ing benchmark dataset v1.0, Earth Syst. Sci. Data, 15, 2635– 2653, https://doi.org/10.5194/essd-15-2635-2023, 2023. Dueben, P. D., Schultz, M. G., Chantry, M., Gagne, D. J., Hall, D. M., and McGovern, A.: Challenges and Benchmark Datasets for Machine Learning in the At"
essd-18-713-2026.pdf,pymupdf,page_text,8,url,"https://doi.org/10.1175/AIES-D-21-0002.1,",https://doi.org/10.1175/AIES-D-21-0002.1,"Benchmark Datasets for Machine Learning in the Atmospheric Sciences: Deﬁnition, Status, and Outlook, Artiﬁcial Intelligence for the Earth Systems, 1, e210002, https://doi.org/10.1175/AIES-D-21-0002.1, 2022. Hamill, T. M. and Juras, J.: Measuring forecast skill: is it real skill or is it the varying climatology?, Quarterly Jour- nal of the Royal Meteorologica"
essd-18-713-2026.pdf,pymupdf,page_text,8,url,"https://doi.org/10.1256/qj.06.25,",https://doi.org/10.1256/qj.06.25,"ras, J.: Measuring forecast skill: is it real skill or is it the varying climatology?, Quarterly Jour- nal of the Royal Meteorological Society, 132, 2905–2923, https://doi.org/10.1256/qj.06.25, 2006. Jin, W., Weyn, J., Zhao, P., Xiang, S., Bian, J., Fang, Z., Dong, H., Sun, H., Thambiratnam, K., and Zhang, Q.: WeatherReal: A Benchmark Based on In-Situ"
essd-18-713-2026.pdf,pymupdf,page_text,8,url,"https://doi.org/10.48550/arXiv.2409.09371,",https://doi.org/10.48550/arXiv.2409.09371,", Dong, H., Sun, H., Thambiratnam, K., and Zhang, Q.: WeatherReal: A Benchmark Based on In-Situ Observa- tions for Evaluating Weather Models, arXiv [preprint], https://doi.org/10.48550/arXiv.2409.09371, 2024. Klein Tank, A. M. G., Wijngaard, J. B., Können, G. P., Böhm, R., Demarée, G., Gocheva, A., Mileta, M., Pashiardis, S., Hejkr- lik, L., Kern-Hansen, C., H"
essd-18-713-2026.pdf,pymupdf,page_text,8,url,"https://doi.org/10.1002/joc.773,",https://doi.org/10.1002/joc.773,"of 20th-century surface air temper- ature and precipitation series for the European Climate As- sessment, International Journal of Climatology, 22, 1441–1453, https://doi.org/10.1002/joc.773, 2002. Lang, S., Alexe, M., Chantry, M., Dramsch, J., Pinault, F., Raoult, B., Clare, M. C. A., Lessig, C., Maier-Gerber, M., Mag- nusson, L., Ben Bouallègue, Z"
essd-18-713-2026.pdf,pymupdf,page_text,8,url,"https://doi.org/10.48550/arxiv.2406.01465,",https://doi.org/10.48550/arxiv.2406.01465,"en Bouallègue, Z., Nemesio, A. P., Dueben, P. D., Brown, A., Pappenberger, F., and Rabier, F.: AIFS – ECMWF’s data-driven forecasting system, arXiv [preprint], https://doi.org/10.48550/arxiv.2406.01465, 2024. McNally, A., Lessig, C., Lean, P., Boucher, E., Alexe, M., Pinnington, E., Chantry, M., Lang, S., Burrows, C., Chrust, M., Pinault, F., Villeneuve, E., B"
essd-18-713-2026.pdf,pymupdf,page_text,8,url,"https://doi.org/10.48550/arxiv.2407.15586,",https://doi.org/10.48550/arxiv.2407.15586,"., Pinault, F., Villeneuve, E., Bormann, N., and Healy, S.: Data driven weather forecasts trained and initialised directly from observations, arXiv [preprint], https://doi.org/10.48550/arxiv.2407.15586, 2024. North, R., Trueman, M., Mittermaier, M., and Rodwell, M. J.: An assessment of the SEEPS and SEDI metrics for the veriﬁcation of 6 h forecast precipitatio"
essd-18-713-2026.pdf,pymupdf,page_text,8,url,"https://doi.org/10.1002/met.1405,",https://doi.org/10.1002/met.1405,"M. J.: An assessment of the SEEPS and SEDI metrics for the veriﬁcation of 6 h forecast precipitation accumulations, Meteorological Ap- plications, 20, 164–175, https://doi.org/10.1002/met.1405, 2013. Peirce, C.: The numerical measure of the success of predictions, Science, 4, 453–454, 1884. Rasp, S., Hoyer, S., Merose, A., Langmore, I., Battaglia, P.,"
essd-18-713-2026.pdf,pymupdf,page_text,8,url,"https://doi.org/10.1029/2023MS004019,",https://doi.org/10.1029/2023MS004019,": WeatherBench 2: A Benchmark for the Next Generation of Data-Driven Global Weather Models, Journal of Ad- vances in Modeling Earth Systems, 16, e2023MS004019, https://doi.org/10.1029/2023MS004019, 2024. Rodwell, M. J., Richardson, D. S., Hewson, T. D., and Haiden, T.: A new equitable score suitable for verifying precipitation in numer- ical weather predi"
essd-18-713-2026.pdf,pymupdf,page_text,8,url,"https://doi.org/10.1002/qj.656,",https://doi.org/10.1002/qj.656,"quitable score suitable for verifying precipitation in numer- ical weather prediction, Quarterly Journal of the Royal Meteoro- logical Society, 136, 1344–1363, https://doi.org/10.1002/qj.656, 2010. Sha, Y., Schreck, J. S., Chapman, W., and Gagne II, D. J.: Improving AI weather prediction models using global mass and energy conservation schemes, arXi"
essd-18-713-2026.pdf,pymupdf,page_text,8,url,"https://doi.org/10.48550/arxiv.2501.05648,",https://doi.org/10.48550/arxiv.2501.05648,", Schreck, J. S., Chapman, W., and Gagne II, D. J.: Improving AI weather prediction models using global mass and energy conservation schemes, arXiv [preprint], https://doi.org/10.48550/arxiv.2501.05648, 2025. Wijngaard, J. B., Tank, A. M. G. K., and Können, G. P.: Homogeneity of 20th century European daily temperature and precipitation series, Int. J. Climatol"
essd-18-713-2026.pdf,pymupdf,page_text,8,url,"https://doi.org/10.1002/joc.906,",https://doi.org/10.1002/joc.906,", J. B., Tank, A. M. G. K., and Können, G. P.: Homogeneity of 20th century European daily temperature and precipitation series, Int. J. Climatol., 23, 679–692, https://doi.org/10.1002/joc.906, 2003. Wilks, D. S.: Statistical methods in the atmospheric sci- ences, 2nd Edn., Academic Press, New York, 627 pp., https://doi.org/10.1016/C2017-0-03921-6, 20"
essd-18-713-2026.pdf,pymupdf,page_text,8,url,"https://doi.org/10.1016/C2017-0-03921-6,",https://doi.org/10.1016/C2017-0-03921-6,", 679–692, https://doi.org/10.1002/joc.906, 2003. Wilks, D. S.: Statistical methods in the atmospheric sci- ences, 2nd Edn., Academic Press, New York, 627 pp., https://doi.org/10.1016/C2017-0-03921-6, 2006. Zhu, X., Xiong, Y., Wu, M., Nie, G., Zhang, B., and Yang, Z.: Weather2K: A Multivariate Spatio-Temporal Benchmark Dataset for Meteorological Forecasting"
essd-18-713-2026.pdf,pymupdf,page_text,8,url,"https://doi.org/10.48550/arxiv.2302.10493,",https://doi.org/10.48550/arxiv.2302.10493,"ivariate Spatio-Temporal Benchmark Dataset for Meteorological Forecasting Based on Real-Time Obser- vation Data from Ground Weather Stations, arXiv [preprint], https://doi.org/10.48550/arxiv.2302.10493, 2023. Earth Syst. Sci. Data, 18, 713–720, 2026 https://doi.org/10.5194/essd-18-713-2026"
essd-18-713-2026.pdf,grobid_tei,target,,url,https://github.com/kermitt2/grobid,https://github.com/kermitt2/grobid,
essd-18-713-2026.pdf,grobid_tei,target,,url,https://doi.org/10.1175/1520-0493,https://doi.org/10.1175/1520-0493,
essd-18-713-2026.pdf,grobid_tei,full_tei_text,,url,"https://digital-strategy.ec.europa.eu/en/news/new-eurules-make-high-value-datasets-available-fuel-artificialintelligence-and-data-driven,",https://digital-strategy.ec.europa.eu/en/news/new-eurules-make-high-value-datasets-available-fuel-artificialintelligence-and-data-driven,"uropean Union recognizes meteorological data as high-value data, new rules facilitate their use to fuel artificial intelligence and data-driven innovation (see https://digital-strategy.ec.europa.eu/en/news/new-eurules-make-high-value-datasets-available-fuel-artificialintelligence-and-data-driven, last access: 27 January 2026). Here, we introduce an open dataset based on in-situ meteorological observations for evaluating weather forecasts over Europe wit"
essd-18-713-2026.pdf,grobid_tei,full_tei_text,,url,"https://doi.org/10.5194/essd-18-713-2026https://doi.org/10.5194/essd-18-713-2026EarthSyst.Sci.Data,",https://doi.org/10.5194/essd-18-713-2026https://doi.org/10.5194/essd-18-713-2026EarthSyst.Sci.Data,"of the local climatology. The shading indicates the 5 %-95 % confidence interval as estimated with block-bootstrapping. Earth Syst. Sci.Data, 18, 713-720, 2026 https://doi.org/10.5194/essd-18-713-2026https://doi.org/10.5194/essd-18-713-2026EarthSyst.Sci.Data, 18, 713-720, 2026 EAguilar IAuer MBrunet TPeterson JWieringa Guidelines on Climate Metadata and Homogenization WMO-TD No. 1186 2003 Aguilar, E., Auer, I., Brun"
essd-18-713-2026.pdf,grobid_tei,full_tei_text,,doi,10.48550/arXiv.2412.15687Graph-DOP:Towardsskilfuldata-drivenmedium-range,https://doi.org/10.48550/arXiv.2412.15687Graph-DOP:Towardsskilfuldata-drivenmedium-range,"mogenization, WMO- TD No. 1186, 2003. MAlexe EBoucher PLean EPinnington PLaloyaux AMcnally SLang MChantry CBurrows MChrust FPinault EVilleneuve NBormann SHealy 10.48550/arXiv.2412.15687Graph-DOP:Towardsskilfuldata-drivenmedium-range weather forecasts learnt and initialised directly from observations 2024 arXiv [preprint Alexe, M., Boucher, E., Lean, P., Pinnington, E., Laloyaux, P., McNall"
essd-18-713-2026.pdf,grobid_tei,full_tei_text,,doi,"10.48550/arXiv.2412.156872026BenBouallègue,",https://doi.org/10.48550/arXiv.2412.156872026BenBouallègue,"tialised directly from observations, arXiv [preprint], https://doi.org/10.48550/arXiv.2412.15687, 2024. SEEPS4ALL version 1.1, Zenodo [data set ZBen Bouallègue 10.48550/arXiv.2412.156872026BenBouallègue, Z.: SEEPS4ALL version 1.1, Zenodo [data set], https://doi.org/10.5281/zenodo.18197534, 2026. ZBen Bouallegue APrieto Nemesio 10.5281/zenodo.18197534ecmwf/rodeo"
essd-18-713-2026.pdf,grobid_tei,full_tei_text,,doi,10.5281/zenodo.18197534ecmwf/rodeoai-static-datasets:v1.0.0(v1.0.0)2026Zenodo,https://doi.org/10.5281/zenodo.18197534ecmwf/rodeoai-static-datasets:v1.0.0(v1.0.0)2026Zenodo,"arXiv.2412.156872026BenBouallègue, Z.: SEEPS4ALL version 1.1, Zenodo [data set], https://doi.org/10.5281/zenodo.18197534, 2026. ZBen Bouallegue APrieto Nemesio 10.5281/zenodo.18197534ecmwf/rodeoai-static-datasets:v1.0.0(v1.0.0)2026Zenodo [code Ben Bouallegue, Z. and Prieto Nemesio, A.: ecmwf/rodeo- ai-static-datasets: v1.0.0 (v1.0.0), Zenodo [code], https://doi.org/10.5281/zenodo.18392043, 2026"
essd-18-713-2026.pdf,grobid_tei,full_tei_text,,doi,10.5281/zenodo.18392043QuarterlyJournaloftheRoyal,https://doi.org/10.5281/zenodo.18392043QuarterlyJournaloftheRoyal,"odo [code], https://doi.org/10.5281/zenodo.18392043, 2026. The diagonal score: Definition, properties, and interpretations ZBen Bouallègue THaiden DSRichardson 10.5281/zenodo.18392043QuarterlyJournaloftheRoyal Meteorological Society 144 2018 Ben Bouallègue, Z., Haiden, T., and Richardson, D. S.: The diag- onal score: Definition, properties, and interpretations, Quart"
essd-18-713-2026.pdf,grobid_tei,full_tei_text,,doi,10.1002/qj.3293MonthlyWeatherReview1482020,https://doi.org/10.1002/qj.3293MonthlyWeatherReview1482020,"/qj.3293, 2018. Accounting for Representativeness in the Verification of Ensemble Precipitation Forecasts ZBen Bouallègue THaiden NJWeber TMHamill DSRichardson 10.1002/qj.3293MonthlyWeatherReview1482020 Ben Bouallègue, Z., Haiden, T., Weber, N. J., Hamill, T. M., and Richardson, D. S.: Accounting for Representativeness in the Ver- ification of Ensemble Precipi"
essd-18-713-2026.pdf,grobid_tei,full_tei_text,,doi,10.1175/BAMS-D-23-0162.1BulletinoftheAmericanMeteorological,https://doi.org/10.1175/BAMS-D-23-0162.1BulletinoftheAmericanMeteorological,e of Data-Driven Weather Forecasting: A First Statistical Assessment of Machine Learning-Based Weather Forecasts in an Operational-Like Context Z BenBouallègue 10.1175/BAMS-D-23-0162.1BulletinoftheAmericanMeteorological Society 105 2024 An open dataset for the verification of daily precipitation forecasts Z. Ben Bouallègue et al.: An open dataset for the verification of daily
essd-18-713-2026.pdf,grobid_tei,full_tei_text,,doi,10.1175/BAMS-D-23-0162.1Wea.Rev781950078,https://doi.org/10.1175/BAMS-D-23-0162.1Wea.Rev781950078,"eorolog- ical Society, 105, E864-E883, https://doi.org/10.1175/BAMS-D-23-0162.1, 2024. Verification of forecasts expressed in terms of probability, Mon GWBrier 10.1175/BAMS-D-23-0162.1Wea.Rev781950078<0001:VOFEIT>2.0.CO;2, 1950 Brier, G. W.: Verification of forecasts expressed in terms of prob- ability, Mon. Wea. Rev., 78, 1-3, https://doi.org/10.1175/1520-0"
essd-18-713-2026.pdf,grobid_tei,full_tei_text,,doi,10.5194/essd-15-2635-2023ArtificialIntelligencefortheEarth,https://doi.org/10.5194/essd-15-2635-2023ArtificialIntelligencefortheEarth,"s and Benchmark Datasets for Machine Learning in the Atmospheric Sciences: Definition, Status, and Outlook PDDueben MGSchultz MChantry DJGagne DMHall AMcgovern 10.5194/essd-15-2635-2023ArtificialIntelligencefortheEarth Systems 1 210002 2022 Dueben, P. D., Schultz, M. G., Chantry, M., Gagne, D. J., Hall, D. M., and McGovern, A.: Challenges and Benchmark Datasets for Machine Le"
essd-18-713-2026.pdf,grobid_tei,full_tei_text,,doi,10.1175/AIES-D-21-0002.1QuarterlyJournaloftheRoyal,https://doi.org/10.1175/AIES-D-21-0002.1QuarterlyJournaloftheRoyal,"stems, 1, e210002, https://doi.org/10.1175/AIES-D-21-0002.1, 2022. Measuring forecast skill: is it real skill or is it the varying climatology? TMHamill JJuras 10.1175/AIES-D-21-0002.1QuarterlyJournaloftheRoyal Meteorological Society 132 2006 Hamill, T. M. and Juras, J.: Measuring forecast skill: is it real skill or is it the varying climatology?, Quarterly Jour- nal"
essd-18-713-2026.pdf,grobid_tei,full_tei_text,,doi,10.1256/qj.06.25WeatherReal:ABenchmarkBasedon,https://doi.org/10.1256/qj.06.25WeatherReal:ABenchmarkBasedon,"f the Royal Meteorological Society, 132, 2905-2923, https://doi.org/10.1256/qj.06.25, 2006. WJin JWeyn PZhao SXiang JBian ZFang HDong HSun KThambiratnam QZhang 10.1256/qj.06.25WeatherReal:ABenchmarkBasedon In-Situ Observations for Evaluating Weather Models 2024 Jin, W., Weyn, J., Zhao, P., Xiang, S., Bian, J., Fang, Z., Dong, H., Sun, H., Thambiratnam, K., and Zh"
essd-18-713-2026.pdf,grobid_tei,full_tei_text,,doi,10.48550/arXiv.2409.09371InternationalJournalofClimatology22,https://doi.org/10.48550/arXiv.2409.09371InternationalJournalofClimatology22,"VVan Engelen EForland MMietus FCoelho CMares VRazuvaev ENieplova TCegnar JAntonio López BDahlström AMoberg WKirchhofer ACeylan OPachaliuk LVAlexander PPetrovic 10.48550/arXiv.2409.09371InternationalJournalofClimatology22 2002 Klein Tank, A. M. G., Wijngaard, J. B., Können, G. P., Böhm, R., Demarée, G., Gocheva, A., Mileta, M., Pashiardis, S., Hejkr- lik, L., Kern-Hansen, C., He"
essd-18-713-2026.pdf,grobid_tei,full_tei_text,,doi,10.48550/arxiv.2406.014652024arXiv,https://doi.org/10.48550/arxiv.2406.014652024arXiv,"stem SLang MAlexe MChantry JDramsch FPinault BRaoult MC AClare CLessig MMaier-Gerber LMagnusson ZBen Bouallègue APNemesio PDDueben ABrown FPappenberger FRabier 10.48550/arxiv.2406.014652024arXiv [preprint Lang, S., Alexe, M., Chantry, M., Dramsch, J., Pinault, F., Raoult, B., Clare, M. C. A., Lessig, C., Maier-Gerber, M., Mag- nusson, L., Ben Bouallègu"
essd-18-713-2026.pdf,grobid_tei,full_tei_text,,doi,10.48550/arxiv.2406.01465Datadrivenweatherforecaststrained,https://doi.org/10.48550/arxiv.2406.01465Datadrivenweatherforecaststrained,"oi.org/10.48550/arxiv.2406.01465, 2024. AMcnally CLessig PLean EBoucher MAlexe EPinnington MChantry SLang CBurrows MChrust FPinault EVilleneuve NBormann SHealy 10.48550/arxiv.2406.01465Datadrivenweatherforecaststrained and initialised directly from observations 2024 McNally, A., Lessig, C., Lean, P., Boucher, E., Alexe, M., Pinnington, E., Chantry, M., Lang, S., Burrows, C.,"
essd-18-713-2026.pdf,grobid_tei,full_tei_text,,doi,"10.48550/arxiv.2407.15586MeteorologicalApplications202013North,",https://doi.org/10.48550/arxiv.2407.15586MeteorologicalApplications202013North,"5586, 2024. An assessment of the SEEPS and SEDI metrics for the verification of 6 h forecast precipitation accumulations RNorth MTrueman MMittermaier MJRodwell 10.48550/arxiv.2407.15586MeteorologicalApplications202013North, R., Trueman, M., Mittermaier, M., and Rodwell, M. J.: An assessment of the SEEPS and SEDI metrics for the verification of 6 h forecast precipitation accumulati"
essd-18-713-2026.pdf,grobid_tei,full_tei_text,,doi,"10.1002/met.1405Science41884Peirce,",https://doi.org/10.1002/met.1405Science41884Peirce,"accumulations, Meteorological Ap- plications, 20, 164-175, https://doi.org/10.1002/met.1405, 2013. The numerical measure of the success of predictions CPeirce 10.1002/met.1405Science41884Peirce, C.: The numerical measure of the success of predictions, Science, 4, 453-454, 1884. WeatherBench 2: A Benchmark for the Next Generation of Data-Driven Global W"
essd-18-713-2026.pdf,grobid_tei,full_tei_text,,doi,10.1029/2023MS0040192023MS004019JournalofAdvancesin,https://doi.org/10.1029/2023MS0040192023MS004019JournalofAdvancesin,"p SHoyer AMerose ILangmore PBattaglia TRussell ASanchez-Gonzalez VYang RCarver SAgrawal MChantry ZBen Bouallegue PDueben CBromberg JSisk LBarrington ABell FSha 10.1029/2023MS0040192023MS004019JournalofAdvancesin Modeling Earth Systems 16 2024 Rasp, S., Hoyer, S., Merose, A., Langmore, I., Battaglia, P., Russell, T., Sanchez-Gonzalez, A., Yang, V., Carver, R., Agrawal,"
essd-18-713-2026.pdf,grobid_tei,full_tei_text,,doi,10.1029/2023MS004019QuarterlyJournaloftheRoyal,https://doi.org/10.1029/2023MS004019QuarterlyJournaloftheRoyal,"/10.1029/2023MS004019, 2024. A new equitable score suitable for verifying precipitation in numerical weather prediction MJRodwell DSRichardson TDHewson THaiden 10.1029/2023MS004019QuarterlyJournaloftheRoyal Meteorological Society 136 2010 Rodwell, M. J., Richardson, D. S., Hewson, T. D., and Haiden, T.: A new equitable score suitable for verifying precipitation in"
essd-18-713-2026.pdf,grobid_tei,full_tei_text,,doi,10.48550/arxiv.2501.05648ImprovingAIweatherpredictionmodels,https://doi.org/10.48550/arxiv.2501.05648ImprovingAIweatherpredictionmodels,"r prediction, Quarterly Journal of the Royal Meteoro- logical Society, 136, 1344-1363, https://doi.org/10.1002/qj.656, 2010. YSha JSSchreck WChapman IIGagne DJ 10.48550/arxiv.2501.05648ImprovingAIweatherpredictionmodels using global mass and energy conservation schemes 2025 arXiv [preprint Sha, Y., Schreck, J. S., Chapman, W., and Gagne II, D. J.: Improving AI weather predicti"
essd-18-713-2026.pdf,grobid_tei,full_tei_text,,doi,10.48550/arxiv.2501.05648Int.J.Climatol232003,https://doi.org/10.48550/arxiv.2501.05648Int.J.Climatol232003,"ttps://doi.org/10.48550/arxiv.2501.05648, 2025. Homogeneity of 20th century European daily temperature and precipitation series JBWijngaard AM G KTank GPKönnen 10.48550/arxiv.2501.05648Int.J.Climatol232003 Wijngaard, J. B., Tank, A. M. G. K., and Können, G. P.: Homogeneity of 20th century European daily temperature and precipitation series, Int. J. Climatol., 23,"
essd-18-713-2026.pdf,grobid_tei,full_tei_text,,doi,10.1002/joc.9062006AcademicPress627New,https://doi.org/10.1002/joc.9062006AcademicPress627New,"d precipitation series, Int. J. Climatol., 23, 679-692, https://doi.org/10.1002/joc.906, 2003. Statistical methods in the atmospheric sciences, 2nd Edn DSWilks 10.1002/joc.9062006AcademicPress627New York Wilks, D. S.: Statistical methods in the atmospheric sci- ences, 2nd Edn., Academic Press, New York, 627 pp., https://doi.org/10.1016/C2017-0-03921-6, 200"
essd-18-713-2026.pdf,grobid_tei,full_tei_text,,doi,10.1016/C2017-0-03921-62023arXiv,https://doi.org/10.1016/C2017-0-03921-62023arXiv,"io-Temporal Benchmark Dataset for Meteorological Forecasting Based on Real-Time Observation Data from Ground Weather Stations XZhu YXiong MWu GNie BZhang ZYang 10.1016/C2017-0-03921-62023arXiv [preprint Zhu, X., Xiong, Y., Wu, M., Nie, G., Zhang, B., and Yang, Z.: Weather2K: A Multivariate Spatio-Temporal Benchmark Dataset for Meteorological Forecast"
Otterloo-Burda-Utrecht_Housing_dataset_CSR2025.pdf,pymupdf,page_text,1,url,https://doi.org/10.54822/QVHM1662ARTICLETheUtrechtHousingdataset:,https://doi.org/10.54822/QVHM1662ARTICLETheUtrechtHousingdataset,"Computers and Society Research Journal (2025), 1 https://doi.org/10.54822/QVHM1662ARTICLETheUtrechtHousingdataset: A housing appraisal dataset Sieuwert van Otterloo and Pavlo Burda Email: sieuwert@ictinstitute.nl (First published online February 1, 2025) Abstract This paper"
Otterloo-Burda-Utrecht_Housing_dataset_CSR2025.pdf,pymupdf,page_text,1,url,"https://creativecommons.org/licenses/by/4.0/),",https://creativecommons.org/licenses/by/4.0/,"be used © Computers and Society Research Journal 2025. This is an Open Access article, distributed under the terms of the Creative Commons Attribution licence (https://creativecommons.org/licenses/by/4.0/), which permits unrestricted re-use, distribution, and reproduction in any medium, provided the original work is properly cited."
Otterloo-Burda-Utrecht_Housing_dataset_CSR2025.pdf,pymupdf,page_text,2,url,https://www.kaggle.com/dataset,https://www.kaggle.com/dataset,"The dataset is released as creative commons, and can be used freely for any purpose. If you use it, please cite this paper. The dataset is available on Kaggle: https://www.kaggle.com/dataset s/ictinstitute/utrecht-housing-dataset. Housing dataset background and related work The housing market is an interesting market to study, since finding a suita"
Otterloo-Burda-Utrecht_Housing_dataset_CSR2025.pdf,pymupdf,page_text,3,url,https://www.kaggle.com/datasets/shashanknecrothapa/ames-housing-dataset,https://www.kaggle.com/datasets/shashanknecrothapa/ames-housing-dataset,"vidual zipcodes with multiple sold houses. Given a selected zipcode, all the web pages of each sold house were saved in the PDF format. 1Ames Housing Dataset - https://www.kaggle.com/datasets/shashanknecrothapa/ames-housing-dataset 2Kadaster - https://www.kadaster.nl/winkel 3Funda - https://www.funda.nl/"
Otterloo-Burda-Utrecht_Housing_dataset_CSR2025.pdf,pymupdf,page_text,3,url,https://www.kadaster.nl/winkel,https://www.kadaster.nl/winkel,es of each sold house were saved in the PDF format. 1Ames Housing Dataset - https://www.kaggle.com/datasets/shashanknecrothapa/ames-housing-dataset 2Kadaster - https://www.kadaster.nl/winkel 3Funda - https://www.funda.nl/
Otterloo-Burda-Utrecht_Housing_dataset_CSR2025.pdf,pymupdf,page_text,3,url,https://www.funda.nl/,https://www.funda.nl/,PDF format. 1Ames Housing Dataset - https://www.kaggle.com/datasets/shashanknecrothapa/ames-housing-dataset 2Kadaster - https://www.kadaster.nl/winkel 3Funda - https://www.funda.nl/
Otterloo-Burda-Utrecht_Housing_dataset_CSR2025.pdf,pymupdf,page_text,4,url,https://www.gps-coordinaten.nl/,https://www.gps-coordinaten.nl/,an unspecified garden area (‘garden-size’) and 3 unspecified energy label (‘energylabel’ and ‘energy- eff’) because they were not available. 4GPS coordinaten - https://www.gps-coordinaten.nl/
Otterloo-Burda-Utrecht_Housing_dataset_CSR2025.pdf,pymupdf,page_text,6,url,https://en.wikipedia.org/wiki/ISO_8601,https://en.wikipedia.org/wiki/ISO_8601,"b-urban townships close to Utrecht. 4 Utrecht dist-from- train Crow’s flight distance from Utrecht central train station in kilome- ters. 113 2.44 aISO 80601 - https://en.wikipedia.org/wiki/ISO_8601 other hand, the average lot area is 71m2 but it varies greatly as the standard deviation is more than its mean (80m2), likely due to apartments having a 0 lot"
Otterloo-Burda-Utrecht_Housing_dataset_CSR2025.pdf,pymupdf,page_text,11,url,https://doi.org/10.1201/9780367816377.,https://doi.org/10.1201/9780367816377,"are required for data science education. References [BG19] Brad Boehmke and Brandon M Greenwell. Hands-on machine learning with R. Chapman and Hall/CRC, 2019. https://doi.org/10.1201/9780367816377. [BHN19] Solon Barocas, Moritz Hardt, and Arvind Narayanan. Fairness and Machine Learning. fairmlbook.org, 2019. https://www.fairmlbook.org. [BRAN19] Mousumi Ba"
Otterloo-Burda-Utrecht_Housing_dataset_CSR2025.pdf,pymupdf,page_text,11,url,https://www.fairmlbook.org.,https://www.fairmlbook.org,"C, 2019. https://doi.org/10.1201/9780367816377. [BHN19] Solon Barocas, Moritz Hardt, and Arvind Narayanan. Fairness and Machine Learning. fairmlbook.org, 2019. https://www.fairmlbook.org. [BRAN19] Mousumi Banerjee, Evan Reynolds, Hedvig B Andersson, and Brahmajee K Nallamothu. Tree-based analysis: a practical approach to create clinical decision"
Otterloo-Burda-Utrecht_Housing_dataset_CSR2025.pdf,pymupdf,page_text,11,url,https://data.europa.eu/eli/reg/2016/679/oj.,https://data.europa.eu/eli/reg/2016/679/oj,"udy on California House Prices. The National High School Journal of Science, 2024. [Cou16] Council of European Union. General data protection regulation, 2016. https://data.europa.eu/eli/reg/2016/679/oj. [CS13] Samprit Chatterjee and Jeffrey S Simonoff. Handbook of regression analysis. John Wiley & Sons, 2013. [Daw95] Robert J MacG Dawson. The “unusual episode”"
Otterloo-Burda-Utrecht_Housing_dataset_CSR2025.pdf,pymupdf,page_text,11,url,https://fairlearn.org/main/user_guide/datasets/boston_ho,https://fairlearn.org/main/user_guide/datasets/boston_ho,"housing data as an end of semester regression project. Journal of Statistics Education, 19(3), 2011. [Fai22] Fairlearn. Revisiting the Boston Housing Dataset. https://fairlearn.org/main/user_guide/datasets/boston_ho using_data.html, 2022. Accessed: 2025-01-07. [Gér22] Aurélien Géron. Hands-on machine learning with Scikit-Learn, Keras, and TensorFlow. O’Reilly Media, Inc.,"
Otterloo-Burda-Utrecht_Housing_dataset_CSR2025.pdf,pymupdf,page_text,11,url,https://peopleanalytics-regression-book.org/.,https://peopleanalytics-regression-book.org/,"86(11):2278–2324, 1998. [McN21] Keith McNulty. Handbook of regression modeling in people analytics: With examples in R and Python. Chapman and Hall/CRC, 2021. https://peopleanalytics-regression-book.org/. [Tho53] Robert L. Thorndike. Who belongs in the family? Psychometrika, 18(4):267–276, 1953. [UK21] AntonyUnwinandKimKleinman. Theirisdataset: Insearchofthesour"
Otterloo-Burda-Utrecht_Housing_dataset_CSR2025.pdf,pymupdf,page_text,11,url,https://academic.oup.com/jrssig/article/18/6/26/7038520.,https://academic.oup.com/jrssig/article/18/6/26/7038520,"family? Psychometrika, 18(4):267–276, 1953. [UK21] AntonyUnwinandKimKleinman. Theirisdataset: Insearchofthesourceofvirginica. Significance, 18(6):26–29, 2021. https://academic.oup.com/jrssig/article/18/6/26/7038520. [Van16] Jake VanderPlas. Python data science handbook: Essential tools for working with data. "" O’Reilly Media, Inc."", 2016. https://jakevdp.github.io/PythonDa"
Otterloo-Burda-Utrecht_Housing_dataset_CSR2025.pdf,pymupdf,page_text,11,url,https://jakevdp.github.io/PythonDataScienceHandbook/.,https://jakevdp.github.io/PythonDataScienceHandbook/,"om/jrssig/article/18/6/26/7038520. [Van16] Jake VanderPlas. Python data science handbook: Essential tools for working with data. "" O’Reilly Media, Inc."", 2016. https://jakevdp.github.io/PythonDataScienceHandbook/. [WDA+16] Mark D Wilkinson, Michel Dumontier, IJsbrand Jan Aalbersberg, Gabrielle Appleton, Myles Axton, Arie Baak, Niklas Blomberg, Jan-Willem Boiten, Luiz Bon"
Otterloo-Burda-Utrecht_Housing_dataset_CSR2025.pdf,grobid_tei,target,,url,https://github.com/kermitt2/grobid,https://github.com/kermitt2/grobid,
Otterloo-Burda-Utrecht_Housing_dataset_CSR2025.pdf,grobid_tei,target,,url,http://www.fairmlbook.org,http://www.fairmlbook.org,
Otterloo-Burda-Utrecht_Housing_dataset_CSR2025.pdf,grobid_tei,target,,url,http://data.europa.eu/eli/reg/2016/679/oj,http://data.europa.eu/eli/reg/2016/679/oj,
Otterloo-Burda-Utrecht_Housing_dataset_CSR2025.pdf,grobid_tei,target,,url,https://fairlearn.org/main/user_guide/datasets/boston_housing_data.html,https://fairlearn.org/main/user_guide/datasets/boston_housing_data.html,
Otterloo-Burda-Utrecht_Housing_dataset_CSR2025.pdf,grobid_tei,idno_doi,,doi,10.54822/QVHM1662,https://doi.org/10.54822/QVHM1662,10.54822/QVHM1662
Otterloo-Burda-Utrecht_Housing_dataset_CSR2025.pdf,grobid_tei,full_tei_text,,url,https://www.funda.nl/GPS,https://www.funda.nl/GPS,Price (k )8001000 Ames Housing Dataset -https://www.kaggle.com/datasets/shashanknecrothapa/ames-housing-dataset Kadaster -https://www.kadaster.nl/winkel Funda -https://www.funda.nl/GPS coordinaten -https://www.gps-coordinaten.nl/AcknowledgementThe authors would like to thank all colleagues from the Lectoraat AI at the Utrecht University of Ap
Otterloo-Burda-Utrecht_Housing_dataset_CSR2025.pdf,grobid_tei,full_tei_text,,url,https://www.gps-coordinaten.nl/AcknowledgementThe,https://www.gps-coordinaten.nl/AcknowledgementThe,-https://www.kaggle.com/datasets/shashanknecrothapa/ames-housing-dataset Kadaster -https://www.kadaster.nl/winkel Funda -https://www.funda.nl/GPS coordinaten -https://www.gps-coordinaten.nl/AcknowledgementThe authors would like to thank all colleagues from the Lectoraat AI at the Utrecht University of Applied Sciences and the teaching assistants and other participan
Otterloo-Burda-Utrecht_Housing_dataset_CSR2025.pdf,grobid_tei,full_tei_text,,url,https://doi.org/10.1201/9780367816377.SolonBarocasMoritzHardtArvindNarayananFairnessandMachine,https://doi.org/10.1201/9780367816377.SolonBarocasMoritzHardtArvindNarayananFairnessandMachine,"1875 1900 1925 1950 1975 2000 Built year References [BG19] Brad Boehmke and Brandon M Greenwell. Hands-on machine learning with R. Chapman and Hall/CRC, 2019. https://doi.org/10.1201/9780367816377.SolonBarocasMoritzHardtArvindNarayananFairnessandMachine Learning. fairmlbook.org 2019 Solon Barocas, Moritz Hardt, and Arvind Narayanan. Fairness and Machine Learning. fairmlbook.org, 2019. https://www.fairmlbook.or"
Otterloo-Burda-Utrecht_Housing_dataset_CSR2025.pdf,grobid_tei,full_tei_text,,url,https://www.fairmlbook.org.Tree-based,https://www.fairmlbook.org.Tree-based,"rayananFairnessandMachine Learning. fairmlbook.org 2019 Solon Barocas, Moritz Hardt, and Arvind Narayanan. Fairness and Machine Learning. fairmlbook.org, 2019. https://www.fairmlbook.org.Tree-based analysis: a practical approach to create clinical decision-making tools MousumiBanerjee EvanReynolds HedvigBAndersson BrahmajeeKNallamothu Circulation: Cardiov"
Otterloo-Burda-Utrecht_Housing_dataset_CSR2025.pdf,grobid_tei,full_tei_text,,url,https://data.europa.eu/eli/reg/2016/679/oj.Handbook,https://data.europa.eu/eli/reg/2016/679/oj.Handbook,"ournal of Science, 2024. General data protection regulation 2016 Council of European Union Council of European Union. General data protection regulation, 2016. https://data.europa.eu/eli/reg/2016/679/oj.Handbook of regression analysis SampritChatterjee JeffreySSimonoff 2013 John Wiley & Sons Samprit Chatterjee and Jeffrey S Simonoff. Handbook of regression analysis. Jo"
Otterloo-Burda-Utrecht_Housing_dataset_CSR2025.pdf,grobid_tei,full_tei_text,,url,https://peopleanalytics-regression-book.org/.Who,https://peopleanalytics-regression-book.org/.Who,"cnulty 2021 Chapman and Hall/CRC Keith McNulty. Handbook of regression modeling in people analytics: With examples in R and Python. Chapman and Hall/CRC, 2021. https://peopleanalytics-regression-book.org/.Who belongs in the family? RobertLThorndike Psychometrika 18 4 1953 Robert L. Thorndike. Who belongs in the family? Psychometrika, 18(4):267-276, 1953. The iris da"
Otterloo-Burda-Utrecht_Housing_dataset_CSR2025.pdf,grobid_tei,full_tei_text,,url,https://academic.oup.com/jrssig/article/18/6/26/7038520.Python,https://academic.oup.com/jrssig/article/18/6/26/7038520.Python,"win KimKleinman Significance 18 6 2021 Antony Unwin and Kim Kleinman. The iris data set: In search of the source of virginica. Significance, 18(6):26-29, 2021. https://academic.oup.com/jrssig/article/18/6/26/7038520.Python data science handbook: Essential tools for working with data JakeVanderplas 2016 O'Reilly Media, Inc Jake VanderPlas. Python data science handbook: Essential t"
Otterloo-Burda-Utrecht_Housing_dataset_CSR2025.pdf,grobid_tei,full_tei_text,,url,https://jakevdp.github.io/PythonDataScienceHandbook/.The,https://jakevdp.github.io/PythonDataScienceHandbook/.The,"ta JakeVanderplas 2016 O'Reilly Media, Inc Jake VanderPlas. Python data science handbook: Essential tools for working with data. "" O'Reilly Media, Inc."", 2016. https://jakevdp.github.io/PythonDataScienceHandbook/.The fair guiding principles for scientific data management and stewardship MichelWda + 16] Mark D Wilkinson Dumontier JanIjsbrand GabrielleAalbersberg MylesAppleto"
Otterloo-Burda-Utrecht_Housing_dataset_CSR2025.pdf,grobid_tei,full_tei_text,,doi,10.54822/QVHM1662GROBID-Amachinelearning,https://doi.org/10.54822/QVHM1662GROBID-Amachinelearning,"wertVan Otterloo sieuwert@ictinstitute.nl PavloBurda The Utrecht Housing dataset: A housing appraisal dataset February 1, 2025 826F886DAC89CCF125E0A94CD3E951CF 10.54822/QVHM1662GROBID-Amachinelearning software for extracting information from scholarly documents dataset housing real estate Netherlands Appraisal Regression Classification This paper introduces"
Otterloo-Burda-Utrecht_Housing_dataset_CSR2025.pdf,grobid_tei,full_tei_text,,doi,10.1201/978036781637715.75,https://doi.org/10.1201/978036781637715.75,"ation and feedback from all the summerschool were essential in identifying what datasets are required for data science education. BradBoehmke BrandonMGreenwell 10.1201/978036781637715.75"" N 52° 5' 55.49"" N 52° 6' 35.22"" N Latitude 1800 1825 1850 1875 1900 1925 1950 1975 2000. 2019 Chapman and Hall/CRC 52 Built year References [BG19 Longitude 52"
s41597-025-04605-9.pdf,pymupdf,page_text,1,url,"https://doi.org/10.1038/s41597-025-04605-9www.nature.com/scientificdataThree-dimensional,",https://doi.org/10.1038/s41597-025-04605-9www.nature.com/scientificdataThree-dimensional,"1 Scientific Data | (2025) 12:329 | https://doi.org/10.1038/s41597-025-04605-9www.nature.com/scientificdataThree-dimensional, multimodal synchrotron data for machine learning applications Calum Green 1,2 ✉, Sharif Ahmed2, Shashidhara Marathe2, Liam Perera2, Alberto Leonardi2, Killian"
s41597-025-04605-9.pdf,pymupdf,page_text,2,url,https://doi.org/10.1038/s41597-025-04605-9www.nature.com/scientificdatawww.nature.com/scientificdata/Zinc-DopedZeolite13X.Zeolite,https://doi.org/10.1038/s41597-025-04605-9www.nature.com/scientificdatawww.nature.com/scientificdata/Zinc-DopedZeolite13X.Zeolite,2 Scientific Data | (2025) 12:329 | https://doi.org/10.1038/s41597-025-04605-9www.nature.com/scientificdatawww.nature.com/scientificdata/Zinc-DopedZeolite13X.Zeolite 13X (13X) is an aluminosilicate material (Na [(AlO ) (SiO ) ] xH O 86 2 86 2 106 2 ⋅ ) used commonly in the carbon capture industry due its ability to store ca
s41597-025-04605-9.pdf,pymupdf,page_text,3,url,https://doi.org/10.1038/s41597-025-04605-9www.nature.com/scientificdatawww.nature.com/scientificdata/capillarymeasuring1mm,https://doi.org/10.1038/s41597-025-04605-9www.nature.com/scientificdatawww.nature.com/scientificdata/capillarymeasuring1mm,"3 Scientific Data | (2025) 12:329 | https://doi.org/10.1038/s41597-025-04605-9www.nature.com/scientificdatawww.nature.com/scientificdata/capillarymeasuring1mm internal diameter, along with a 0.5 mm Ruby sphere to act as a fiducial marker, before being filled with NIST standard borosilicate glass beads of diameter 0.1"
s41597-025-04605-9.pdf,pymupdf,page_text,4,url,https://doi.org/10.1038/s41597-025-04605-9www.nature.com/scientificdatawww.nature.com/scientificdata/DIADarecentredaround,https://doi.org/10.1038/s41597-025-04605-9www.nature.com/scientificdatawww.nature.com/scientificdata/DIADarecentredaround,4 Scientific Data | (2025) 12:329 | https://doi.org/10.1038/s41597-025-04605-9www.nature.com/scientificdatawww.nature.com/scientificdata/DIADarecentredaround the axis of rotation for the sample. Figure 2 below shows the process of reconstructing a sinogram of 25 μm spot-size using a gridrec algorithm to reconstruct
s41597-025-04605-9.pdf,pymupdf,page_text,4,url,https://doi.org/10.5281/zenodo.13329639asaseriesof.nxsfiles16.,https://doi.org/10.5281/zenodo.13329639asaseriesof.nxsfiles16,r I13-2 pixel-sizes acquired after being spatially aligned. Processed XRD-CT data for both the Zn and Na phases at a spot size of 25 and 50 μm are available at https://doi.org/10.5281/zenodo.13329639asaseriesof.nxsfiles16. The sinograms pre-reconstruction are also included in the same repository as .nxs files. Powder X-ray diffraction data from a Rigaku SmartLab Diffractometer Fi
s41597-025-04605-9.pdf,pymupdf,page_text,4,url,https://doi.org/10.5281/zenodo.1332963916.MagnificationPixel-Size(μm),https://doi.org/10.5281/zenodo.1332963916.MagnificationPixel-Size(μm),he reconstructed image shows the Sodium phase in that 25 μm region of the Zn-doped Zeolite 13X sample. The data used to create this figure file number 43322 in https://doi.org/10.5281/zenodo.1332963916.MagnificationPixel-Size(μm) Field of view (mm) Zenodo DOI (Raw) Zenodo DOI (Processed) 2.5x 2.6 6.7 × 5.6 https://doi.org/10.5281/zenodo.1332789124https://doi.org/10.5281/zenodo.122068152
s41597-025-04605-9.pdf,pymupdf,page_text,4,url,https://doi.org/10.5281/zenodo.1332789124https://doi.org/10.5281/zenodo.12206815254x1.6254.2,https://doi.org/10.5281/zenodo.1332789124https://doi.org/10.5281/zenodo.12206815254x1.6254.2,er 43322 in https://doi.org/10.5281/zenodo.1332963916.MagnificationPixel-Size(μm) Field of view (mm) Zenodo DOI (Raw) Zenodo DOI (Processed) 2.5x 2.6 6.7 × 5.6 https://doi.org/10.5281/zenodo.1332789124https://doi.org/10.5281/zenodo.12206815254x1.6254.2 × 3.5 https://doi.org/10.5281/zenodo.1332793126https://doi.org/10.5281/zenodo.13327651278x0.81252.1 × 1.8 https://doi.org/10.5281/zenodo.1332795828https://doi.
s41597-025-04605-9.pdf,pymupdf,page_text,4,url,https://doi.org/10.5281/zenodo.1332793126https://doi.org/10.5281/zenodo.13327651278x0.81252.1,https://doi.org/10.5281/zenodo.1332793126https://doi.org/10.5281/zenodo.13327651278x0.81252.1,) Zenodo DOI (Raw) Zenodo DOI (Processed) 2.5x 2.6 6.7 × 5.6 https://doi.org/10.5281/zenodo.1332789124https://doi.org/10.5281/zenodo.12206815254x1.6254.2 × 3.5 https://doi.org/10.5281/zenodo.1332793126https://doi.org/10.5281/zenodo.13327651278x0.81252.1 × 1.8 https://doi.org/10.5281/zenodo.1332795828https://doi.org/10.5281/zenodo.133276822920x0.3250.83 × 0.7 https://doi.org/10.5281/zenodo.1332796130https://doi
s41597-025-04605-9.pdf,pymupdf,page_text,4,url,https://doi.org/10.5281/zenodo.1332795828https://doi.org/10.5281/zenodo.133276822920x0.3250.83,https://doi.org/10.5281/zenodo.1332795828https://doi.org/10.5281/zenodo.133276822920x0.3250.83,24https://doi.org/10.5281/zenodo.12206815254x1.6254.2 × 3.5 https://doi.org/10.5281/zenodo.1332793126https://doi.org/10.5281/zenodo.13327651278x0.81252.1 × 1.8 https://doi.org/10.5281/zenodo.1332795828https://doi.org/10.5281/zenodo.133276822920x0.3250.83 × 0.7 https://doi.org/10.5281/zenodo.1332796130https://doi.org/10.5281/zenodo.1332769231Table1.Summaryof the four different XCT entries on Zenodo from I13-2 be
s41597-025-04605-9.pdf,pymupdf,page_text,4,url,https://doi.org/10.5281/zenodo.1332796130https://doi.org/10.5281/zenodo.1332769231Table1.Summaryof,https://doi.org/10.5281/zenodo.1332796130https://doi.org/10.5281/zenodo.1332769231Table1.Summaryof,"https://doi.org/10.5281/zenodo.13327651278x0.81252.1 × 1.8 https://doi.org/10.5281/zenodo.1332795828https://doi.org/10.5281/zenodo.133276822920x0.3250.83 × 0.7 https://doi.org/10.5281/zenodo.1332796130https://doi.org/10.5281/zenodo.1332769231Table1.Summaryof the four different XCT entries on Zenodo from I13-2 beamline, including the magnification, pixel-size, field of view, and Zenodo entries for the raw and proces"
s41597-025-04605-9.pdf,pymupdf,page_text,5,url,https://doi.org/10.1038/s41597-025-04605-9www.nature.com/scientificdatawww.nature.com/scientificdata/canbefoundat,https://doi.org/10.1038/s41597-025-04605-9www.nature.com/scientificdatawww.nature.com/scientificdata/canbefoundat,5 Scientific Data | (2025) 12:329 | https://doi.org/10.1038/s41597-025-04605-9www.nature.com/scientificdatawww.nature.com/scientificdata/canbefoundat https://doi.org/10.5281/zenodo.13329670asaseriesof.asc files to assist with performing the phase-based reconstructions of the XRD-CT data along with a Jupyter
s41597-025-04605-9.pdf,pymupdf,page_text,5,url,https://doi.org/10.5281/zenodo.13329670asaseriesof.asc,https://doi.org/10.5281/zenodo.13329670asaseriesof.asc,5 Scientific Data | (2025) 12:329 | https://doi.org/10.1038/s41597-025-04605-9www.nature.com/scientificdatawww.nature.com/scientificdata/canbefoundat https://doi.org/10.5281/zenodo.13329670asaseriesof.asc files to assist with performing the phase-based reconstructions of the XRD-CT data along with a Jupyter Notebook to reproduce the analysis17. Reconstructed XCT
s41597-025-04605-9.pdf,pymupdf,page_text,5,url,https://doi.org/10.5281/zenodo.13327988asa.h5and.nxs,https://doi.org/10.5281/zenodo.13327988asa.h5and.nxs,"sed reconstructions of the XRD-CT data along with a Jupyter Notebook to reproduce the analysis17. Reconstructed XCT data from the DIAD beamline can be found at https://doi.org/10.5281/zenodo.13327988asa.h5and.nxs file, whilst the raw data is available at 10.5281/zenodo.13329625asa.h5file18,19. We also provide an additional Zenodo entry that contains smaller 8-bit sub-vo"
s41597-025-04605-9.pdf,pymupdf,page_text,5,url,https://doi.org/10.5281/zenodo.1424575120.TechnicalValidationZn-13XCharacterisation.Toconfirm,https://doi.org/10.5281/zenodo.1424575120.TechnicalValidationZn-13XCharacterisation.Toconfirm,"data that can be downloaded in a shorter amount of time to quickly visualise the data before committing to the larger (>50 GB) files. These can be accessed at https://doi.org/10.5281/zenodo.1424575120.TechnicalValidationZn-13XCharacterisation.Toconfirm the existence of zinc in the partially Zn-doped 13X sample used, powder XRD measurements were obtained on both pure-13X, and pure-Zn-13X using a Rigaku SmartLa"
s41597-025-04605-9.pdf,pymupdf,page_text,5,url,https://doi.org/10.5281/zenodo.13329670.Thepowderdiffractionshowedashift,https://doi.org/10.5281/zenodo.13329670.Thepowderdiffractionshowedashift,"xcept 13X powder was left for 24 hours instead of 15 minutes to allow for more complete ion-exchange21. All the powder XRD data is available as Zenodo entry at https://doi.org/10.5281/zenodo.13329670.Thepowderdiffractionshowedashift in the peaks between the Zn-doped 13X and pure 13X, with the peaks in the Zn-13X powder diffraction pattern moving to a slightly higher q-value than those from"
s41597-025-04605-9.pdf,pymupdf,page_text,5,url,https://www.hdfgroup.org/solutions/hdf5/),https://www.hdfgroup.org/solutions/hdf5/,essful azimuthal integration in the data reduction process in DAWN. Usage Notes Raw and processed XCT data is provided as a series of Hierarchical Data Format (https://www.hdfgroup.org/solutions/hdf5/) .h5 and .hdf as well as NeXus (https://www.nexusformat.org) .nxs files. NeXus files are hierarchical and build upon the HDF5 structure and are used in the x-ra
s41597-025-04605-9.pdf,pymupdf,page_text,5,url,https://www.nexusformat.org),https://www.nexusformat.org,Notes Raw and processed XCT data is provided as a series of Hierarchical Data Format (https://www.hdfgroup.org/solutions/hdf5/) .h5 and .hdf as well as NeXus (https://www.nexusformat.org) .nxs files. NeXus files are hierarchical and build upon the HDF5 structure and are used in the x-ray science community. A benefit of this is the inclusion of b
s41597-025-04605-9.pdf,pymupdf,page_text,5,url,"https://dawnsci.org),",https://dawnsci.org,"metadata for raw data and processing metadata that describes the post-processing pipeline. This metadata can be viewed using the Data Analysis WorkbeNch, DAWN (https://dawnsci.org), by loading in the .nxs file and selecting “File...View Metadata”. DAWN is a flexible software and is recommended for loading and visualising all of the .h5, .h"
s41597-025-04605-9.pdf,pymupdf,page_text,5,url,https://imagej.net/software/fiji/),https://imagej.net/software/fiji/,"ng and visualising all of the .h5, .hdf, and .nxs files. Alternatively, .h5 and .hdf files can be loaded and visualised in the open-source ImageJ/Fiji package (https://imagej.net/software/fiji/) using the BigDataViewer plugin. Savu scripts and process lists are provided to perform the XCT reconstructions using savu alongside raw data in the Zenodo entr"
s41597-025-04605-9.pdf,pymupdf,page_text,5,url,https://imagej.net/software/fiji/).The,https://imagej.net/software/fiji/).The,"es) and NeXus (.nxs) files. The recommended software for visualising the raw data and processed data as .h5/.hdf5 files is the open-source ImageJ/Fiji package (https://imagej.net/software/fiji/).The Data Analysis WorkbeNch, DAWN"
s41597-025-04605-9.pdf,pymupdf,page_text,5,doi,"10.5281/zenodo.13329625asa.h5file18,19.","https://doi.org/10.5281/zenodo.13329625asa.h5file18,19","7. Reconstructed XCT data from the DIAD beamline can be found at https://doi.org/10.5281/zenodo.13327988asa.h5and.nxs file, whilst the raw data is available at 10.5281/zenodo.13329625asa.h5file18,19. We also provide an additional Zenodo entry that contains smaller 8-bit sub-volumes of the I13 data that can be downloaded in a shorter amount of time to quickl"
s41597-025-04605-9.pdf,pymupdf,page_text,6,url,https://doi.org/10.1038/s41597-025-04605-9www.nature.com/scientificdatawww.nature.com/scientificdata/(https://dawnsci.org)isbestfor,https://doi.org/10.1038/s41597-025-04605-9www.nature.com/scientificdatawww.nature.com/scientificdata/(https://dawnsci.org)isbestfor,6 Scientific Data | (2025) 12:329 | https://doi.org/10.1038/s41597-025-04605-9www.nature.com/scientificdatawww.nature.com/scientificdata/(https://dawnsci.org)isbestfor loading in NeXus (.nxs) files. Savu scripts and process lists are provided to per- form the XCT reconstructions using savu alongside raw data in the Zenodo ent
s41597-025-04605-9.pdf,pymupdf,page_text,6,url,"https://doi.org/10.48550/arXiv.2301.11798(2023).2.P,",https://doi.org/10.48550/arXiv.2301.11798(2023).2.P,"25; Published: xx xx xxxx References 1. Wu, J., Fu, R., Fang, H., Zhang, Y. & Xu, Y. MedSegDiff-V2: Diffusion based Medical Image Segmentation with Transformer https://doi.org/10.48550/arXiv.2301.11798(2023).2.P, P. & Sivakumar, R. Brain Tumor Classification Using Image Fusion and EFPA-SVM Classifier. Intelligent Automation & Soft Computing 35, 2837–2855, https://doi.or"
s41597-025-04605-9.pdf,pymupdf,page_text,6,url,"https://doi.org/10.32604/iasc.2023.030144(2022).3.Gu,",https://doi.org/10.32604/iasc.2023.030144(2022).3.Gu,"798(2023).2.P, P. & Sivakumar, R. Brain Tumor Classification Using Image Fusion and EFPA-SVM Classifier. Intelligent Automation & Soft Computing 35, 2837–2855, https://doi.org/10.32604/iasc.2023.030144(2022).3.Gu, Y. et al. MedSRGAN: medical images super-resolution using generative adversarial networks. Multimedia Tools and Applications 79, 21815–21840, https://doi.org/1"
s41597-025-04605-9.pdf,pymupdf,page_text,6,url,"https://doi.org/10.1007/s11042-020-08980-w(2020).4.Perez-Raya,",https://doi.org/10.1007/s11042-020-08980-w(2020).4.Perez-Raya,"30144(2022).3.Gu, Y. et al. MedSRGAN: medical images super-resolution using generative adversarial networks. Multimedia Tools and Applications 79, 21815–21840, https://doi.org/10.1007/s11042-020-08980-w(2020).4.Perez-Raya, I. et al. Towards multi-modal data fusion for super-resolution and denoising of 4D-Flow MRI. International Journal for Numerical Methods in Biomedical Engineer"
s41597-025-04605-9.pdf,pymupdf,page_text,6,url,"https://doi.org/10.1002/cnm.3381(2020).5.VandePlas,",https://doi.org/10.1002/cnm.3381(2020).5.VandePlas,"rds multi-modal data fusion for super-resolution and denoising of 4D-Flow MRI. International Journal for Numerical Methods in Biomedical Engineering 36, e3381, https://doi.org/10.1002/cnm.3381(2020).5.VandePlas, R., Yang, J., Spraggins, J. & Caprioli, R. M. Image fusion of mass spectrometry and microscopy: a multimodality paradigm for molecular tissue mapping. Nature M"
s41597-025-04605-9.pdf,pymupdf,page_text,6,url,"https://doi.org/10.1038/nmeth.3296(2015).6.Shan,",https://doi.org/10.1038/nmeth.3296(2015).6.Shan,"gins, J. & Caprioli, R. M. Image fusion of mass spectrometry and microscopy: a multimodality paradigm for molecular tissue mapping. Nature Methods 12, 366–372, https://doi.org/10.1038/nmeth.3296(2015).6.Shan, L., Liu, C., Liu, Y., Kong, W. & Hei, X. Rock CT Image Super-Resolution Using Residual Dual-Channel Attention Generative Adversarial Network. Energies 15, 5115"
s41597-025-04605-9.pdf,pymupdf,page_text,6,url,"https://doi.org/10.3390/en15145115(2022).7.Müller,",https://doi.org/10.3390/en15145115(2022).7.Müller,"., Liu, C., Liu, Y., Kong, W. & Hei, X. Rock CT Image Super-Resolution Using Residual Dual-Channel Attention Generative Adversarial Network. Energies 15, 5115, https://doi.org/10.3390/en15145115(2022).7.Müller, S. et al. Deep learning-based segmentation of lithium-ion battery microstructures enhanced by artificially generated electrodes. Nature Communications 12, 6205"
s41597-025-04605-9.pdf,pymupdf,page_text,6,url,"https://doi.org/10.1038/s41467-021-26480-9(2021).8.Dahari,",https://doi.org/10.1038/s41467-021-26480-9(2021).8.Dahari,". et al. Deep learning-based segmentation of lithium-ion battery microstructures enhanced by artificially generated electrodes. Nature Communications 12, 6205, https://doi.org/10.1038/s41467-021-26480-9(2021).8.Dahari, A., Kench, S., Squires, I. & Cooper, S. J. Fusion of Complementary 2D and 3D Mesostructural Datasets Using Generative Adversarial Networks. Advanced Energy Mat"
s41597-025-04605-9.pdf,pymupdf,page_text,6,url,"https://doi.org/10.1002/aenm.202202407(2023).9.Su,",https://doi.org/10.1002/aenm.202202407(2023).9.Su,"res, I. & Cooper, S. J. Fusion of Complementary 2D and 3D Mesostructural Datasets Using Generative Adversarial Networks. Advanced Energy Materials 13, 2202407, https://doi.org/10.1002/aenm.202202407(2023).9.Su, F. & Lu, C. CO2 capture from gas stream by zeolite 13X using a dual-column temperature/vacuum swing adsorption. Energy & Environmental Science 5, 9021–9027, ht"
s41597-025-04605-9.pdf,pymupdf,page_text,6,url,"https://doi.org/10.1039/C2EE22647B(2012).10.Gal,",https://doi.org/10.1039/C2EE22647B(2012).10.Gal,"u, F. & Lu, C. CO2 capture from gas stream by zeolite 13X using a dual-column temperature/vacuum swing adsorption. Energy & Environmental Science 5, 9021–9027, https://doi.org/10.1039/C2EE22647B(2012).10.Gal, I. J. & Radovanov, P. Ion-exchange equilibria of synthetic 13X zeolite with Ni2+, Co2+, Zn2+ and Cd2+ ions. Journal of the Chemical Society, Faraday Transactio"
s41597-025-04605-9.pdf,pymupdf,page_text,6,url,https://doi.org/10.1039/F19757101671(1975).Fig.4Dataprocessing,https://doi.org/10.1039/F19757101671(1975).Fig.4Dataprocessing,"13X zeolite with Ni2+, Co2+, Zn2+ and Cd2+ ions. Journal of the Chemical Society, Faraday Transactions 1: Physical Chemistry in Condensed Phases 71, 1671–1677, https://doi.org/10.1039/F19757101671(1975).Fig.4Dataprocessing pipelines for both (a) XCT data and (b) XRD-CT data from acquisition through to reconstruction to post-processing. Software and file formats are also indicated"
s41597-025-04605-9.pdf,pymupdf,page_text,7,url,"https://doi.org/10.1038/s41597-025-04605-9www.nature.com/scientificdatawww.nature.com/scientificdata/11.Wadeson,",https://doi.org/10.1038/s41597-025-04605-9www.nature.com/scientificdatawww.nature.com/scientificdata/11.Wadeson,"7 Scientific Data | (2025) 12:329 | https://doi.org/10.1038/s41597-025-04605-9www.nature.com/scientificdatawww.nature.com/scientificdata/11.Wadeson, N. & Basham, M. Savu: A Python-based, MPI Framework for Simultaneous Processing of Multiple, N-dimensional, Large Tomography Datasets https://doi.org/10.48550/"
s41597-025-04605-9.pdf,pymupdf,page_text,7,url,"https://doi.org/10.48550/arXiv.1610.08015(2016).12.Reinhard,",https://doi.org/10.48550/arXiv.1610.08015(2016).12.Reinhard,"cientificdata/11.Wadeson, N. & Basham, M. Savu: A Python-based, MPI Framework for Simultaneous Processing of Multiple, N-dimensional, Large Tomography Datasets https://doi.org/10.48550/arXiv.1610.08015(2016).12.Reinhard, C. et al. Beamline K11 DIAD: a new instrument for dual imaging and diffraction at Diamond Light Source. Journal of Synchrotron Radiation 28, 1985–1995, https:/"
s41597-025-04605-9.pdf,pymupdf,page_text,7,url,"https://doi.org/10.1107/S1600577521009875(2021).13.Basham,",https://doi.org/10.1107/S1600577521009875(2021).13.Basham,"inhard, C. et al. Beamline K11 DIAD: a new instrument for dual imaging and diffraction at Diamond Light Source. Journal of Synchrotron Radiation 28, 1985–1995, https://doi.org/10.1107/S1600577521009875(2021).13.Basham, M. et al. Data Analysis WorkbeNch (DAWN). Journal of Synchrotron Radiation 22, 853–858, https://doi.org/10.1107/S1600577515002283(2015).14.Gürsoy, D., De Carlo"
s41597-025-04605-9.pdf,pymupdf,page_text,7,url,"https://doi.org/10.1107/S1600577515002283(2015).14.Gürsoy,",https://doi.org/10.1107/S1600577515002283(2015).14.Gürsoy,", 1985–1995, https://doi.org/10.1107/S1600577521009875(2021).13.Basham, M. et al. Data Analysis WorkbeNch (DAWN). Journal of Synchrotron Radiation 22, 853–858, https://doi.org/10.1107/S1600577515002283(2015).14.Gürsoy, D., De Carlo, F., Xiao, X. & Jacobsen, C. TomoPy: a framework for the analysis of synchrotron tomographic data. Journal of Synchrotron Radiation 21, 1188–1193,"
s41597-025-04605-9.pdf,pymupdf,page_text,7,url,"https://doi.org/10.1107/S1600577514013939(2014).15.Marone,",https://doi.org/10.1107/S1600577514013939(2014).15.Marone,"D., De Carlo, F., Xiao, X. & Jacobsen, C. TomoPy: a framework for the analysis of synchrotron tomographic data. Journal of Synchrotron Radiation 21, 1188–1193, https://doi.org/10.1107/S1600577514013939(2014).15.Marone, F. & Stampanoni, M. Regridding reconstruction algorithm for real-time tomographic imaging. Journal of Synchrotron Radiation 19, 1029–1037, https://doi.org/10.1"
s41597-025-04605-9.pdf,pymupdf,page_text,7,url,"https://doi.org/10.1107/S0909049512032864(2012).16.Green,",https://doi.org/10.1107/S0909049512032864(2012).16.Green,"939(2014).15.Marone, F. & Stampanoni, M. Regridding reconstruction algorithm for real-time tomographic imaging. Journal of Synchrotron Radiation 19, 1029–1037, https://doi.org/10.1107/S0909049512032864(2012).16.Green, C. & Le Houx, J. Zinc Doped Zeolite 13X DIAD X-Ray Diffraction Computed Tomography - 25 and 50 micron spot-size https://doi.org/10.5281/zenodo.13329639(2024).1"
s41597-025-04605-9.pdf,pymupdf,page_text,7,url,"https://doi.org/10.5281/zenodo.13329639(2024).17.Green,",https://doi.org/10.5281/zenodo.13329639(2024).17.Green,"i.org/10.1107/S0909049512032864(2012).16.Green, C. & Le Houx, J. Zinc Doped Zeolite 13X DIAD X-Ray Diffraction Computed Tomography - 25 and 50 micron spot-size https://doi.org/10.5281/zenodo.13329639(2024).17.Green, C. & Le Houx, J. Zinc-doped Zeolite 13X, Partially Zinc-doped Zeolite 13X, and pure Zeolite 13X X-Ray Powder Diffraction https://doi.org/10.5281/zenodo.1332967"
s41597-025-04605-9.pdf,pymupdf,page_text,7,url,"https://doi.org/10.5281/zenodo.13329670(2024).18.Green,",https://doi.org/10.5281/zenodo.13329670(2024).18.Green,"0.5281/zenodo.13329639(2024).17.Green, C. & Le Houx, J. Zinc-doped Zeolite 13X, Partially Zinc-doped Zeolite 13X, and pure Zeolite 13X X-Ray Powder Diffraction https://doi.org/10.5281/zenodo.13329670(2024).18.Green, C. & Le Houx, J. Zinc Doped Zeolite 13X DIAD X-Ray Computed Tomography - 0.54 micron pixel size https://doi.org/10.5281/zenodo.13349402(2024).19.Green, C. & Le"
s41597-025-04605-9.pdf,pymupdf,page_text,7,url,"https://doi.org/10.5281/zenodo.13349402(2024).19.Green,",https://doi.org/10.5281/zenodo.13349402(2024).19.Green,"raction https://doi.org/10.5281/zenodo.13329670(2024).18.Green, C. & Le Houx, J. Zinc Doped Zeolite 13X DIAD X-Ray Computed Tomography - 0.54 micron pixel size https://doi.org/10.5281/zenodo.13349402(2024).19.Green, C. & Le Houx, J. Zinc Doped Zeolite 13X DIAD X-Ray Computed Tomography - 0.54 micron pixel size RAW https://doi.org/10.5281/zenodo.13329625(2024).20.Green, C."
s41597-025-04605-9.pdf,pymupdf,page_text,7,url,"https://doi.org/10.5281/zenodo.13329625(2024).20.Green,",https://doi.org/10.5281/zenodo.13329625(2024).20.Green,"ize https://doi.org/10.5281/zenodo.13349402(2024).19.Green, C. & Le Houx, J. Zinc Doped Zeolite 13X DIAD X-Ray Computed Tomography - 0.54 micron pixel size RAW https://doi.org/10.5281/zenodo.13329625(2024).20.Green, C. & Le Houx, J. Zinc Doped Zeolite 13X I13-2 X-Ray Computed Tomography - 8-bit Sub-Volumes https://doi.org/10.5281/zenodo.14245751(2024).21.David, E. & Armean"
s41597-025-04605-9.pdf,pymupdf,page_text,7,url,"https://doi.org/10.5281/zenodo.14245751(2024).21.David,",https://doi.org/10.5281/zenodo.14245751(2024).21.David,"el size RAW https://doi.org/10.5281/zenodo.13329625(2024).20.Green, C. & Le Houx, J. Zinc Doped Zeolite 13X I13-2 X-Ray Computed Tomography - 8-bit Sub-Volumes https://doi.org/10.5281/zenodo.14245751(2024).21.David, E. & Armeanu, A. Cr/13X Zeolite and Zn/13X Zeolite Nanocatalysts Used in Pyrolysis of Pretreated Residual Biomass to Produce Bio-Oil with Improved Quality. Nan"
s41597-025-04605-9.pdf,pymupdf,page_text,7,url,"https://doi.org/10.3390/nano12121960(2022).22.Vo,",https://doi.org/10.3390/nano12121960(2022).22.Vo,"13X Zeolite and Zn/13X Zeolite Nanocatalysts Used in Pyrolysis of Pretreated Residual Biomass to Produce Bio-Oil with Improved Quality. Nanomaterials 12, 1960, https://doi.org/10.3390/nano12121960(2022).22.Vo, N. T., Atwood, R. C. & Drakopoulos, M. Radial lens distortion correction with sub-pixel accuracy for X-ray micro-tomography. Optics Express 23, 32859–32868, ht"
s41597-025-04605-9.pdf,pymupdf,page_text,7,url,"https://doi.org/10.1364/OE.23.032859(2015).23.Reinhard,",https://doi.org/10.1364/OE.23.032859(2015).23.Reinhard,"o, N. T., Atwood, R. C. & Drakopoulos, M. Radial lens distortion correction with sub-pixel accuracy for X-ray micro-tomography. Optics Express 23, 32859–32868, https://doi.org/10.1364/OE.23.032859(2015).23.Reinhard, C. et al. Flexible positioning of a large area detector using an industrial robot. Journal of Synchrotron Radiation 29, 1004–1013, https://doi.org/10.1107/S160"
s41597-025-04605-9.pdf,pymupdf,page_text,7,url,"https://doi.org/10.1107/S1600577522006300(2022).24.Green,",https://doi.org/10.1107/S1600577522006300(2022).24.Green,"23.032859(2015).23.Reinhard, C. et al. Flexible positioning of a large area detector using an industrial robot. Journal of Synchrotron Radiation 29, 1004–1013, https://doi.org/10.1107/S1600577522006300(2022).24.Green, C. & Le Houx, J. Zinc Doped Zeolite 13X I13-2 X-Ray Computed Tomography - 2.6 micron pixel size RAW https://doi.org/10.5281/zenodo.13327891(2024).25.Green, C."
s41597-025-04605-9.pdf,pymupdf,page_text,7,url,"https://doi.org/10.5281/zenodo.13327891(2024).25.Green,",https://doi.org/10.5281/zenodo.13327891(2024).25.Green,", https://doi.org/10.1107/S1600577522006300(2022).24.Green, C. & Le Houx, J. Zinc Doped Zeolite 13X I13-2 X-Ray Computed Tomography - 2.6 micron pixel size RAW https://doi.org/10.5281/zenodo.13327891(2024).25.Green, C. & Le Houx, J. Zinc Doped Zeolite 13X I13-2 X-Ray Computed Tomography - 2.6 micron pixel size https://doi.org/10.5281/zenodo.12206815(2024).26.Green, C. & Le"
s41597-025-04605-9.pdf,pymupdf,page_text,7,url,"https://doi.org/10.5281/zenodo.12206815(2024).26.Green,",https://doi.org/10.5281/zenodo.12206815(2024).26.Green,"ize RAW https://doi.org/10.5281/zenodo.13327891(2024).25.Green, C. & Le Houx, J. Zinc Doped Zeolite 13X I13-2 X-Ray Computed Tomography - 2.6 micron pixel size https://doi.org/10.5281/zenodo.12206815(2024).26.Green, C. & Le Houx, J. Zinc Doped Zeolite 13X I13-2 X-Ray Computed Tomography - 1.625 micron pixel size RAW https://doi.org/10.5281/zenodo.13327931(2024).27.Green, C"
s41597-025-04605-9.pdf,pymupdf,page_text,7,url,"https://doi.org/10.5281/zenodo.13327931(2024).27.Green,",https://doi.org/10.5281/zenodo.13327931(2024).27.Green,"e https://doi.org/10.5281/zenodo.12206815(2024).26.Green, C. & Le Houx, J. Zinc Doped Zeolite 13X I13-2 X-Ray Computed Tomography - 1.625 micron pixel size RAW https://doi.org/10.5281/zenodo.13327931(2024).27.Green, C. & Le Houx, J. Zinc Doped Zeolite 13X I13-2 X-Ray Computed Tomography - 1.625 micron pixel size https://doi.org/10.5281/zenodo.13327651(2024).28.Green, C. &"
s41597-025-04605-9.pdf,pymupdf,page_text,7,url,"https://doi.org/10.5281/zenodo.13327651(2024).28.Green,",https://doi.org/10.5281/zenodo.13327651(2024).28.Green,"e RAW https://doi.org/10.5281/zenodo.13327931(2024).27.Green, C. & Le Houx, J. Zinc Doped Zeolite 13X I13-2 X-Ray Computed Tomography - 1.625 micron pixel size https://doi.org/10.5281/zenodo.13327651(2024).28.Green, C. & Le Houx, J. Zinc Doped Zeolite 13X I13-2 X-Ray Computed Tomography - 0.8125 micron pixel size RAW https://doi.org/10.5281/zenodo.13327958(2024).29.Green,"
s41597-025-04605-9.pdf,pymupdf,page_text,7,url,"https://doi.org/10.5281/zenodo.13327958(2024).29.Green,",https://doi.org/10.5281/zenodo.13327958(2024).29.Green,"https://doi.org/10.5281/zenodo.13327651(2024).28.Green, C. & Le Houx, J. Zinc Doped Zeolite 13X I13-2 X-Ray Computed Tomography - 0.8125 micron pixel size RAW https://doi.org/10.5281/zenodo.13327958(2024).29.Green, C. & Le Houx, J. Zinc Doped Zeolite 13X I13-2 X-Ray Computed Tomography - 0.8125 micron pixel size https://doi.org/10.5281/zenodo.13327682(2024).30.Green, C. &"
s41597-025-04605-9.pdf,pymupdf,page_text,7,url,"https://doi.org/10.5281/zenodo.13327682(2024).30.Green,",https://doi.org/10.5281/zenodo.13327682(2024).30.Green,"RAW https://doi.org/10.5281/zenodo.13327958(2024).29.Green, C. & Le Houx, J. Zinc Doped Zeolite 13X I13-2 X-Ray Computed Tomography - 0.8125 micron pixel size https://doi.org/10.5281/zenodo.13327682(2024).30.Green, C. & Le Houx, J. Zinc Doped Zeolite 13X I13-2 X-Ray Computed Tomography - 0.325 micron pixel size RAW https://doi.org/10.5281/zenodo.13327961(2024).31.Green, C"
s41597-025-04605-9.pdf,pymupdf,page_text,7,url,"https://doi.org/10.5281/zenodo.13327961(2024).31.Green,",https://doi.org/10.5281/zenodo.13327961(2024).31.Green,"e https://doi.org/10.5281/zenodo.13327682(2024).30.Green, C. & Le Houx, J. Zinc Doped Zeolite 13X I13-2 X-Ray Computed Tomography - 0.325 micron pixel size RAW https://doi.org/10.5281/zenodo.13327961(2024).31.Green, C. & Le Houx, J. Zinc Doped Zeolite 13X I13-2 X-Ray Computed Tomography - 0.325 micron pixel size https://doi.org/10.5281/zenodo.13327692(2024).Acknowledgement"
s41597-025-04605-9.pdf,pymupdf,page_text,7,url,https://doi.org/10.5281/zenodo.13327692(2024).AcknowledgementsThisworkwas,https://doi.org/10.5281/zenodo.13327692(2024).AcknowledgementsThisworkwas,"e RAW https://doi.org/10.5281/zenodo.13327961(2024).31.Green, C. & Le Houx, J. Zinc Doped Zeolite 13X I13-2 X-Ray Computed Tomography - 0.325 micron pixel size https://doi.org/10.5281/zenodo.13327692(2024).AcknowledgementsThisworkwas part funded by the EPSRC prosperity partnership with Imperial College London: INFUSE, Interface with the Future - Underpinning Science to Support the Energy tr"
s41597-025-04605-9.pdf,pymupdf,page_text,7,url,www.nature.com/reprints.Publisher’s,https://www.nature.com/reprints.Publisher’s,ng interests. Additional information Correspondence and requests for materials should be addressed to C.G. Reprints and permissions information is available at www.nature.com/reprints.Publisher’s note Springer Nature remains neutral with regard to jurisdictional claims in published maps and institutional affiliations.
s41597-025-04605-9.pdf,pymupdf,page_text,8,url,https://doi.org/10.1038/s41597-025-04605-9www.nature.com/scientificdatawww.nature.com/scientificdata/OpenAccessThisarticle,https://doi.org/10.1038/s41597-025-04605-9www.nature.com/scientificdatawww.nature.com/scientificdata/OpenAccessThisarticle,"8 Scientific Data | (2025) 12:329 | https://doi.org/10.1038/s41597-025-04605-9www.nature.com/scientificdatawww.nature.com/scientificdata/OpenAccessThisarticle is licensed under a Creative Commons Attribution 4.0 International License, which permits use, sharing, adaptation, distribution and reproduction in any medium"
s41597-025-04605-9.pdf,pymupdf,page_text,8,url,https://creativecommons.org/licenses/by/4.0/.,https://creativecommons.org/licenses/by/4.0/,"statutory regulation or exceeds the permitted use, you will need to obtain permission directly from the copyright holder. To view a copy of this licence, visit https://creativecommons.org/licenses/by/4.0/. © The Author(s) 2025"
s41597-025-04605-9.pdf,grobid_tei,target,,url,https://github.com/kermitt2/grobid,https://github.com/kermitt2/grobid,
s41597-025-04605-9.pdf,grobid_tei,target,,url,https://doi.org/10.48550/arXiv.2301.11798,https://doi.org/10.48550/arXiv.2301.11798,
s41597-025-04605-9.pdf,grobid_tei,target,,url,https://doi.org/10.32604/iasc.2023.030144,https://doi.org/10.32604/iasc.2023.030144,
s41597-025-04605-9.pdf,grobid_tei,target,,url,https://doi.org/10.1007/s11042-020-08980-w,https://doi.org/10.1007/s11042-020-08980-w,
s41597-025-04605-9.pdf,grobid_tei,target,,url,https://doi.org/10.1002/cnm.3381,https://doi.org/10.1002/cnm.3381,
s41597-025-04605-9.pdf,grobid_tei,target,,url,https://doi.org/10.1038/nmeth.3296,https://doi.org/10.1038/nmeth.3296,
s41597-025-04605-9.pdf,grobid_tei,target,,url,https://doi.org/10.3390/en15145115,https://doi.org/10.3390/en15145115,
s41597-025-04605-9.pdf,grobid_tei,target,,url,https://doi.org/10.1038/s41467-021-26480-9,https://doi.org/10.1038/s41467-021-26480-9,
s41597-025-04605-9.pdf,grobid_tei,target,,url,https://doi.org/10.1002/aenm.202202407,https://doi.org/10.1002/aenm.202202407,
s41597-025-04605-9.pdf,grobid_tei,target,,url,https://doi.org/10.1039/C2EE22647B,https://doi.org/10.1039/C2EE22647B,
s41597-025-04605-9.pdf,grobid_tei,target,,url,https://doi.org/10.1039/F19757101671,https://doi.org/10.1039/F19757101671,
s41597-025-04605-9.pdf,grobid_tei,target,,url,https://doi.org/10.48550/arXiv.1610.08015,https://doi.org/10.48550/arXiv.1610.08015,
s41597-025-04605-9.pdf,grobid_tei,target,,url,https://doi.org/10.1107/S1600577521009875,https://doi.org/10.1107/S1600577521009875,
s41597-025-04605-9.pdf,grobid_tei,target,,url,https://doi.org/10.1107/S1600577515002283,https://doi.org/10.1107/S1600577515002283,
s41597-025-04605-9.pdf,grobid_tei,target,,url,https://doi.org/10.1107/S1600577514013939,https://doi.org/10.1107/S1600577514013939,
s41597-025-04605-9.pdf,grobid_tei,target,,url,https://doi.org/10.1107/S0909049512032864,https://doi.org/10.1107/S0909049512032864,
s41597-025-04605-9.pdf,grobid_tei,target,,url,https://doi.org/10.5281/zenodo.13329639,https://doi.org/10.5281/zenodo.13329639,
s41597-025-04605-9.pdf,grobid_tei,target,,url,https://doi.org/10.5281/zenodo.13329670,https://doi.org/10.5281/zenodo.13329670,
s41597-025-04605-9.pdf,grobid_tei,target,,url,https://doi.org/10.5281/zenodo.13349402,https://doi.org/10.5281/zenodo.13349402,
s41597-025-04605-9.pdf,grobid_tei,target,,url,https://doi.org/10.5281/zenodo.13329625,https://doi.org/10.5281/zenodo.13329625,
s41597-025-04605-9.pdf,grobid_tei,target,,url,https://doi.org/10.5281/zenodo.14245751,https://doi.org/10.5281/zenodo.14245751,
s41597-025-04605-9.pdf,grobid_tei,target,,url,https://doi.org/10.3390/nano12121960,https://doi.org/10.3390/nano12121960,
s41597-025-04605-9.pdf,grobid_tei,target,,url,https://doi.org/10.1364/OE.23.032859,https://doi.org/10.1364/OE.23.032859,
s41597-025-04605-9.pdf,grobid_tei,target,,url,https://doi.org/10.1107/S1600577522006300,https://doi.org/10.1107/S1600577522006300,
s41597-025-04605-9.pdf,grobid_tei,target,,url,https://doi.org/10.5281/zenodo.13327891,https://doi.org/10.5281/zenodo.13327891,
s41597-025-04605-9.pdf,grobid_tei,target,,url,https://doi.org/10.5281/zenodo.12206815,https://doi.org/10.5281/zenodo.12206815,
s41597-025-04605-9.pdf,grobid_tei,target,,url,https://doi.org/10.5281/zenodo.13327931,https://doi.org/10.5281/zenodo.13327931,
s41597-025-04605-9.pdf,grobid_tei,target,,url,https://doi.org/10.5281/zenodo.13327651,https://doi.org/10.5281/zenodo.13327651,
s41597-025-04605-9.pdf,grobid_tei,target,,url,https://doi.org/10.5281/zenodo.13327958,https://doi.org/10.5281/zenodo.13327958,
s41597-025-04605-9.pdf,grobid_tei,target,,url,https://doi.org/10.5281/zenodo.13327682,https://doi.org/10.5281/zenodo.13327682,
s41597-025-04605-9.pdf,grobid_tei,target,,url,https://doi.org/10.5281/zenodo.13327961,https://doi.org/10.5281/zenodo.13327961,
s41597-025-04605-9.pdf,grobid_tei,target,,url,https://doi.org/10.5281/zenodo.13327692,https://doi.org/10.5281/zenodo.13327692,
s41597-025-04605-9.pdf,grobid_tei,idno_doi,,doi,10.1038/s41597-025-04605-9,https://doi.org/10.1038/s41597-025-04605-9,10.1038/s41597-025-04605-9
s41597-025-04605-9.pdf,grobid_tei,full_tei_text,,url,https://doi.org/10.5281/zenodo.13329639asaseriesof.nxsfiles,https://doi.org/10.5281/zenodo.13329639asaseriesof.nxsfiles,ur I13-2 pixel-sizes acquired after being spatially aligned.Processed XRD-CT data for both the Zn and Na phases at a spot size of 25 and 50 μm are available at https://doi.org/10.5281/zenodo.13329639asaseriesof.nxsfiles 16 . The sinograms pre-reconstruction are also included in the same repository as .nxs files. Powder X-ray diffraction data from a Rigaku SmartLab Diffractomet
s41597-025-04605-9.pdf,grobid_tei,full_tei_text,,url,https://doi.org/10.5281/zenodo.1424575120.technicalValidationZn-13XCharacterisation.,https://doi.org/10.5281/zenodo.1424575120.technicalValidationZn-13XCharacterisation,"data that can be downloaded in a shorter amount of time to quickly visualise the data before committing to the larger (>50 GB) files. These can be accessed at https://doi.org/10.5281/zenodo.1424575120.technicalValidationZn-13XCharacterisation. To confirm the existence of zinc in the partially Zn-doped 13X sample used, powder XRD measurements were obtained on both pure-13X, and pure-Zn-13X using a Rig"
s41597-025-04605-9.pdf,grobid_tei,full_tei_text,,url,https://doi.org/10.5281/zenodo.1332963916.Fig.33Fig.3,https://doi.org/10.5281/zenodo.1332963916.Fig.33Fig.3,he reconstructed image shows the Sodium phase in that 25 μm region of the Zn-doped Zeolite 13X sample. The data used to create this figure file number 43322 in https://doi.org/10.5281/zenodo.1332963916.Fig.33Fig.3 Side-by-side images showing the same cross-section of the sample across all four different resolutions on I13-2. Note that the smallest pixel-size of 0.325 μm
s41597-025-04605-9.pdf,grobid_tei,full_tei_text,,url,https://doi.org/10.5281/zenodo.1332796130https://doi.org/10.5281/zenodo.1332769231https://doi.org/10.5281/zenodo.1332789124https://doi.org/10.5281/zenodo.12206815254x1.6254.2,https://doi.org/10.5281/zenodo.1332796130https://doi.org/10.5281/zenodo.1332769231https://doi.org/10.5281/zenodo.1332789124https://doi.org/10.5281/zenodo.12206815254x1.6254.2,processed data.2.5x2.66.7 × 5.613327651 278x0.81252.1 × 1.8https://doi.org/10.5281/zenodo.1332795828https://doi.org/10.5281/zenodo.133276822920x0.3250.83 × 0.7https://doi.org/10.5281/zenodo.1332796130https://doi.org/10.5281/zenodo.1332769231https://doi.org/10.5281/zenodo.1332789124https://doi.org/10.5281/zenodo.12206815254x1.6254.2 × 3.5 https://doi.org/10.5281/zenodo.1332793126https://doi.org/10.5281/zenodo.ScientificData | (2025) 12:329 | https://doi.org/10.1038/s41597-025-04605-9acknow
s41597-025-04605-9.pdf,grobid_tei,full_tei_text,,url,https://doi.org/10.5281/zenodo.1332793126https://doi.org/10.5281/zenodo.ScientificData,https://doi.org/10.5281/zenodo.1332793126https://doi.org/10.5281/zenodo.ScientificData,81/zenodo.1332796130https://doi.org/10.5281/zenodo.1332769231https://doi.org/10.5281/zenodo.1332789124https://doi.org/10.5281/zenodo.12206815254x1.6254.2 × 3.5 https://doi.org/10.5281/zenodo.1332793126https://doi.org/10.5281/zenodo.ScientificData | (2025) 12:329 | https://doi.org/10.1038/s41597-025-04605-9acknowledgementsThisworkwaspartfunded by the EPSRC prosperity partnership with Imperial College Lon
s41597-025-04605-9.pdf,grobid_tei,full_tei_text,,url,https://doi.org/10.1038/s41597-025-04605-9acknowledgementsThisworkwaspartfunded,https://doi.org/10.1038/s41597-025-04605-9acknowledgementsThisworkwaspartfunded,"ps://doi.org/10.5281/zenodo.12206815254x1.6254.2 × 3.5 https://doi.org/10.5281/zenodo.1332793126https://doi.org/10.5281/zenodo.ScientificData | (2025) 12:329 | https://doi.org/10.1038/s41597-025-04605-9acknowledgementsThisworkwaspartfunded by the EPSRC prosperity partnership with Imperial College London: INFUSE, Interface with the Future -Underpinning Science to Support the Energy transition EP/V"
s41597-025-04605-9.pdf,grobid_tei,full_tei_text,,url,https://doi.org/10.48550/arXiv.2301.11798(2023).BrainTumorClassificationUsing,https://doi.org/10.48550/arXiv.2301.11798(2023).BrainTumorClassificationUsing,"ImageSegmentationwithTransformer 2 2023 Wu, J., Fu, R., Fang, H., Zhang, Y. & Xu, Y. MedSegDiff-V2: Diffusion based Medical Image Segmentation with Transformer https://doi.org/10.48550/arXiv.2301.11798(2023).BrainTumorClassificationUsing Image Fusion and EFPA-SVM Classifier P PSivakumar R 10.32604/iasc.2023.030144IntelligentAutomation & Soft Computing 35 2022 P, P. & Sivakumar, R. Brain Tumor C"
s41597-025-04605-9.pdf,grobid_tei,full_tei_text,,url,https://doi.org/10.32604/iasc.2023.030144(2022).MedSRGAN:medicalimagessuper-resolution,https://doi.org/10.32604/iasc.2023.030144(2022).MedSRGAN:medicalimagessuper-resolution,"ing 35 2022 P, P. & Sivakumar, R. Brain Tumor Classification Using Image Fusion and EFPA-SVM Classifier. Intelligent Automation & Soft Computing 35, 2837-2855, https://doi.org/10.32604/iasc.2023.030144(2022).MedSRGAN:medicalimagessuper-resolution using generative adversarial networks YGu 10.1007/s11042-020-08980-wMultimediaToolsandApplications79 2020 Gu, Y. et al. MedSRGAN: medical images super-resoluti"
s41597-025-04605-9.pdf,grobid_tei,full_tei_text,,url,https://doi.org/10.1007/s11042-020-08980-w(2020).Towardsmulti-modaldatafusion,https://doi.org/10.1007/s11042-020-08980-w(2020).Towardsmulti-modaldatafusion,"ations79 2020 Gu, Y. et al. MedSRGAN: medical images super-resolution using generative adversarial networks. Multimedia Tools and Applications 79, 21815-21840, https://doi.org/10.1007/s11042-020-08980-w(2020).Towardsmulti-modaldatafusion for super-resolution and denoising of 4D-Flow MRI IPerez-Raya 10.1002/cnm.3381InternationalJournalforNumericalMethods in Biomedical Engineering 36 2020 Perez-R"
s41597-025-04605-9.pdf,grobid_tei,full_tei_text,,url,https://doi.org/10.1002/cnm.3381(2020).Imagefusionofmass,https://doi.org/10.1002/cnm.3381(2020).Imagefusionofmass,"rds multi-modal data fusion for super-resolution and denoising of 4D-Flow MRI. International Journal for Numerical Methods in Biomedical Engineering 36, e3381, https://doi.org/10.1002/cnm.3381(2020).Imagefusionofmass spectrometry and microscopy: a multimodality paradigm for molecular tissue mapping RVan De Plas JYang JSpraggins RMCaprioli 10.1038/nmeth.3296NatureMethods1220"
s41597-025-04605-9.pdf,grobid_tei,full_tei_text,,url,https://doi.org/10.1038/nmeth.3296(2015).RockCTImageSuper-Resolution,https://doi.org/10.1038/nmeth.3296(2015).RockCTImageSuper-Resolution,"gins, J. & Caprioli, R. M. Image fusion of mass spectrometry and microscopy: a multimodality paradigm for molecular tissue mapping. Nature Methods 12, 366-372, https://doi.org/10.1038/nmeth.3296(2015).RockCTImageSuper-Resolution Using Residual Dual-Channel Attention Generative Adversarial Network LShan CLiu YLiu WKong XHei 10.3390/en15145115Energies152022Shan, L., Liu, C., Liu, Y., Kon"
s41597-025-04605-9.pdf,grobid_tei,full_tei_text,,url,https://doi.org/10.3390/en15145115(2022).Deeplearning-basedsegmentationof,https://doi.org/10.3390/en15145115(2022).Deeplearning-basedsegmentationof,"., Liu, C., Liu, Y., Kong, W. & Hei, X. Rock CT Image Super-Resolution Using Residual Dual-Channel Attention Generative Adversarial Network. Energies 15, 5115, https://doi.org/10.3390/en15145115(2022).Deeplearning-basedsegmentationof lithium-ion battery microstructures enhanced by artificially generated electrodes SMüller 10.1038/s41467-021-26480-9NatureCommunications1262052021 Müller, S. e"
s41597-025-04605-9.pdf,grobid_tei,full_tei_text,,url,https://doi.org/10.1038/s41467-021-26480-9(2021).FusionofComplementary2D,https://doi.org/10.1038/s41467-021-26480-9(2021).FusionofComplementary2D,". et al. Deep learning-based segmentation of lithium-ion battery microstructures enhanced by artificially generated electrodes. Nature Communications 12, 6205, https://doi.org/10.1038/s41467-021-26480-9(2021).FusionofComplementary2D and 3D Mesostructural Datasets Using Generative Adversarial Networks ADahari SKench ISquires SJCooper 10.1002/aenm.202202407AdvancedEnergyMaterials132202407 20"
s41597-025-04605-9.pdf,grobid_tei,full_tei_text,,url,https://doi.org/10.1002/aenm.202202407(2023).CO2capturefromgas,https://doi.org/10.1002/aenm.202202407(2023).CO2capturefromgas,"res, I. & Cooper, S. J. Fusion of Complementary 2D and 3D Mesostructural Datasets Using Generative Adversarial Networks. Advanced Energy Materials 13, 2202407, https://doi.org/10.1002/aenm.202202407(2023).CO2capturefromgas stream by zeolite 13X using a dual-column temperature/vacuum swing adsorption FSu CLu 10.1039/C2EE22647BEnergy & Environmental Science 5 2012 Su, F. & Lu, C. C"
s41597-025-04605-9.pdf,grobid_tei,full_tei_text,,url,https://doi.org/10.1039/C2EE22647B(2012).Ion-exchangeequilibriaofsynthetic,https://doi.org/10.1039/C2EE22647B(2012).Ion-exchangeequilibriaofsynthetic,"u, F. & Lu, C. CO2 capture from gas stream by zeolite 13X using a dual-column temperature/vacuum swing adsorption. Energy & Environmental Science 5, 9021-9027, https://doi.org/10.1039/C2EE22647B(2012).Ion-exchangeequilibriaofsynthetic 13X zeolite with Ni2+, Co2+, Zn2+ and Cd2+ ions IJGal PRadovanov 10.1039/F19757101671JournaloftheChemicalSociety, Faraday Transactions 1 1975 Physical Chemistr"
s41597-025-04605-9.pdf,grobid_tei,full_tei_text,,url,"https://doi.org/10.1039/F19757101671(1975).Savu:APython-based,",https://doi.org/10.1039/F19757101671(1975).Savu:APython-based,"13X zeolite with Ni2+, Co2+, Zn2+ and Cd2+ ions. Journal of the Chemical Society, Faraday Transactions 1: Physical Chemistry in Condensed Phases 71, 1671-1677, https://doi.org/10.1039/F19757101671(1975).Savu:APython-based, MPI Framework for Simultaneous Processing of Multiple, N-dimensional NWadeson MBasham 10.48550/arXiv.1610.080152016LargeTomographyDatasetsWadeson, N. & Basham,"
s41597-025-04605-9.pdf,grobid_tei,full_tei_text,,url,https://doi.org/10.48550/arXiv.1610.08015(2016).BeamlineK11DIAD:a,https://doi.org/10.48550/arXiv.1610.08015(2016).BeamlineK11DIAD:a,"omographyDatasetsWadeson, N. & Basham, M. Savu: A Python-based, MPI Framework for Simultaneous Processing of Multiple, N-dimensional, Large Tomography Datasets https://doi.org/10.48550/arXiv.1610.08015(2016).BeamlineK11DIAD:a new instrument for dual imaging and diffraction at Diamond Light Source CReinhard 10.1107/S1600577521009875JournalofSynchrotronRadiation28 2021 Reinhard, C. et"
s41597-025-04605-9.pdf,grobid_tei,full_tei_text,,url,https://doi.org/10.1107/S1600577521009875(2021).DataAnalysisWorkbeNch(DAWN),https://doi.org/10.1107/S1600577521009875(2021).DataAnalysisWorkbeNch(DAWN),"inhard, C. et al. Beamline K11 DIAD: a new instrument for dual imaging and diffraction at Diamond Light Source. Journal of Synchrotron Radiation 28, 1985-1995, https://doi.org/10.1107/S1600577521009875(2021).DataAnalysisWorkbeNch(DAWN) MBasham 10.1107/S1600577515002283JournalofSynchrotronRadiation22 2015 Basham, M. et al. Data Analysis WorkbeNch (DAWN). Journal of Synchrotron Radiation 22, 85"
s41597-025-04605-9.pdf,grobid_tei,full_tei_text,,url,https://doi.org/10.1107/S1600577515002283(2015).TomoPy:aframeworkfor,https://doi.org/10.1107/S1600577515002283(2015).TomoPy:aframeworkfor,"m 10.1107/S1600577515002283JournalofSynchrotronRadiation22 2015 Basham, M. et al. Data Analysis WorkbeNch (DAWN). Journal of Synchrotron Radiation 22, 853-858, https://doi.org/10.1107/S1600577515002283(2015).TomoPy:aframeworkfor the analysis of synchrotron tomographic data DGürsoy FDe Carlo XXiao CJacobsen 10.1107/S1600577514013939JournalofSynchrotronRadiation21 2014 Gürsoy, D., De Car"
s41597-025-04605-9.pdf,grobid_tei,full_tei_text,,url,https://doi.org/10.1107/S1600577514013939(2014).Regriddingreconstructionalgorithmfor,https://doi.org/10.1107/S1600577514013939(2014).Regriddingreconstructionalgorithmfor,"D., De Carlo, F., Xiao, X. & Jacobsen, C. TomoPy: a framework for the analysis of synchrotron tomographic data. Journal of Synchrotron Radiation 21, 1188-1193, https://doi.org/10.1107/S1600577514013939(2014).Regriddingreconstructionalgorithmfor real-time tomographic imaging FMarone MStampanoni 10.1107/S0909049512032864JournalofSynchrotronRadiation19 2012 Marone, F. & Stampanoni, M. Regridding reconstr"
s41597-025-04605-9.pdf,grobid_tei,full_tei_text,,url,https://doi.org/10.1107/S0909049512032864(2012).ZincDopedZeolite13X,https://doi.org/10.1107/S0909049512032864(2012).ZincDopedZeolite13X,"ation19 2012 Marone, F. & Stampanoni, M. Regridding reconstruction algorithm for real-time tomographic imaging. Journal of Synchrotron Radiation 19, 1029-1037, https://doi.org/10.1107/S0909049512032864(2012).ZincDopedZeolite13X DIAD X-Ray Diffraction Computed Tomography -25 and 50 micron spot-size CGreen JLe Houx 10.5281/zenodo.133296392024Green, C. & Le Houx, J. Zinc Doped Zeolite 13"
s41597-025-04605-9.pdf,grobid_tei,full_tei_text,,url,"https://doi.org/10.5281/zenodo.13329639(2024).CGreenJLeHoux10.5281/zenodo.13329670Zinc-dopedZeolite13X,",https://doi.org/10.5281/zenodo.13329639(2024).CGreenJLeHoux10.5281/zenodo.13329670Zinc-dopedZeolite13X,"Green JLe Houx 10.5281/zenodo.133296392024Green, C. & Le Houx, J. Zinc Doped Zeolite 13X DIAD X-Ray Diffraction Computed Tomography -25 and 50 micron spot-size https://doi.org/10.5281/zenodo.13329639(2024).CGreenJLeHoux10.5281/zenodo.13329670Zinc-dopedZeolite13X, Partially Zinc-doped Zeolite 13X, and pure Zeolite 13X X-Ray Powder Diffraction 2024 Green, C. & Le Houx, J. Zinc-doped Zeolite 13X, Partially Zinc-doped Zeoli"
s41597-025-04605-9.pdf,grobid_tei,full_tei_text,,url,https://doi.org/10.5281/zenodo.13329670(2024).CGreenJLeHoux10.5281/zenodo.13349402ZincDopedZeolite13X,https://doi.org/10.5281/zenodo.13329670(2024).CGreenJLeHoux10.5281/zenodo.13349402ZincDopedZeolite13X,"X X-Ray Powder Diffraction 2024 Green, C. & Le Houx, J. Zinc-doped Zeolite 13X, Partially Zinc-doped Zeolite 13X, and pure Zeolite 13X X-Ray Powder Diffraction https://doi.org/10.5281/zenodo.13329670(2024).CGreenJLeHoux10.5281/zenodo.13349402ZincDopedZeolite13X DIAD X-Ray Computed Tomography -0.54 micron pixel size 2024 Green, C. & Le Houx, J. Zinc Doped Zeolite 13X DIAD X-Ray Computed Tomography -0.54 micron pixel si"
s41597-025-04605-9.pdf,grobid_tei,full_tei_text,,url,https://doi.org/10.5281/zenodo.13349402(2024).CGreenJLeHoux10.5281/zenodo.13329625ZincDopedZeolite13X,https://doi.org/10.5281/zenodo.13349402(2024).CGreenJLeHoux10.5281/zenodo.13329625ZincDopedZeolite13X,"AD X-Ray Computed Tomography -0.54 micron pixel size 2024 Green, C. & Le Houx, J. Zinc Doped Zeolite 13X DIAD X-Ray Computed Tomography -0.54 micron pixel size https://doi.org/10.5281/zenodo.13349402(2024).CGreenJLeHoux10.5281/zenodo.13329625ZincDopedZeolite13X DIAD X-Ray Computed Tomography -0.54 micron pixel size RAW 2024 Green, C. & Le Houx, J. Zinc Doped Zeolite 13X DIAD X-Ray Computed Tomography -0.54 micron pixe"
s41597-025-04605-9.pdf,grobid_tei,full_tei_text,,url,https://doi.org/10.5281/zenodo.13329625(2024).CGreenJLeHoux10.5281/zenodo.14245751ZincDopedZeolite13X,https://doi.org/10.5281/zenodo.13329625(2024).CGreenJLeHoux10.5281/zenodo.14245751ZincDopedZeolite13X,"Computed Tomography -0.54 micron pixel size RAW 2024 Green, C. & Le Houx, J. Zinc Doped Zeolite 13X DIAD X-Ray Computed Tomography -0.54 micron pixel size RAW https://doi.org/10.5281/zenodo.13329625(2024).CGreenJLeHoux10.5281/zenodo.14245751ZincDopedZeolite13X I13-2 X-Ray Computed Tomography -8-bit Sub-Volumes 2024 Green, C. & Le Houx, J. Zinc Doped Zeolite 13X I13-2 X-Ray Computed Tomography -8-bit Sub-Volumes https"
s41597-025-04605-9.pdf,grobid_tei,full_tei_text,,url,https://doi.org/10.5281/zenodo.14245751(2024).Cr/13XZeoliteandZn/13X,https://doi.org/10.5281/zenodo.14245751(2024).Cr/13XZeoliteandZn/13X,"te13X I13-2 X-Ray Computed Tomography -8-bit Sub-Volumes 2024 Green, C. & Le Houx, J. Zinc Doped Zeolite 13X I13-2 X-Ray Computed Tomography -8-bit Sub-Volumes https://doi.org/10.5281/zenodo.14245751(2024).Cr/13XZeoliteandZn/13X Zeolite Nanocatalysts Used in Pyrolysis of Pretreated Residual Biomass to Produce Bio-Oil with Improved Quality EDavid AArmeanu 10.3390/nano12121960Nanomateria"
s41597-025-04605-9.pdf,grobid_tei,full_tei_text,,url,https://doi.org/10.3390/nano12121960(2022).Radiallensdistortioncorrection,https://doi.org/10.3390/nano12121960(2022).Radiallensdistortioncorrection,"13X Zeolite and Zn/13X Zeolite Nanocatalysts Used in Pyrolysis of Pretreated Residual Biomass to Produce Bio-Oil with Improved Quality. Nanomaterials 12, 1960, https://doi.org/10.3390/nano12121960(2022).Radiallensdistortioncorrection with sub-pixel accuracy for X-ray micro-tomography NTVo RCAtwood MDrakopoulos 10.1364/OE.23.032859OpticsExpress232015Vo, N. T., Atwood, R. C. & Drakopoulos, M."
s41597-025-04605-9.pdf,grobid_tei,full_tei_text,,url,https://doi.org/10.1364/OE.23.032859(2015).Flexiblepositioningofa,https://doi.org/10.1364/OE.23.032859(2015).Flexiblepositioningofa,"o, N. T., Atwood, R. C. & Drakopoulos, M. Radial lens distortion correction with sub-pixel accuracy for X-ray micro-tomography. Optics Express 23, 32859-32868, https://doi.org/10.1364/OE.23.032859(2015).Flexiblepositioningofa large area detector using an industrial robot CReinhard 10.1107/S1600577522006300JournalofSynchrotronRadiation29 2022 Reinhard, C. et al. Flexible positioning"
s41597-025-04605-9.pdf,grobid_tei,full_tei_text,,url,https://doi.org/10.1107/S1600577522006300(2022).ZincDopedZeolite13X,https://doi.org/10.1107/S1600577522006300(2022).ZincDopedZeolite13X,"onRadiation29 2022 Reinhard, C. et al. Flexible positioning of a large area detector using an industrial robot. Journal of Synchrotron Radiation 29, 1004-1013, https://doi.org/10.1107/S1600577522006300(2022).ZincDopedZeolite13X I13-2 X-Ray Computed Tomography -2.6 micron pixel size RAW CGreen JLe Houx 10.5281/zenodo.133278912024Green, C. & Le Houx, J. Zinc Doped Zeolite 13X I13-2 X-Ra"
s41597-025-04605-9.pdf,grobid_tei,full_tei_text,,url,https://doi.org/10.5281/zenodo.13327891(2024).ZincDopedZeolite13X,https://doi.org/10.5281/zenodo.13327891(2024).ZincDopedZeolite13X,"l size RAW CGreen JLe Houx 10.5281/zenodo.133278912024Green, C. & Le Houx, J. Zinc Doped Zeolite 13X I13-2 X-Ray Computed Tomography -2.6 micron pixel size RAW https://doi.org/10.5281/zenodo.13327891(2024).ZincDopedZeolite13X I13-2 X-Ray Computed Tomography -2.6 micron pixel size CGreen JLe Houx 10.5281/zenodo.122068152024Green, C. & Le Houx, J. Zinc Doped Zeolite 13X I13-2 X-Ray Co"
s41597-025-04605-9.pdf,grobid_tei,full_tei_text,,url,https://doi.org/10.5281/zenodo.12206815(2024).ZincDopedZeolite13X,https://doi.org/10.5281/zenodo.12206815(2024).ZincDopedZeolite13X,"ron pixel size CGreen JLe Houx 10.5281/zenodo.122068152024Green, C. & Le Houx, J. Zinc Doped Zeolite 13X I13-2 X-Ray Computed Tomography -2.6 micron pixel size https://doi.org/10.5281/zenodo.12206815(2024).ZincDopedZeolite13X I13-2 X-Ray Computed Tomography -1.625 micron pixel size RAW CGreen JLe Houx 10.5281/zenodo.133279312024Green, C. & Le Houx, J. Zinc Doped Zeolite 13X I13-2 X-"
s41597-025-04605-9.pdf,grobid_tei,full_tei_text,,url,https://doi.org/10.5281/zenodo.13327931(2024).ZincDopedZeolite13X,https://doi.org/10.5281/zenodo.13327931(2024).ZincDopedZeolite13X,"size RAW CGreen JLe Houx 10.5281/zenodo.133279312024Green, C. & Le Houx, J. Zinc Doped Zeolite 13X I13-2 X-Ray Computed Tomography -1.625 micron pixel size RAW https://doi.org/10.5281/zenodo.13327931(2024).ZincDopedZeolite13X I13-2 X-Ray Computed Tomography -1.625 micron pixel size CGreen JLe Houx 10.5281/zenodo.133276512024Green, C. & Le Houx, J. Zinc Doped Zeolite 13X I13-2 X-Ray"
s41597-025-04605-9.pdf,grobid_tei,full_tei_text,,url,https://doi.org/10.5281/zenodo.13327651(2024).CGreenJLeHoux10.5281/zenodo.13327958ZincDopedZeolite13X,https://doi.org/10.5281/zenodo.13327651(2024).CGreenJLeHoux10.5281/zenodo.13327958ZincDopedZeolite13X,"n pixel size CGreen JLe Houx 10.5281/zenodo.133276512024Green, C. & Le Houx, J. Zinc Doped Zeolite 13X I13-2 X-Ray Computed Tomography -1.625 micron pixel size https://doi.org/10.5281/zenodo.13327651(2024).CGreenJLeHoux10.5281/zenodo.13327958ZincDopedZeolite13X I13-2 X-Ray Computed Tomography -0.8125 micron pixel size RAW 2024 Green, C. & Le Houx, J. Zinc Doped Zeolite 13X I13-2 X-Ray Computed Tomography -0.8125 micro"
s41597-025-04605-9.pdf,grobid_tei,full_tei_text,,url,https://doi.org/10.5281/zenodo.13327958(2024).CGreenJLeHoux10.5281/zenodo.13327682ZincDopedZeolite13X,https://doi.org/10.5281/zenodo.13327958(2024).CGreenJLeHoux10.5281/zenodo.13327682ZincDopedZeolite13X,"uted Tomography -0.8125 micron pixel size RAW 2024 Green, C. & Le Houx, J. Zinc Doped Zeolite 13X I13-2 X-Ray Computed Tomography -0.8125 micron pixel size RAW https://doi.org/10.5281/zenodo.13327958(2024).CGreenJLeHoux10.5281/zenodo.13327682ZincDopedZeolite13X I13-2 X-Ray Computed Tomography -0.8125 micron pixel size 2024 Green, C. & Le Houx, J. Zinc Doped Zeolite 13X I13-2 X-Ray Computed Tomography -0.8125 micron pi"
s41597-025-04605-9.pdf,grobid_tei,full_tei_text,,url,https://doi.org/10.5281/zenodo.13327682(2024).CGreenJLeHoux10.5281/zenodo.13327961ZincDopedZeolite13X,https://doi.org/10.5281/zenodo.13327682(2024).CGreenJLeHoux10.5281/zenodo.13327961ZincDopedZeolite13X,"Ray Computed Tomography -0.8125 micron pixel size 2024 Green, C. & Le Houx, J. Zinc Doped Zeolite 13X I13-2 X-Ray Computed Tomography -0.8125 micron pixel size https://doi.org/10.5281/zenodo.13327682(2024).CGreenJLeHoux10.5281/zenodo.13327961ZincDopedZeolite13X I13-2 X-Ray Computed Tomography -0.325 micron pixel size RAW 2024 Green, C. & Le Houx, J. Zinc Doped Zeolite 13X I13-2 X-Ray Computed Tomography -0.325 micron"
s41597-025-04605-9.pdf,grobid_tei,full_tei_text,,url,https://doi.org/10.5281/zenodo.13327961(2024).CGreenJLeHoux10.5281/zenodo.13327692ZincDopedZeolite13X,https://doi.org/10.5281/zenodo.13327961(2024).CGreenJLeHoux10.5281/zenodo.13327692ZincDopedZeolite13X,"mputed Tomography -0.325 micron pixel size RAW 2024 Green, C. & Le Houx, J. Zinc Doped Zeolite 13X I13-2 X-Ray Computed Tomography -0.325 micron pixel size RAW https://doi.org/10.5281/zenodo.13327961(2024).CGreenJLeHoux10.5281/zenodo.13327692ZincDopedZeolite13X I13-2 X-Ray Computed Tomography -0.325 micron pixel size 2024 Green, C. & Le Houx, J. Zinc Doped Zeolite 13X I13-2 X-Ray Computed Tomography -0.325 micron pixe"
s41597-025-04605-9.pdf,grobid_tei,full_tei_text,,url,https://doi.org/10.5281/zenodo.13327692(2024).,https://doi.org/10.5281/zenodo.13327692(2024),"X-Ray Computed Tomography -0.325 micron pixel size 2024 Green, C. & Le Houx, J. Zinc Doped Zeolite 13X I13-2 X-Ray Computed Tomography -0.325 micron pixel size https://doi.org/10.5281/zenodo.13327692(2024)."
s41597-025-04605-9.pdf,grobid_tei,full_tei_text,,doi,10.1038/s41597-025-04605-9Received:7October2024;Accepted:,https://doi.org/10.1038/s41597-025-04605-9Received:7October2024;Accepted,"ence and Innovation Campus OX11 0RA Didcot UK three-dimensional, multimodal synchrotron data for machine learning applications 798BA3DC958BF88B2E35E2FC67806CC7 10.1038/s41597-025-04605-9Received:7October2024;Accepted: 7 February 2025; GROBID - A machine learning software for extracting information from scholarly documents Machine learning techniques are being increasingly ap"
s41597-025-04605-9.pdf,grobid_tei,full_tei_text,,doi,10.48550/arXiv.2301.11798MedicalImageSegmentationwithTransformer,https://doi.org/10.48550/arXiv.2301.11798MedicalImageSegmentationwithTransformer,"nd all authors reviewed and contributed to the manuscript. Competing interestsThe authors declare no competing interests. JWu RFu HFang YZhang YXu Medsegdiff-V 10.48550/arXiv.2301.11798MedicalImageSegmentationwithTransformer 2 2023 Wu, J., Fu, R., Fang, H., Zhang, Y. & Xu, Y. MedSegDiff-V2: Diffusion based Medical Image Segmentation with Transformer https://doi.org/10.48550/arXiv.2"
s41597-025-04605-9.pdf,grobid_tei,full_tei_text,,doi,10.32604/iasc.2023.030144IntelligentAutomation,https://doi.org/10.32604/iasc.2023.030144IntelligentAutomation,"Segmentation with Transformer https://doi.org/10.48550/arXiv.2301.11798(2023).BrainTumorClassificationUsing Image Fusion and EFPA-SVM Classifier P PSivakumar R 10.32604/iasc.2023.030144IntelligentAutomation & Soft Computing 35 2022 P, P. & Sivakumar, R. Brain Tumor Classification Using Image Fusion and EFPA-SVM Classifier. Intelligent Automation & Soft Computing 3"
s41597-025-04605-9.pdf,grobid_tei,full_tei_text,,doi,10.1007/s11042-020-08980-wMultimediaToolsandApplications79,https://doi.org/10.1007/s11042-020-08980-wMultimediaToolsandApplications79,"Soft Computing 35, 2837-2855, https://doi.org/10.32604/iasc.2023.030144(2022).MedSRGAN:medicalimagessuper-resolution using generative adversarial networks YGu 10.1007/s11042-020-08980-wMultimediaToolsandApplications79 2020 Gu, Y. et al. MedSRGAN: medical images super-resolution using generative adversarial networks. Multimedia Tools and Applications 79, 21815-21840, https://"
s41597-025-04605-9.pdf,grobid_tei,full_tei_text,,doi,10.1002/cnm.3381InternationalJournalforNumericalMethods,https://doi.org/10.1002/cnm.3381InternationalJournalforNumericalMethods,"ns 79, 21815-21840, https://doi.org/10.1007/s11042-020-08980-w(2020).Towardsmulti-modaldatafusion for super-resolution and denoising of 4D-Flow MRI IPerez-Raya 10.1002/cnm.3381InternationalJournalforNumericalMethods in Biomedical Engineering 36 2020 Perez-Raya, I. et al. Towards multi-modal data fusion for super-resolution and denoising of 4D-Flow MRI. International Journa"
s41597-025-04605-9.pdf,grobid_tei,full_tei_text,,doi,10.1038/nmeth.3296NatureMethods122015Van,https://doi.org/10.1038/nmeth.3296NatureMethods122015Van,"02/cnm.3381(2020).Imagefusionofmass spectrometry and microscopy: a multimodality paradigm for molecular tissue mapping RVan De Plas JYang JSpraggins RMCaprioli 10.1038/nmeth.3296NatureMethods122015Van de Plas, R., Yang, J., Spraggins, J. & Caprioli, R. M. Image fusion of mass spectrometry and microscopy: a multimodality paradigm for molecular tissue mapping."
s41597-025-04605-9.pdf,grobid_tei,full_tei_text,,doi,"10.3390/en15145115Energies152022Shan,",https://doi.org/10.3390/en15145115Energies152022Shan,"://doi.org/10.1038/nmeth.3296(2015).RockCTImageSuper-Resolution Using Residual Dual-Channel Attention Generative Adversarial Network LShan CLiu YLiu WKong XHei 10.3390/en15145115Energies152022Shan, L., Liu, C., Liu, Y., Kong, W. & Hei, X. Rock CT Image Super-Resolution Using Residual Dual-Channel Attention Generative Adversarial Network. Energies 15, 5115"
s41597-025-04605-9.pdf,grobid_tei,full_tei_text,,doi,10.1038/s41467-021-26480-9NatureCommunications1262052021,https://doi.org/10.1038/s41467-021-26480-9NatureCommunications1262052021,"s://doi.org/10.3390/en15145115(2022).Deeplearning-basedsegmentationof lithium-ion battery microstructures enhanced by artificially generated electrodes SMüller 10.1038/s41467-021-26480-9NatureCommunications1262052021 Müller, S. et al. Deep learning-based segmentation of lithium-ion battery microstructures enhanced by artificially generated electrodes. Nature Communications"
s41597-025-04605-9.pdf,grobid_tei,full_tei_text,,doi,10.1002/aenm.202202407AdvancedEnergyMaterials132202407,https://doi.org/10.1002/aenm.202202407AdvancedEnergyMaterials132202407,"/10.1038/s41467-021-26480-9(2021).FusionofComplementary2D and 3D Mesostructural Datasets Using Generative Adversarial Networks ADahari SKench ISquires SJCooper 10.1002/aenm.202202407AdvancedEnergyMaterials132202407 2023 Dahari, A., Kench, S., Squires, I. & Cooper, S. J. Fusion of Complementary 2D and 3D Mesostructural Datasets Using Generative Adversarial Networks. Advanc"
s41597-025-04605-9.pdf,grobid_tei,full_tei_text,,doi,10.1039/C2EE22647BEnergy,https://doi.org/10.1039/C2EE22647BEnergy,", 2202407, https://doi.org/10.1002/aenm.202202407(2023).CO2capturefromgas stream by zeolite 13X using a dual-column temperature/vacuum swing adsorption FSu CLu 10.1039/C2EE22647BEnergy & Environmental Science 5 2012 Su, F. & Lu, C. CO2 capture from gas stream by zeolite 13X using a dual-column temperature/vacuum swing adsorption. Energy & Env"
s41597-025-04605-9.pdf,grobid_tei,full_tei_text,,doi,"10.1039/F19757101671JournaloftheChemicalSociety,",https://doi.org/10.1039/F19757101671JournaloftheChemicalSociety,"ience 5, 9021-9027, https://doi.org/10.1039/C2EE22647B(2012).Ion-exchangeequilibriaofsynthetic 13X zeolite with Ni2+, Co2+, Zn2+ and Cd2+ ions IJGal PRadovanov 10.1039/F19757101671JournaloftheChemicalSociety, Faraday Transactions 1 1975 Physical Chemistry in Condensed Phases Gal, I. J. & Radovanov, P. Ion-exchange equilibria of synthetic 13X zeolite with Ni2+, Co2+,"
s41597-025-04605-9.pdf,grobid_tei,full_tei_text,,doi,"10.48550/arXiv.1610.080152016LargeTomographyDatasetsWadeson,",https://doi.org/10.48550/arXiv.1610.080152016LargeTomographyDatasetsWadeson,"1671-1677, https://doi.org/10.1039/F19757101671(1975).Savu:APython-based, MPI Framework for Simultaneous Processing of Multiple, N-dimensional NWadeson MBasham 10.48550/arXiv.1610.080152016LargeTomographyDatasetsWadeson, N. & Basham, M. Savu: A Python-based, MPI Framework for Simultaneous Processing of Multiple, N-dimensional, Large Tomography Datasets https://doi.org/10.48550/"
s41597-025-04605-9.pdf,grobid_tei,full_tei_text,,doi,10.1107/S1600577521009875JournalofSynchrotronRadiation28,https://doi.org/10.1107/S1600577521009875JournalofSynchrotronRadiation28,"hy Datasets https://doi.org/10.48550/arXiv.1610.08015(2016).BeamlineK11DIAD:a new instrument for dual imaging and diffraction at Diamond Light Source CReinhard 10.1107/S1600577521009875JournalofSynchrotronRadiation28 2021 Reinhard, C. et al. Beamline K11 DIAD: a new instrument for dual imaging and diffraction at Diamond Light Source. Journal of Synchrotron Radiation 28, 198"
s41597-025-04605-9.pdf,grobid_tei,full_tei_text,,doi,10.1107/S1600577515002283JournalofSynchrotronRadiation22,https://doi.org/10.1107/S1600577515002283JournalofSynchrotronRadiation22,"on at Diamond Light Source. Journal of Synchrotron Radiation 28, 1985-1995, https://doi.org/10.1107/S1600577521009875(2021).DataAnalysisWorkbeNch(DAWN) MBasham 10.1107/S1600577515002283JournalofSynchrotronRadiation22 2015 Basham, M. et al. Data Analysis WorkbeNch (DAWN). Journal of Synchrotron Radiation 22, 853-858, https://doi.org/10.1107/S1600577515002283(2015).TomoPy:afr"
s41597-025-04605-9.pdf,grobid_tei,full_tei_text,,doi,10.1107/S1600577514013939JournalofSynchrotronRadiation21,https://doi.org/10.1107/S1600577514013939JournalofSynchrotronRadiation21,"2, 853-858, https://doi.org/10.1107/S1600577515002283(2015).TomoPy:aframeworkfor the analysis of synchrotron tomographic data DGürsoy FDe Carlo XXiao CJacobsen 10.1107/S1600577514013939JournalofSynchrotronRadiation21 2014 Gürsoy, D., De Carlo, F., Xiao, X. & Jacobsen, C. TomoPy: a framework for the analysis of synchrotron tomographic data. Journal of Synchrotron Radiation 2"
s41597-025-04605-9.pdf,grobid_tei,full_tei_text,,doi,10.1107/S0909049512032864JournalofSynchrotronRadiation19,https://doi.org/10.1107/S0909049512032864JournalofSynchrotronRadiation19,"Radiation 21, 1188-1193, https://doi.org/10.1107/S1600577514013939(2014).Regriddingreconstructionalgorithmfor real-time tomographic imaging FMarone MStampanoni 10.1107/S0909049512032864JournalofSynchrotronRadiation19 2012 Marone, F. & Stampanoni, M. Regridding reconstruction algorithm for real-time tomographic imaging. Journal of Synchrotron Radiation 19, 1029-1037, https:/"
s41597-025-04605-9.pdf,grobid_tei,full_tei_text,,doi,"10.5281/zenodo.133296392024Green,",https://doi.org/10.5281/zenodo.133296392024Green,"037, https://doi.org/10.1107/S0909049512032864(2012).ZincDopedZeolite13X DIAD X-Ray Diffraction Computed Tomography -25 and 50 micron spot-size CGreen JLe Houx 10.5281/zenodo.133296392024Green, C. & Le Houx, J. Zinc Doped Zeolite 13X DIAD X-Ray Diffraction Computed Tomography -25 and 50 micron spot-size https://doi.org/10.5281/zenodo.13329639(2024).CG"
s41597-025-04605-9.pdf,grobid_tei,full_tei_text,,doi,"10.3390/nano12121960Nanomaterials121960.2022David,",https://doi.org/10.3390/nano12121960Nanomaterials121960.2022David,"51(2024).Cr/13XZeoliteandZn/13X Zeolite Nanocatalysts Used in Pyrolysis of Pretreated Residual Biomass to Produce Bio-Oil with Improved Quality EDavid AArmeanu 10.3390/nano12121960Nanomaterials121960.2022David, E. & Armeanu, A. Cr/13X Zeolite and Zn/13X Zeolite Nanocatalysts Used in Pyrolysis of Pretreated Residual Biomass to Produce Bio-Oil with Improved Quality. Nan"
s41597-025-04605-9.pdf,grobid_tei,full_tei_text,,doi,"10.1364/OE.23.032859OpticsExpress232015Vo,",https://doi.org/10.1364/OE.23.032859OpticsExpress232015Vo,", 1960, https://doi.org/10.3390/nano12121960(2022).Radiallensdistortioncorrection with sub-pixel accuracy for X-ray micro-tomography NTVo RCAtwood MDrakopoulos 10.1364/OE.23.032859OpticsExpress232015Vo, N. T., Atwood, R. C. & Drakopoulos, M. Radial lens distortion correction with sub-pixel accuracy for X-ray micro-tomography. Optics Express 23, 32859-32868, ht"
s41597-025-04605-9.pdf,grobid_tei,full_tei_text,,doi,10.1107/S1600577522006300JournalofSynchrotronRadiation29,https://doi.org/10.1107/S1600577522006300JournalofSynchrotronRadiation29,"aphy. Optics Express 23, 32859-32868, https://doi.org/10.1364/OE.23.032859(2015).Flexiblepositioningofa large area detector using an industrial robot CReinhard 10.1107/S1600577522006300JournalofSynchrotronRadiation29 2022 Reinhard, C. et al. Flexible positioning of a large area detector using an industrial robot. Journal of Synchrotron Radiation 29, 1004-1013, https://doi.o"
s41597-025-04605-9.pdf,grobid_tei,full_tei_text,,doi,"10.5281/zenodo.133278912024Green,",https://doi.org/10.5281/zenodo.133278912024Green,"n 29, 1004-1013, https://doi.org/10.1107/S1600577522006300(2022).ZincDopedZeolite13X I13-2 X-Ray Computed Tomography -2.6 micron pixel size RAW CGreen JLe Houx 10.5281/zenodo.133278912024Green, C. & Le Houx, J. Zinc Doped Zeolite 13X I13-2 X-Ray Computed Tomography -2.6 micron pixel size RAW https://doi.org/10.5281/zenodo.13327891(2024).ZincDopedZeoli"
s41597-025-04605-9.pdf,grobid_tei,full_tei_text,,doi,"10.5281/zenodo.122068152024Green,",https://doi.org/10.5281/zenodo.122068152024Green,"micron pixel size RAW https://doi.org/10.5281/zenodo.13327891(2024).ZincDopedZeolite13X I13-2 X-Ray Computed Tomography -2.6 micron pixel size CGreen JLe Houx 10.5281/zenodo.122068152024Green, C. & Le Houx, J. Zinc Doped Zeolite 13X I13-2 X-Ray Computed Tomography -2.6 micron pixel size https://doi.org/10.5281/zenodo.12206815(2024).ZincDopedZeolite13"
s41597-025-04605-9.pdf,grobid_tei,full_tei_text,,doi,"10.5281/zenodo.133279312024Green,",https://doi.org/10.5281/zenodo.133279312024Green,"icron pixel size https://doi.org/10.5281/zenodo.12206815(2024).ZincDopedZeolite13X I13-2 X-Ray Computed Tomography -1.625 micron pixel size RAW CGreen JLe Houx 10.5281/zenodo.133279312024Green, C. & Le Houx, J. Zinc Doped Zeolite 13X I13-2 X-Ray Computed Tomography -1.625 micron pixel size RAW https://doi.org/10.5281/zenodo.13327931(2024).ZincDopedZeo"
s41597-025-04605-9.pdf,grobid_tei,full_tei_text,,doi,"10.5281/zenodo.133276512024Green,",https://doi.org/10.5281/zenodo.133276512024Green,"icron pixel size RAW https://doi.org/10.5281/zenodo.13327931(2024).ZincDopedZeolite13X I13-2 X-Ray Computed Tomography -1.625 micron pixel size CGreen JLe Houx 10.5281/zenodo.133276512024Green, C. & Le Houx, J. Zinc Doped Zeolite 13X I13-2 X-Ray Computed Tomography -1.625 micron pixel size https://doi.org/10.5281/zenodo.13327651(2024).CGreenJLeHoux10."
s41597-026-06866-4_reference.pdf,pymupdf,page_text,1,url,https://doi.org/10.1038/s41597-026-06866-4Received:26September2025Accepted:,https://doi.org/10.1038/s41597-026-06866-4Received:26September2025Accepted,"ARTICLE IN PRESS ARTICLE IN PRESS https://doi.org/10.1038/s41597-026-06866-4Received:26September2025Accepted: 6 February 2026 Cite this article as: Wang, T., Zhang, X., Shan, M. et al. Global 0.05° Grid- Based Dataset of Keyhole Imagery with Spatio-Temporal Indicators"
s41597-026-06866-4_reference.pdf,pymupdf,page_text,1,url,"https://doi.org/10.1038/s41597-026-06866-4TaoWang,",https://doi.org/10.1038/s41597-026-06866-4TaoWang,"icle as: Wang, T., Zhang, X., Shan, M. et al. Global 0.05° Grid- Based Dataset of Keyhole Imagery with Spatio-Temporal Indicators (1960–1984). Sci Data (2026). https://doi.org/10.1038/s41597-026-06866-4TaoWang, Xinle Zhang, Mulin Shan, Mingyuan Deng, Jiaheng Wang, Huanjun Liu, Hao Li & Jinyu Sun We are providing an unedited version of this manuscript to give early acc"
s41597-026-06866-4_reference.pdf,pymupdf,page_text,1,url,https://creativecommons.org/licenses/by/4.0/.Scientific,https://creativecommons.org/licenses/by/4.0/.Scientific,"statutory regulation or exceeds the permitted use, you will need to obtain permission directly from the copyright holder. To view a copy of this licence, visit https://creativecommons.org/licenses/by/4.0/.Scientific Data Article in Press Global 0.05° Grid-Based Dataset of Keyhole Imagery with Spatio-Temporal Indicators (1960–1984)"
s41597-026-06866-4_reference.pdf,pymupdf,page_text,4,url,https://doi.org/10.6084/m9.figshare.30017944)thatcharacterizesthespatio-temporal,https://doi.org/10.6084/m9.figshare.30017944)thatcharacterizesthespatio-temporal,"l Keyhole imagery in underrepresented regions. In this work we developed a global dataset (KRIST, Keyhole Reconnaissance Imagery Spatio- Temporal coverage[28], https://doi.org/10.6084/m9.figshare.30017944)thatcharacterizesthespatio-temporal coverage of Keyhole imagery from 1960–1984 including free and full dataset. Built on a regular 0.05° global grid of more than 25 million points, the dataset in"
s41597-026-06866-4_reference.pdf,pymupdf,page_text,5,url,https://earthexplorer.usgs.gov/).Particularly,https://earthexplorer.usgs.gov/).Particularly,"g. Both of free and full Keyhole imagery footprints including attributes were retrieved from the United States Geological Survey (USGS) EarthExplorer platform (https://earthexplorer.usgs.gov/).Particularly the free dataset was downloaded using the “free download” filter. There were 62,715 and 1,429,665 scenes in free and full datasets globally between 1960 and 19"
s41597-026-06866-4_reference.pdf,pymupdf,page_text,5,url,"https://doi.org/10.5066/F78P5XZM).Theseconddataset(Declass2,",https://doi.org/10.5066/F78P5XZM).Theseconddataset(Declass2,"ataset (Declass 1, D1) includes early reconnaissance missions such as KH-1, KH-2, KH-3, KH-4, KH-4A, KH-4B, KH-5, and the KH-6, operated between 1960 and 1972 (https://doi.org/10.5066/F78P5XZM).Theseconddataset(Declass2, D2) contains the KH-7 system with resolutions of approximately 2–4 feet, together with the low-resolution KH-9 system (KH-9L, 20–30 feet), acquired between 197"
s41597-026-06866-4_reference.pdf,pymupdf,page_text,5,url,"https://doi.org/10.5066/F74X5684).Thethirddataset(Declass3,",https://doi.org/10.5066/F74X5684).Thethirddataset(Declass3,"s the KH-7 system with resolutions of approximately 2–4 feet, together with the low-resolution KH-9 system (KH-9L, 20–30 feet), acquired between 1971 and 1984 (https://doi.org/10.5066/F74X5684).Thethirddataset(Declass3, D3) consists of the high-resolution KH- 9 series (KH-9H, 2–4 feet), collected between 1971 and 1984 (https://doi.org/10.5066/F7WD3Z10).TheduplicateKH-9Limages("
s41597-026-06866-4_reference.pdf,pymupdf,page_text,5,url,https://doi.org/10.5066/F7WD3Z10).TheduplicateKH-9Limages(20~30,https://doi.org/10.5066/F7WD3Z10).TheduplicateKH-9Limages(20~30,"ttps://doi.org/10.5066/F74X5684).Thethirddataset(Declass3, D3) consists of the high-resolution KH- 9 series (KH-9H, 2–4 feet), collected between 1971 and 1984 (https://doi.org/10.5066/F7WD3Z10).TheduplicateKH-9Limages(20~30 feet) in D3 which are already included in D2 are deleted (294 images in free dataset and 943 images in full dataset). Because the attribute tables of D1, D2 an"
s41597-026-06866-4_reference.pdf,pymupdf,page_text,8,url,https://earthexplorer.usgs.gov/scene/metadata/full/5e7c41f3ffaaf662/D3C1201-100004A040/;,https://earthexplorer.usgs.gov/scene/metadata/full/5e7c41f3ffaaf662/D3C1201-100004A040/,"cene_detail attribute. This field stores a semicolon-delimited list of all intersecting scenes, with each entry containing the USGS metadata URL For instance, ‘https://earthexplorer.usgs.gov/scene/metadata/full/5e7c41f3ffaaf662/D3C1201-100004A040/; https://earthexplorer.usgs.gov/scene/metadata/full/5e7c41f3ffaaf662/D3C1201-100004F039/’"
s41597-026-06866-4_reference.pdf,pymupdf,page_text,8,url,https://earthexplorer.usgs.gov/scene/metadata/full/5e7c41f3ffaaf662/D3C1201-100004F039/’,https://earthexplorer.usgs.gov/scene/metadata/full/5e7c41f3ffaaf662/D3C1201-100004F039/’,"cenes, with each entry containing the USGS metadata URL For instance, ‘https://earthexplorer.usgs.gov/scene/metadata/full/5e7c41f3ffaaf662/D3C1201-100004A040/; https://earthexplorer.usgs.gov/scene/metadata/full/5e7c41f3ffaaf662/D3C1201-100004F039/’"
s41597-026-06866-4_reference.pdf,pymupdf,page_text,12,url,https://earthexplorer.usgs.gov/scene/metadata/full/5e7c41f3ffaaf662/D3C1201-100004A017/Table,https://earthexplorer.usgs.gov/scene/metadata/full/5e7c41f3ffaaf662/D3C1201-100004A017/Table,"dardized resolution class (C1, C2, C3) C1 Polygon ID Unique index for each footprint polygon 1418 Metadata URL Link to full USGS metadata and thumbnail preview https://earthexplorer.usgs.gov/scene/metadata/full/5e7c41f3ffaaf662/D3C1201-100004A017/Table 4. Attributes of imagery footprint layers (from classification_free/full.gpkg). Field name Type Unit Description point_id Integer — Unique identifier for each"
s41597-026-06866-4_reference.pdf,pymupdf,page_text,21,url,https://doi.org/10.6084/m9.figshare.30017944),https://doi.org/10.6084/m9.figshare.30017944,nitoring and offering new opportunities to integrate past and present Earth observation data. Code Availability The processing codes are available on Figshare (https://doi.org/10.6084/m9.figshare.30017944) [28] . Data Availability The data are available on Figshare (https://doi.org/10.6084/m9.figshare.30017944) [28] . Author contributions Hao Li and Jinyu Sun des
s41597-026-06866-4_reference.pdf,pymupdf,page_text,21,url,"https://doi.org/10.1080/01402398408437182(1984).2.Fowler,",https://doi.org/10.1080/01402398408437182(1984).2.Fowler,"of artificial intelligence (AI)–based language tools. References 1. Richelson, J., The keyhole satellite program. Journal of Strategic Studies, 7(2), 121-153. https://doi.org/10.1080/01402398408437182(1984).2.Fowler, M.J., Declassified intelligence satellite photographs, in Archaeology from historical aerial and satellite archives. 2012, Springer. p. 47-66. 3. Contreras, D."
s41597-026-06866-4_reference.pdf,pymupdf,page_text,21,url,"https://doi.org/10.1179/009346910X12707320296838(2010).4.Bateman,",https://doi.org/10.1179/009346910X12707320296838(2010).4.Bateman,"The utility of publicly-available satellite imagery for investigating looting of archaeological sites in Jordan. Journal of Field Archaeology, 35(1), 101-114. https://doi.org/10.1179/009346910X12707320296838(2010).4.Bateman, A., Secret partners: the national reconnaissance office and the intelligence-industrial-"
s41597-026-06866-4_reference.pdf,pymupdf,page_text,22,url,"https://doi.org/10.1080/02684527.2023.2219013(2023).5.Wulder,",https://doi.org/10.1080/02684527.2023.2219013(2023).5.Wulder,"ARTICLE IN PRESS ARTICLE IN PRESS academic complex. Intelligence and National Security, 38(6), 885-901. https://doi.org/10.1080/02684527.2023.2219013(2023).5.Wulder, M.A., et al., Current status of Landsat program, science, and applications. Remote Sensing of Environment, 225, 127-147. https://doi.org/10.1016/j.rse.2019.02."
s41597-026-06866-4_reference.pdf,pymupdf,page_text,22,url,"https://doi.org/10.1016/j.rse.2019.02.015(2019).6.Qian,",https://doi.org/10.1016/j.rse.2019.02.015(2019).6.Qian,"/02684527.2023.2219013(2023).5.Wulder, M.A., et al., Current status of Landsat program, science, and applications. Remote Sensing of Environment, 225, 127-147. https://doi.org/10.1016/j.rse.2019.02.015(2019).6.Qian, S.-E., Overview of Hyperspectral Imaging Remote Sensing from Satellites, in Advances in Hyperspectral Image Processing Techniques. 2022. p. 41-66. 7. Olariu, B"
s41597-026-06866-4_reference.pdf,pymupdf,page_text,22,url,"https://doi.org/10.3390/rs14112593(2022).8.Song,",https://doi.org/10.3390/rs14112593(2022).8.Song,", et al., Forest Habitat Fragmentation in Mountain Protected Areas Using Historical Corona KH-9 and Sentinel-2 Satellite Imagery. Remote Sensing, 14(11), 2593. https://doi.org/10.3390/rs14112593(2022).8.Song, D.-X., et al., Use of Landsat and Corona data for mapping forest cover change from the mid- 1960s to 2000s: Case studies from the Eastern United States and Cen"
s41597-026-06866-4_reference.pdf,pymupdf,page_text,22,url,"https://doi.org/https://doi.org/10.1016/j.isprsjprs.2014.09.005(2015).9.Li,",https://doi.org/https://doi.org/10.1016/j.isprsjprs.2014.09.005(2015).9.Li,"e from the mid- 1960s to 2000s: Case studies from the Eastern United States and Central Brazil. ISPRS Journal of Photogrammetry and Remote Sensing, 103, 81-92. https://doi.org/https://doi.org/10.1016/j.isprsjprs.2014.09.005(2015).9.Li, K., et al., Long-term gully dynamics over cropland in the black soil area of China based on systematic sampling. Soil and Tillage Research, 244, 106273. https:"
s41597-026-06866-4_reference.pdf,pymupdf,page_text,22,url,"https://doi.org/10.1016/j.still.2024.106273(2024).10.Shahbandeh,",https://doi.org/10.1016/j.still.2024.106273(2024).10.Shahbandeh,".9.Li, K., et al., Long-term gully dynamics over cropland in the black soil area of China based on systematic sampling. Soil and Tillage Research, 244, 106273. https://doi.org/10.1016/j.still.2024.106273(2024).10.Shahbandeh, M., D. Kaim, and J. Kozak, Using CORONA Imagery to Study Land Use and Land Cover Change—A Review of Applications. Remote Sensing, 15(11), 2793. https://doi.org"
s41597-026-06866-4_reference.pdf,pymupdf,page_text,22,url,"https://doi.org/10.3390/rs15112793(2023).11.Hammer,",https://doi.org/10.3390/rs15112793(2023).11.Hammer,".10.Shahbandeh, M., D. Kaim, and J. Kozak, Using CORONA Imagery to Study Land Use and Land Cover Change—A Review of Applications. Remote Sensing, 15(11), 2793. https://doi.org/10.3390/rs15112793(2023).11.Hammer, E., M. FitzPatrick, and J. Ur, Succeeding CORONA: declassified HEXAGON intelligence imagery for archaeological and historical research. Antiquity, 96(387), 679"
s41597-026-06866-4_reference.pdf,pymupdf,page_text,22,url,"https://doi.org/10.15184/aqy.2022.22(2022).12.Storozum,",https://doi.org/10.15184/aqy.2022.22(2022).12.Storozum,". FitzPatrick, and J. Ur, Succeeding CORONA: declassified HEXAGON intelligence imagery for archaeological and historical research. Antiquity, 96(387), 679-695. https://doi.org/10.15184/aqy.2022.22(2022).12.Storozum, M., et al., Mapping the Medieval Wall System of China and Mongolia: A Multi-Method Approach. Land, 10(10), 997. https://doi.org/10.3390/land10100997(2021).13.G"
s41597-026-06866-4_reference.pdf,pymupdf,page_text,22,url,"https://doi.org/10.3390/land10100997(2021).13.Gussone,",https://doi.org/10.3390/land10100997(2021).13.Gussone,"doi.org/10.15184/aqy.2022.22(2022).12.Storozum, M., et al., Mapping the Medieval Wall System of China and Mongolia: A Multi-Method Approach. Land, 10(10), 997. https://doi.org/10.3390/land10100997(2021).13.Gussone, M., M.J. Fowler, and A. Schneider, al-Hira through the keyhole–Settlement research in al- Hira/Najaf, Iraq using declassified HEXAGON satellite imagery. AARGne"
s41597-026-06866-4_reference.pdf,pymupdf,page_text,22,url,"https://doi.org/10.1126/sciadv.aav7266(2019).15.Bhattacharya,",https://doi.org/10.1126/sciadv.aav7266(2019).15.Bhattacharya,"AARGnews, 67, 52-66. (2023). 14. Maurer, J.M., et al., Acceleration of ice loss across the Himalayas over the past 40 years. Science Advances, 5(6), eaav7266. https://doi.org/10.1126/sciadv.aav7266(2019).15.Bhattacharya, A., et al., High Mountain Asian glacier response to climate revealed by multi-temporal satellite observations since the 1960s. Nature Communications, 12(1), 41"
s41597-026-06866-4_reference.pdf,pymupdf,page_text,22,url,"https://doi.org/10.1038/s41467-021-24180-y(2021).16.Guo,",https://doi.org/10.1038/s41467-021-24180-y(2021).16.Guo,"et al., High Mountain Asian glacier response to climate revealed by multi-temporal satellite observations since the 1960s. Nature Communications, 12(1), 4133. https://doi.org/10.1038/s41467-021-24180-y(2021).16.Guo, L., et al., A new inventory of High Mountain Asia surging glaciers derived from multiple elevation datasets since the 1970s. Earth Syst. Sci. Data, 15(7), 2841"
s41597-026-06866-4_reference.pdf,pymupdf,page_text,22,url,"https://doi.org/10.5194/essd-15-2841-2023(2023).17.Okur,",https://doi.org/10.5194/essd-15-2841-2023(2023).17.Okur,"al., A new inventory of High Mountain Asia surging glaciers derived from multiple elevation datasets since the 1970s. Earth Syst. Sci. Data, 15(7), 2841-2861. https://doi.org/10.5194/essd-15-2841-2023(2023).17.Okur, H., M.K. Erturaç, and K. Nicoll, Geomorphic changes and socio-environmental impacts of recent sand mining in the Sakarya River, NW Turkey. The Anthropocene Rev"
s41597-026-06866-4_reference.pdf,pymupdf,page_text,22,url,"https://doi.org/10.1177/2053019623121848(2024).18.Apostolopoulos,",https://doi.org/10.1177/2053019623121848(2024).18.Apostolopoulos,"d K. Nicoll, Geomorphic changes and socio-environmental impacts of recent sand mining in the Sakarya River, NW Turkey. The Anthropocene Review, 11(3), 525-549. https://doi.org/10.1177/2053019623121848(2024).18.Apostolopoulos, D.N. and K.G. Nikolakopoulos, Assessment of the shoreline evolution using the CORONA declassified images. A case study in the north of Ilia prefecture, Pelopon"
s41597-026-06866-4_reference.pdf,pymupdf,page_text,22,url,https://doi.org/10.1117/1.JRS.16.022205(2022).,https://doi.org/10.1117/1.JRS.16.022205(2022),"tion using the CORONA declassified images. A case study in the north of Ilia prefecture, Peloponnese, Greece. Journal of Applied Remote Sensing, 16(2), 022205. https://doi.org/10.1117/1.JRS.16.022205(2022)."
s41597-026-06866-4_reference.pdf,pymupdf,page_text,23,url,"https://doi.org/10.1007/s11852-023-00932-4(2023).20.Wang,",https://doi.org/10.1007/s11852-023-00932-4(2023).20.Wang,"kudi tombolo in South India: insights from integrated analysis of early cartographic documents and satellite images. Journal of Coastal Conservation, 27(1), 3. https://doi.org/10.1007/s11852-023-00932-4(2023).20.Wang, Z., et al., Mapping long-term surface water dynamics by integrating fine resolution binary maps and medium resolution fraction series. Journal of Hydrology, 66"
s41597-026-06866-4_reference.pdf,pymupdf,page_text,23,url,"https://doi.org/10.1016/j.jhydrol.2025.133555(2025).21.Liu,",https://doi.org/10.1016/j.jhydrol.2025.133555(2025).21.Liu,", Mapping long-term surface water dynamics by integrating fine resolution binary maps and medium resolution fraction series. Journal of Hydrology, 661, 133555. https://doi.org/10.1016/j.jhydrol.2025.133555(2025).21.Liu, W., et al., A Deep-Learning Workflow for CORONA-Based Historical Land Use Classifications. IEEE Journal of Selected Topics in Applied Earth Observations and Re"
s41597-026-06866-4_reference.pdf,pymupdf,page_text,23,url,"https://doi.org/10.1109/JSTARS.2025.3582789(2025).22.Goward,",https://doi.org/10.1109/JSTARS.2025.3582789(2025).22.Goward,"kflow for CORONA-Based Historical Land Use Classifications. IEEE Journal of Selected Topics in Applied Earth Observations and Remote Sensing, 18, 16066- 16080. https://doi.org/10.1109/JSTARS.2025.3582789(2025).22.Goward, S.N., et al., Landsat orbital repeat frequency and cloud contamination: A case study for eastern united states. Photogrammetric Engineering Remote Sensing, 85("
s41597-026-06866-4_reference.pdf,pymupdf,page_text,23,url,"https://doi.org/10.14358/PERS.85.2.109(2019).23.CaddellJr,",https://doi.org/10.14358/PERS.85.2.109(2019).23.CaddellJr,", Landsat orbital repeat frequency and cloud contamination: A case study for eastern united states. Photogrammetric Engineering Remote Sensing, 85(2), 109-118. https://doi.org/10.14358/PERS.85.2.109(2019).23.CaddellJr, J.W., Corona over Cuba: the Missile Crisis and the early limitations of satellite imagery intelligence. Intelligence National Security, 31(3), 416-438. https:/"
s41597-026-06866-4_reference.pdf,pymupdf,page_text,23,url,"https://doi.org/10.1080/02684527.2015.1005495(2016).24.Li,",https://doi.org/10.1080/02684527.2015.1005495(2016).24.Li,"dellJr, J.W., Corona over Cuba: the Missile Crisis and the early limitations of satellite imagery intelligence. Intelligence National Security, 31(3), 416-438. https://doi.org/10.1080/02684527.2015.1005495(2016).24.Li, H., T. Wang, and J. Sun, The Applicability of a Complete Archive of Keyhole Imagery for Land- Use Change Detection in China (1960–1984). Sensors, 25(10), 3147."
s41597-026-06866-4_reference.pdf,pymupdf,page_text,23,url,"https://doi.org/10.3390/s25103147(2025).25.Li,",https://doi.org/10.3390/s25103147(2025).25.Li,"H., T. Wang, and J. Sun, The Applicability of a Complete Archive of Keyhole Imagery for Land- Use Change Detection in China (1960–1984). Sensors, 25(10), 3147. https://doi.org/10.3390/s25103147(2025).25.Li, H., et al., Spatial heterogeneity of keyhole imagery coverage in China and imagery dataset cost estimation. Scientific Reports, 15(1), 202. https://doi.org/10."
s41597-026-06866-4_reference.pdf,pymupdf,page_text,23,url,"https://doi.org/10.1038/s41598-024-81566-w(2025).26.Roy,",https://doi.org/10.1038/s41598-024-81566-w(2025).26.Roy,"103147(2025).25.Li, H., et al., Spatial heterogeneity of keyhole imagery coverage in China and imagery dataset cost estimation. Scientific Reports, 15(1), 202. https://doi.org/10.1038/s41598-024-81566-w(2025).26.Roy, D.P., et al., A global analysis of the temporal availability of PlanetScope high spatial resolution multi-spectral imagery. Remote Sensing of Environment, 264,"
s41597-026-06866-4_reference.pdf,pymupdf,page_text,23,url,"https://doi.org/10.1016/j.rse.2021.112586(2021).27.Liu,",https://doi.org/10.1016/j.rse.2021.112586(2021).27.Liu,"al., A global analysis of the temporal availability of PlanetScope high spatial resolution multi-spectral imagery. Remote Sensing of Environment, 264, 112586. https://doi.org/10.1016/j.rse.2021.112586(2021).27.Liu, D. and S. Cai, A spatial-temporal modeling approach to reconstructing land-cover change trajectories from multi-temporal satellite imagery. Annals of the Assoc"
s41597-026-06866-4_reference.pdf,pymupdf,page_text,23,url,"https://doi.org/10.1080/00045608.2011.596357(2012).28.Li,",https://doi.org/10.1080/00045608.2011.596357(2012).28.Li,"h to reconstructing land-cover change trajectories from multi-temporal satellite imagery. Annals of the Association of American Geographers, 102(6), 1329-1347. https://doi.org/10.1080/00045608.2011.596357(2012).28.Li, H., Keyhole Reconnaissance Imagery Spatio-Temporal coverage. figshare. https://doi.org/10.6084/m9.figshare.30017944(2025).29.Burnett, M., HEXAGON mapping camer"
s41597-026-06866-4_reference.pdf,pymupdf,page_text,23,url,"https://doi.org/10.6084/m9.figshare.30017944(2025).29.Burnett,",https://doi.org/10.6084/m9.figshare.30017944(2025).29.Burnett,"eographers, 102(6), 1329-1347. https://doi.org/10.1080/00045608.2011.596357(2012).28.Li, H., Keyhole Reconnaissance Imagery Spatio-Temporal coverage. figshare. https://doi.org/10.6084/m9.figshare.30017944(2025).29.Burnett, M., HEXAGON mapping camera program and evolution. 1982, Chantilly (VA): Center for the Study of National Reconnaissance. 30. Dehecq, A., et al., Automated proc"
s41597-026-06866-4_reference.pdf,pymupdf,page_text,23,url,"https://doi.org/10.3389/feart.2020.566802(2020).31.Kovalskyy,",https://doi.org/10.3389/feart.2020.566802(2020).31.Kovalskyy,"Automated processing of declassified KH-9 hexagon satellite images for global elevation change analysis since the 1970s. Frontiers in Earth Science, 8, 566802. https://doi.org/10.3389/feart.2020.566802(2020).31.Kovalskyy, V. and D.P. Roy, The global availability of Landsat 5 TM and Landsat 7 ETM+ land surface observations and implications for global 30m Landsat data product gene"
s41597-026-06866-4_reference.pdf,pymupdf,page_text,23,url,"https://doi.org/10.1016/j.rse.2012.12.003(2013).32.Hoffmann,",https://doi.org/10.1016/j.rse.2012.12.003(2013).32.Hoffmann,"5 TM and Landsat 7 ETM+ land surface observations and implications for global 30m Landsat data product generation. Remote Sensing of Environment, 130, 280-293. https://doi.org/10.1016/j.rse.2012.12.003(2013).32.Hoffmann, P., et al., High-resolution land use and land cover dataset for regional climate modelling: historical and future changes in Europe. Earth Syst. Sci. Data, 15("
s41597-026-06866-4_reference.pdf,pymupdf,page_text,23,url,"https://doi.org/10.5194/essd-15-3819-2023(2023).33.Scarpelli,",https://doi.org/10.5194/essd-15-3819-2023(2023).33.Scarpelli,"gh-resolution land use and land cover dataset for regional climate modelling: historical and future changes in Europe. Earth Syst. Sci. Data, 15(8), 3819-3852. https://doi.org/10.5194/essd-15-3819-2023(2023).33.Scarpelli, T.R., et al., A global gridded (0.1° × 0.1°) inventory of methane emissions from oil, gas, and"
s41597-026-06866-4_reference.pdf,pymupdf,page_text,24,url,"https://doi.org/10.5194/essd-12-563-2020(2020).34.Bayram,",https://doi.org/10.5194/essd-12-563-2020(2020).34.Bayram,"TICLE IN PRESS coal exploitation based on national reports to the United Nations Framework Convention on Climate Change. Earth Syst. Sci. Data, 12(1), 563-575. https://doi.org/10.5194/essd-12-563-2020(2020).34.Bayram, B., et al., Coastline change detection using CORONA, SPOT and IRS 1D images. International Archives of Photogrammetry Remote Sensing, 35(B7), 437-441. (2004)."
s41597-026-06866-4_reference.pdf,grobid_tei,target,,url,https://github.com/kermitt2/grobid,https://github.com/kermitt2/grobid,
s41597-026-06866-4_reference.pdf,grobid_tei,target,,url,https://doi.org/10.1080/01402398408437182,https://doi.org/10.1080/01402398408437182,
s41597-026-06866-4_reference.pdf,grobid_tei,target,,url,https://doi.org/10.1179/009346910X12707320296838,https://doi.org/10.1179/009346910X12707320296838,
s41597-026-06866-4_reference.pdf,grobid_tei,target,,url,https://doi.org/10.1080/02684527.2023.2219013,https://doi.org/10.1080/02684527.2023.2219013,
s41597-026-06866-4_reference.pdf,grobid_tei,target,,url,https://doi.org/10.1016/j.rse.2019.02.015,https://doi.org/10.1016/j.rse.2019.02.015,
s41597-026-06866-4_reference.pdf,grobid_tei,target,,url,https://doi.org/10.3390/rs14112593,https://doi.org/10.3390/rs14112593,
s41597-026-06866-4_reference.pdf,grobid_tei,target,,url,https://doi.org/https://doi.org/10.1016/j.isprsjprs.2014.09.005,https://doi.org/https://doi.org/10.1016/j.isprsjprs.2014.09.005,
s41597-026-06866-4_reference.pdf,grobid_tei,target,,url,https://doi.org/10.1016/j.still.2024.106273,https://doi.org/10.1016/j.still.2024.106273,
s41597-026-06866-4_reference.pdf,grobid_tei,target,,url,https://doi.org/10.3390/rs15112793,https://doi.org/10.3390/rs15112793,
s41597-026-06866-4_reference.pdf,grobid_tei,target,,url,https://doi.org/10.15184/aqy.2022.22,https://doi.org/10.15184/aqy.2022.22,
s41597-026-06866-4_reference.pdf,grobid_tei,target,,url,https://doi.org/10.3390/land10100997,https://doi.org/10.3390/land10100997,
s41597-026-06866-4_reference.pdf,grobid_tei,target,,url,https://doi.org/10.1126/sciadv.aav7266,https://doi.org/10.1126/sciadv.aav7266,
s41597-026-06866-4_reference.pdf,grobid_tei,target,,url,https://doi.org/10.1038/s41467-021-24180-y,https://doi.org/10.1038/s41467-021-24180-y,
s41597-026-06866-4_reference.pdf,grobid_tei,target,,url,https://doi.org/10.5194/essd-15-2841-2023,https://doi.org/10.5194/essd-15-2841-2023,
s41597-026-06866-4_reference.pdf,grobid_tei,target,,url,https://doi.org/10.1177/2053019623121848,https://doi.org/10.1177/2053019623121848,
s41597-026-06866-4_reference.pdf,grobid_tei,target,,url,https://doi.org/10.1117/1.JRS.16.022205,https://doi.org/10.1117/1.JRS.16.022205,
s41597-026-06866-4_reference.pdf,grobid_tei,target,,url,https://doi.org/10.1007/s11852-023-00932-4,https://doi.org/10.1007/s11852-023-00932-4,
s41597-026-06866-4_reference.pdf,grobid_tei,target,,url,https://doi.org/10.1016/j.jhydrol.2025.133555,https://doi.org/10.1016/j.jhydrol.2025.133555,
s41597-026-06866-4_reference.pdf,grobid_tei,target,,url,https://doi.org/10.1109/JSTARS.2025.3582789,https://doi.org/10.1109/JSTARS.2025.3582789,
s41597-026-06866-4_reference.pdf,grobid_tei,target,,url,https://doi.org/10.14358/PERS.85.2.109,https://doi.org/10.14358/PERS.85.2.109,
s41597-026-06866-4_reference.pdf,grobid_tei,target,,url,https://doi.org/10.1080/02684527.2015.1005495,https://doi.org/10.1080/02684527.2015.1005495,
s41597-026-06866-4_reference.pdf,grobid_tei,target,,url,https://doi.org/10.3390/s25103147,https://doi.org/10.3390/s25103147,
s41597-026-06866-4_reference.pdf,grobid_tei,target,,url,https://doi.org/10.1038/s41598-024-81566-w,https://doi.org/10.1038/s41598-024-81566-w,
s41597-026-06866-4_reference.pdf,grobid_tei,target,,url,https://doi.org/10.1016/j.rse.2021.112586,https://doi.org/10.1016/j.rse.2021.112586,
s41597-026-06866-4_reference.pdf,grobid_tei,target,,url,https://doi.org/10.1080/00045608.2011.596357,https://doi.org/10.1080/00045608.2011.596357,
s41597-026-06866-4_reference.pdf,grobid_tei,target,,url,https://doi.org/10.3389/feart.2020.566802,https://doi.org/10.3389/feart.2020.566802,
s41597-026-06866-4_reference.pdf,grobid_tei,target,,url,https://doi.org/10.1016/j.rse.2012.12.003,https://doi.org/10.1016/j.rse.2012.12.003,
s41597-026-06866-4_reference.pdf,grobid_tei,target,,url,https://doi.org/10.5194/essd-15-3819-2023,https://doi.org/10.5194/essd-15-3819-2023,
s41597-026-06866-4_reference.pdf,grobid_tei,idno_doi,,doi,10.1038/s41597-026-06866-4,https://doi.org/10.1038/s41597-026-06866-4,10.1038/s41597-026-06866-4
s41597-026-06866-4_reference.pdf,grobid_tei,idno_doi,,doi,10.1016/j.isprsjprs.2014.09.005,https://doi.org/10.1016/j.isprsjprs.2014.09.005,10.1016/j.isprsjprs.2014.09.005
s41597-026-06866-4_reference.pdf,grobid_tei,full_tei_text,,url,https://doi.org/10.6084/m9.figshare.30017944)thatcharacterizesthespatio-dataset,https://doi.org/10.6084/m9.figshare.30017944)thatcharacterizesthespatio-dataset,"l Keyhole imagery in underrepresented regions.In this work we developed a global dataset (KRIST, Keyhole Reconnaissance Imagery Spatio-Temporal coverage [28] , https://doi.org/10.6084/m9.figshare.30017944)thatcharacterizesthespatio-dataset delivers the first globally consistent framework for evaluating Keyhole imagery coverage across space, time, and resolution. KRIST is intended to lower barrier"
s41597-026-06866-4_reference.pdf,grobid_tei,full_tei_text,,url,https://earthexplorer.usgs.gov/scene/metadata/full/5e7c41f3ffaaf662/D3C1201-100004F039/,https://earthexplorer.usgs.gov/scene/metadata/full/5e7c41f3ffaaf662/D3C1201-100004F039/,"cenes, with each entry containing the USGS metadata URL For instance, 'https://earthexplorer.usgs.gov/scene/metadata/full/5e7c41f3ffaaf662/D3C1201-100004A040/; https://earthexplorer.usgs.gov/scene/metadata/full/5e7c41f3ffaaf662/D3C1201-100004F039/' Temporal segmentation and coverage classification. To assess temporal heterogeneity, the full observation record (1960-1984) was divided into five standardize"
s41597-026-06866-4_reference.pdf,grobid_tei,full_tei_text,,url,"https://doi.org/10.1080/01402398408437182(1984).Declassifiedintelligencesatellitephotographs,",https://doi.org/10.1080/01402398408437182(1984).Declassifiedintelligencesatellitephotographs,"Richelson 10.1080/01402398408437182JournalofStrategicStudies7 2 1984 Richelson, J., The keyhole satellite program. Journal of Strategic Studies, 7(2), 121-153. https://doi.org/10.1080/01402398408437182(1984).Declassifiedintelligencesatellitephotographs, in Archaeology from historical aerial and satellite archives MJFowler 2012 Springer Fowler, M.J., Declassified intelligence satellite photographs, in Archaeolo"
s41597-026-06866-4_reference.pdf,grobid_tei,full_tei_text,,url,https://doi.org/10.1179/009346910X12707320296838(2010).Secretpartners:thenational,https://doi.org/10.1179/009346910X12707320296838(2010).Secretpartners:thenational,"The utility of publicly-available satellite imagery for investigating looting of archaeological sites in Jordan. Journal of Field Archaeology, 35(1), 101-114. https://doi.org/10.1179/009346910X12707320296838(2010).Secretpartners:thenational reconnaissance office and the intelligence-industrial-academic complex ABateman 10.1080/02684527.2023.2219013IntelligenceandNationalSecurity38 6 2023 Bateman,"
s41597-026-06866-4_reference.pdf,grobid_tei,full_tei_text,,url,https://doi.org/10.1080/02684527.2023.2219013(2023).CurrentstatusofLandsat,https://doi.org/10.1080/02684527.2023.2219013(2023).CurrentstatusofLandsat,"A., Secret partners: the national reconnaissance office and the intelligence-industrial- academic complex. Intelligence and National Security, 38(6), 885-901. https://doi.org/10.1080/02684527.2023.2219013(2023).CurrentstatusofLandsat program, science, and applications MAWulder 10.1016/j.rse.2019.02.0152019225RemoteSensingof Environment Wulder, M.A., et al., Current status of Landsat program"
s41597-026-06866-4_reference.pdf,grobid_tei,full_tei_text,,url,https://doi.org/10.1016/j.rse.2019.02.015(2019).OverviewofHyperspectralImaging,https://doi.org/10.1016/j.rse.2019.02.015(2019).OverviewofHyperspectralImaging,"225RemoteSensingof Environment Wulder, M.A., et al., Current status of Landsat program, science, and applications. Remote Sensing of Environment, 225, 127-147. https://doi.org/10.1016/j.rse.2019.02.015(2019).OverviewofHyperspectralImaging Remote Sensing from Satellites S.-EQian Advances in Hyperspectral Image Processing Techniques 2022 Qian, S.-E., Overview of Hyperspectral Imaging Remote Sensin"
s41597-026-06866-4_reference.pdf,grobid_tei,full_tei_text,,url,https://doi.org/10.3390/rs14112593(2022).UseofLandsatand,https://doi.org/10.3390/rs14112593(2022).UseofLandsatand,", et al., Forest Habitat Fragmentation in Mountain Protected Areas Using Historical Corona KH-9 and Sentinel-2 Satellite Imagery. Remote Sensing, 14(11), 2593. https://doi.org/10.3390/rs14112593(2022).UseofLandsatand Corona data for mapping forest cover change from the mid-1960s to 2000s: Case studies from the Eastern United States and Central Brazil D.-XSong 10.1016/j.ispr"
s41597-026-06866-4_reference.pdf,grobid_tei,full_tei_text,,url,https://doi.org/https://doi.org/10.1016/j.isprsjprs.2014.09.005(2015).Long-termgullydynamicsover,https://doi.org/https://doi.org/10.1016/j.isprsjprs.2014.09.005(2015).Long-termgullydynamicsover,"e from the mid- 1960s to 2000s: Case studies from the Eastern United States and Central Brazil. ISPRS Journal of Photogrammetry and Remote Sensing, 103, 81-92. https://doi.org/https://doi.org/10.1016/j.isprsjprs.2014.09.005(2015).Long-termgullydynamicsover cropland in the black soil area of China based on systematic sampling KLi 10.1016/j.still.2024.106273SoilandTillageResearch244 106273 2024 Li, K., et al., Long"
s41597-026-06866-4_reference.pdf,grobid_tei,full_tei_text,,url,https://doi.org/10.1016/j.still.2024.106273(2024).UsingCORONAImageryto,https://doi.org/10.1016/j.still.2024.106273(2024).UsingCORONAImageryto,"24 Li, K., et al., Long-term gully dynamics over cropland in the black soil area of China based on systematic sampling. Soil and Tillage Research, 244, 106273. https://doi.org/10.1016/j.still.2024.106273(2024).UsingCORONAImageryto Study Land Use and Land Cover Change-A Review of Applications MShahbandeh DKaim JKozak 10.3390/rs15112793RemoteSensing15112793 2023 Shahbandeh, M., D. Kaim, an"
s41597-026-06866-4_reference.pdf,grobid_tei,full_tei_text,,url,https://doi.org/10.3390/rs15112793(2023).SucceedingCORONA:declassifiedHEXAGON,https://doi.org/10.3390/rs15112793(2023).SucceedingCORONA:declassifiedHEXAGON,"023 Shahbandeh, M., D. Kaim, and J. Kozak, Using CORONA Imagery to Study Land Use and Land Cover Change-A Review of Applications. Remote Sensing, 15(11), 2793. https://doi.org/10.3390/rs15112793(2023).SucceedingCORONA:declassifiedHEXAGON intelligence imagery for archaeological and historical research EHammer MFitzpatrick JUr 10.15184/aqy.2022.22Antiquity963872022Hammer, E., M. FitzPatrick, and"
s41597-026-06866-4_reference.pdf,grobid_tei,full_tei_text,,url,https://doi.org/10.15184/aqy.2022.22(2022).MappingtheMedievalWall,https://doi.org/10.15184/aqy.2022.22(2022).MappingtheMedievalWall,". FitzPatrick, and J. Ur, Succeeding CORONA: declassified HEXAGON intelligence imagery for archaeological and historical research. Antiquity, 96(387), 679-695. https://doi.org/10.15184/aqy.2022.22(2022).MappingtheMedievalWall System of China and Mongolia: A Multi-Method Approach MStorozum 10.3390/land10100997202110997LandStorozum, M., et al., Mapping the Medieval Wall System of Chin"
s41597-026-06866-4_reference.pdf,grobid_tei,full_tei_text,,url,https://doi.org/10.3390/land10100997(2021).al-Hirathroughthekeyhole-Settlement,https://doi.org/10.3390/land10100997(2021).al-Hirathroughthekeyhole-Settlement,"ozum 10.3390/land10100997202110997LandStorozum, M., et al., Mapping the Medieval Wall System of China and Mongolia: A Multi-Method Approach. Land, 10(10), 997. https://doi.org/10.3390/land10100997(2021).al-Hirathroughthekeyhole-Settlement research in al-Hira/Najaf, Iraq using declassified HEXAGON satellite imagery MGussone MJFowler ASchneider AARGnews 67 2023 Gussone, M., M.J. Fowler, and A. Sch"
s41597-026-06866-4_reference.pdf,grobid_tei,full_tei_text,,url,https://doi.org/10.1126/sciadv.aav7266(2019).HighMountainAsianglacier,https://doi.org/10.1126/sciadv.aav7266(2019).HighMountainAsianglacier,"iadv.aav7266ScienceAdvances562019 Maurer, J.M., et al., Acceleration of ice loss across the Himalayas over the past 40 years. Science Advances, 5(6), eaav7266. https://doi.org/10.1126/sciadv.aav7266(2019).HighMountainAsianglacier response to climate revealed by multi-temporal satellite observations since the 1960s ABhattacharya 10.1038/s41467-021-24180-yNatureCommunications1214133 2021"
s41597-026-06866-4_reference.pdf,grobid_tei,full_tei_text,,url,https://doi.org/10.1038/s41467-021-24180-y(2021).Anewinventoryof,https://doi.org/10.1038/s41467-021-24180-y(2021).Anewinventoryof,"et al., High Mountain Asian glacier response to climate revealed by multi-temporal satellite observations since the 1960s. Nature Communications, 12(1), 4133. https://doi.org/10.1038/s41467-021-24180-y(2021).Anewinventoryof High Mountain Asia surging glaciers derived from multiple elevation datasets since the 1970s LGuo 10.5194/essd-15-2841-2023EarthSyst.Sci.Data15 7 2023 Guo, L.,"
s41597-026-06866-4_reference.pdf,grobid_tei,full_tei_text,,url,https://doi.org/10.5194/essd-15-2841-2023(2023).Geomorphicchangesandsocio-environmental,https://doi.org/10.5194/essd-15-2841-2023(2023).Geomorphicchangesandsocio-environmental,"al., A new inventory of High Mountain Asia surging glaciers derived from multiple elevation datasets since the 1970s. Earth Syst. Sci. Data, 15(7), 2841-2861. https://doi.org/10.5194/essd-15-2841-2023(2023).Geomorphicchangesandsocio-environmental impacts of recent sand mining in the Sakarya River, NW Turkey HOkur MKErturaç KNicoll 10.1177/2053019623121848TheAnthropoceneReview113 2024 Okur, H., M.K. Ertu"
s41597-026-06866-4_reference.pdf,grobid_tei,full_tei_text,,url,https://doi.org/10.1177/2053019623121848(2024).Assessmentoftheshoreline,https://doi.org/10.1177/2053019623121848(2024).Assessmentoftheshoreline,"d K. Nicoll, Geomorphic changes and socio-environmental impacts of recent sand mining in the Sakarya River, NW Turkey. The Anthropocene Review, 11(3), 525-549. https://doi.org/10.1177/2053019623121848(2024).Assessmentoftheshoreline evolution using the CORONA declassified images. A case study in the north of Ilia prefecture, Peloponnese, Greece DNApostolopoulos KGNikolakopoulos 10.1117/1.J"
s41597-026-06866-4_reference.pdf,grobid_tei,full_tei_text,,url,https://doi.org/10.1117/1.JRS.16.022205(2022).LateHolocenemorphodynamicevolution,https://doi.org/10.1117/1.JRS.16.022205(2022).LateHolocenemorphodynamicevolution,"tion using the CORONA declassified images. A case study in the north of Ilia prefecture, Peloponnese, Greece. Journal of Applied Remote Sensing, 16(2), 022205. https://doi.org/10.1117/1.JRS.16.022205(2022).LateHolocenemorphodynamicevolution of Thamirabarani delta and Thoothukudi tombolo in South India: insights from integrated analysis of early cartographic documents and satellite images EGupta MB"
s41597-026-06866-4_reference.pdf,grobid_tei,full_tei_text,,url,https://doi.org/10.1007/s11852-023-00932-4(2023).Mappinglong-termsurfacewater,https://doi.org/10.1007/s11852-023-00932-4(2023).Mappinglong-termsurfacewater,"kudi tombolo in South India: insights from integrated analysis of early cartographic documents and satellite images. Journal of Coastal Conservation, 27(1), 3. https://doi.org/10.1007/s11852-023-00932-4(2023).Mappinglong-termsurfacewater dynamics by integrating fine resolution binary maps and medium resolution fraction series ZWang 10.1016/j.jhydrol.2025.133555JournalofHydrology661133555 2025 W"
s41597-026-06866-4_reference.pdf,grobid_tei,full_tei_text,,url,https://doi.org/10.1016/j.jhydrol.2025.133555(2025).ADeep-LearningWorkflowfor,https://doi.org/10.1016/j.jhydrol.2025.133555(2025).ADeep-LearningWorkflowfor,", Mapping long-term surface water dynamics by integrating fine resolution binary maps and medium resolution fraction series. Journal of Hydrology, 661, 133555. https://doi.org/10.1016/j.jhydrol.2025.133555(2025).ADeep-LearningWorkflowfor CORONA-Based Historical Land Use Classifications WLiu 10.1109/JSTARS.2025.3582789IEEEJournalofSelectedTopics in Applied Earth Observations and Remote Sensing 1"
s41597-026-06866-4_reference.pdf,grobid_tei,full_tei_text,,url,https://doi.org/10.1109/JSTARS.2025.3582789(2025).Landsatorbitalrepeatfrequency,https://doi.org/10.1109/JSTARS.2025.3582789(2025).Landsatorbitalrepeatfrequency,"kflow for CORONA-Based Historical Land Use Classifications. IEEE Journal of Selected Topics in Applied Earth Observations and Remote Sensing, 18, 16066- 16080. https://doi.org/10.1109/JSTARS.2025.3582789(2025).Landsatorbitalrepeatfrequency and cloud contamination: A case study for eastern united states SNGoward 10.14358/PERS.85.2.109PhotogrammetricEngineeringRemoteSensing85 2 2019 Goward, S.N., e"
s41597-026-06866-4_reference.pdf,grobid_tei,full_tei_text,,url,https://doi.org/10.14358/PERS.85.2.109(2019).CoronaoverCuba:the,https://doi.org/10.14358/PERS.85.2.109(2019).CoronaoverCuba:the,", Landsat orbital repeat frequency and cloud contamination: A case study for eastern united states. Photogrammetric Engineering Remote Sensing, 85(2), 109-118. https://doi.org/10.14358/PERS.85.2.109(2019).CoronaoverCuba:the Missile Crisis and the early limitations of satellite imagery intelligence JWCaddellJr 10.1080/02684527.2015.1005495IntelligenceNationalSecurity313 2016 Caddel"
s41597-026-06866-4_reference.pdf,grobid_tei,full_tei_text,,url,https://doi.org/10.1080/02684527.2015.1005495(2016).TheApplicabilityofa,https://doi.org/10.1080/02684527.2015.1005495(2016).TheApplicabilityofa,"ell Jr, J.W., Corona over Cuba: the Missile Crisis and the early limitations of satellite imagery intelligence. Intelligence National Security, 31(3), 416-438. https://doi.org/10.1080/02684527.2015.1005495(2016).TheApplicabilityofa Complete Archive of Keyhole Imagery for Land-Use Change Detection in China HLi TWang JSun 1960-1984 Li, H., T. Wang, and J. Sun, The Applicability of a Complet"
s41597-026-06866-4_reference.pdf,grobid_tei,full_tei_text,,url,https://doi.org/10.3390/s25103147(2025).Spatialheterogeneityofkeyhole,https://doi.org/10.3390/s25103147(2025).Spatialheterogeneityofkeyhole,"ility of a Complete Archive of Keyhole Imagery for Land- Use Change Detection in China (1960-1984). 10.3390/s25103147Sensors251031472025 Sensors, 25(10), 3147. https://doi.org/10.3390/s25103147(2025).Spatialheterogeneityofkeyhole imagery coverage in China and imagery dataset cost estimation HLi 10.1038/s41598-024-81566-wScientificReports151202 2025 Li, H., et al., Spatial heterogeneity"
s41597-026-06866-4_reference.pdf,grobid_tei,full_tei_text,,url,https://doi.org/10.1038/s41598-024-81566-w(2025).Aglobalanalysisof,https://doi.org/10.1038/s41598-024-81566-w(2025).Aglobalanalysisof,"orts151202 2025 Li, H., et al., Spatial heterogeneity of keyhole imagery coverage in China and imagery dataset cost estimation. Scientific Reports, 15(1), 202. https://doi.org/10.1038/s41598-024-81566-w(2025).Aglobalanalysisof the temporal availability of PlanetScope high spatial resolution multi-spectral imagery DPRoy 10.1016/j.rse.2021.112586RemoteSensingofEnvironment264 112586 202"
s41597-026-06866-4_reference.pdf,grobid_tei,full_tei_text,,url,https://doi.org/10.1016/j.rse.2021.112586(2021).Aspatial-temporalmodelingapproach,https://doi.org/10.1016/j.rse.2021.112586(2021).Aspatial-temporalmodelingapproach,"al., A global analysis of the temporal availability of PlanetScope high spatial resolution multi-spectral imagery. Remote Sensing of Environment, 264, 112586. https://doi.org/10.1016/j.rse.2021.112586(2021).Aspatial-temporalmodelingapproach to reconstructing land-cover change trajectories from multi-temporal satellite imagery DLiu SCai 10.1080/00045608.2011.596357AnnalsoftheAssociationof American"
s41597-026-06866-4_reference.pdf,grobid_tei,full_tei_text,,url,https://doi.org/10.1080/00045608.2011.596357(2012).KeyholeReconnaissanceImagerySpatio-Temporal,https://doi.org/10.1080/00045608.2011.596357(2012).KeyholeReconnaissanceImagerySpatio-Temporal,"h to reconstructing land-cover change trajectories from multi-temporal satellite imagery. Annals of the Association of American Geographers, 102(6), 1329-1347. https://doi.org/10.1080/00045608.2011.596357(2012).KeyholeReconnaissanceImagerySpatio-Temporal coverage HLi 10.6084/m9.figshare.300179442025Li, H., Keyhole Reconnaissance Imagery Spatio-Temporal coverage. figshare. https://doi.org/10.6084/m9.figshare.300"
s41597-026-06866-4_reference.pdf,grobid_tei,full_tei_text,,url,https://doi.org/10.6084/m9.figshare.30017944(2025).HEXAGONmappingcameraprogram,https://doi.org/10.6084/m9.figshare.30017944(2025).HEXAGONmappingcameraprogram,"oleReconnaissanceImagerySpatio-Temporal coverage HLi 10.6084/m9.figshare.300179442025Li, H., Keyhole Reconnaissance Imagery Spatio-Temporal coverage. figshare. https://doi.org/10.6084/m9.figshare.30017944(2025).HEXAGONmappingcameraprogram and evolution MBurnett Center for the Study of National Reconnaissance Chantilly (VA 1982 Burnett, M., HEXAGON mapping camera program and evolution. 1982, Chan"
s41597-026-06866-4_reference.pdf,grobid_tei,full_tei_text,,url,https://doi.org/10.3389/feart.2020.566802(2020).Theglobalavailabilityof,https://doi.org/10.3389/feart.2020.566802(2020).Theglobalavailabilityof,"Automated processing of declassified KH-9 hexagon satellite images for global elevation change analysis since the 1970s. Frontiers in Earth Science, 8, 566802. https://doi.org/10.3389/feart.2020.566802(2020).Theglobalavailabilityof Landsat 5 TM and Landsat 7 ETM+ land surface observations and implications for global 30m Landsat data product generation. Remote Sensing of Environment VKoval"
s41597-026-06866-4_reference.pdf,grobid_tei,full_tei_text,,url,https://doi.org/10.1016/j.rse.2012.12.003(2013).High-resolutionlanduseand,https://doi.org/10.1016/j.rse.2012.12.003(2013).High-resolutionlanduseand,"5 TM and Landsat 7 ETM+ land surface observations and implications for global 30m Landsat data product generation. Remote Sensing of Environment, 130, 280-293. https://doi.org/10.1016/j.rse.2012.12.003(2013).High-resolutionlanduseand land cover dataset for regional climate modelling: historical and future changes in Europe PHoffmann 10.5194/essd-15-3819-2023EarthSyst.Sci.Data15 8 2023 Hoffm"
s41597-026-06866-4_reference.pdf,grobid_tei,full_tei_text,,url,https://doi.org/10.5194/essd-15-3819-2023(2023).Aglobalgridded(0.1°,https://doi.org/10.5194/essd-15-3819-2023(2023).Aglobalgridded(0.1°,"gh-resolution land use and land cover dataset for regional climate modelling: historical and future changes in Europe. Earth Syst. Sci. Data, 15(8), 3819-3852. https://doi.org/10.5194/essd-15-3819-2023(2023).Aglobalgridded(0.1° × 0.1°) inventory of methane emissions from oil TRScarpelli Scarpelli, T.R., et al., A global gridded (0.1° × 0.1°) inventory of methane emissions from oil, ga"
s41597-026-06866-4_reference.pdf,grobid_tei,full_tei_text,,doi,10.1080/01402398408437182JournalofStrategicStudies7,https://doi.org/10.1080/01402398408437182JournalofStrategicStudies7,"ility, parts of the manuscript were polished with the assistance of artificial intelligence (AI)-based language tools. The keyhole satellite program JRichelson 10.1080/01402398408437182JournalofStrategicStudies7 2 1984 Richelson, J., The keyhole satellite program. Journal of Strategic Studies, 7(2), 121-153. https://doi.org/10.1080/01402398408437182(1984).Declassifiedi"
s41597-026-06866-4_reference.pdf,grobid_tei,full_tei_text,,doi,10.1179/009346910X12707320296838JournalofFieldArchaeology35,https://doi.org/10.1179/009346910X12707320296838JournalofFieldArchaeology35,". 2012, Springer. p. 47-66. The utility of publicly-available satellite imagery for investigating looting of archaeological sites in Jordan DAContreras NBrodie 10.1179/009346910X12707320296838JournalofFieldArchaeology35 1 2010 Contreras, D.A. and N. Brodie, The utility of publicly-available satellite imagery for investigating looting of archaeological sites in Jordan. Journal"
s41597-026-06866-4_reference.pdf,grobid_tei,full_tei_text,,doi,10.1080/02684527.2023.2219013IntelligenceandNationalSecurity38,https://doi.org/10.1080/02684527.2023.2219013IntelligenceandNationalSecurity38,"tps://doi.org/10.1179/009346910X12707320296838(2010).Secretpartners:thenational reconnaissance office and the intelligence-industrial-academic complex ABateman 10.1080/02684527.2023.2219013IntelligenceandNationalSecurity38 6 2023 Bateman, A., Secret partners: the national reconnaissance office and the intelligence-industrial- academic complex. Intelligence and National Security,"
s41597-026-06866-4_reference.pdf,grobid_tei,full_tei_text,,doi,10.1016/j.rse.2019.02.0152019225RemoteSensingof,https://doi.org/10.1016/j.rse.2019.02.0152019225RemoteSensingof,"e and National Security, 38(6), 885-901. https://doi.org/10.1080/02684527.2023.2219013(2023).CurrentstatusofLandsat program, science, and applications MAWulder 10.1016/j.rse.2019.02.0152019225RemoteSensingof Environment Wulder, M.A., et al., Current status of Landsat program, science, and applications. Remote Sensing of Environment, 225, 127-147. https://doi.org/10"
s41597-026-06866-4_reference.pdf,grobid_tei,full_tei_text,,doi,10.3390/rs14112593RemoteSensing14112593,https://doi.org/10.3390/rs14112593RemoteSensing14112593,"sing Techniques. 2022. p. 41-66. Forest Habitat Fragmentation in Mountain Protected Areas Using Historical Corona KH-9 and Sentinel-2 Satellite Imagery BOlariu 10.3390/rs14112593RemoteSensing14112593 2022 Olariu, B., et al., Forest Habitat Fragmentation in Mountain Protected Areas Using Historical Corona KH-9 and Sentinel-2 Satellite Imagery. Remote Sensing"
s41597-026-06866-4_reference.pdf,grobid_tei,full_tei_text,,doi,10.1016/j.isprsjprs.2014.09.005ISPRSJournalofPhotogrammetryand,https://doi.org/10.1016/j.isprsjprs.2014.09.005ISPRSJournalofPhotogrammetryand,"seofLandsatand Corona data for mapping forest cover change from the mid-1960s to 2000s: Case studies from the Eastern United States and Central Brazil D.-XSong 10.1016/j.isprsjprs.2014.09.005ISPRSJournalofPhotogrammetryand Remote Sensing 103 2015 Song, D.-X., et al., Use of Landsat and Corona data for mapping forest cover change from the mid- 1960s to 2000s: Case studies from the"
s41597-026-06866-4_reference.pdf,grobid_tei,full_tei_text,,doi,10.1016/j.still.2024.106273SoilandTillageResearch244,https://doi.org/10.1016/j.still.2024.106273SoilandTillageResearch244,".org/https://doi.org/10.1016/j.isprsjprs.2014.09.005(2015).Long-termgullydynamicsover cropland in the black soil area of China based on systematic sampling KLi 10.1016/j.still.2024.106273SoilandTillageResearch244 106273 2024 Li, K., et al., Long-term gully dynamics over cropland in the black soil area of China based on systematic sampling. Soil and Tillage Research, 244"
s41597-026-06866-4_reference.pdf,grobid_tei,full_tei_text,,doi,10.3390/rs15112793RemoteSensing15112793,https://doi.org/10.3390/rs15112793RemoteSensing15112793,". https://doi.org/10.1016/j.still.2024.106273(2024).UsingCORONAImageryto Study Land Use and Land Cover Change-A Review of Applications MShahbandeh DKaim JKozak 10.3390/rs15112793RemoteSensing15112793 2023 Shahbandeh, M., D. Kaim, and J. Kozak, Using CORONA Imagery to Study Land Use and Land Cover Change-A Review of Applications. Remote Sensing, 15(11), 2793"
s41597-026-06866-4_reference.pdf,grobid_tei,full_tei_text,,doi,"10.15184/aqy.2022.22Antiquity963872022Hammer,",https://doi.org/10.15184/aqy.2022.22Antiquity963872022Hammer,"/doi.org/10.3390/rs15112793(2023).SucceedingCORONA:declassifiedHEXAGON intelligence imagery for archaeological and historical research EHammer MFitzpatrick JUr 10.15184/aqy.2022.22Antiquity963872022Hammer, E., M. FitzPatrick, and J. Ur, Succeeding CORONA: declassified HEXAGON intelligence imagery for archaeological and historical research. Antiquity, 96(387), 679"
s41597-026-06866-4_reference.pdf,grobid_tei,full_tei_text,,doi,"10.3390/land10100997202110997LandStorozum,",https://doi.org/10.3390/land10100997202110997LandStorozum,"Antiquity, 96(387), 679-695. https://doi.org/10.15184/aqy.2022.22(2022).MappingtheMedievalWall System of China and Mongolia: A Multi-Method Approach MStorozum 10.3390/land10100997202110997LandStorozum, M., et al., Mapping the Medieval Wall System of China and Mongolia: A Multi-Method Approach. Land, 10(10), 997. https://doi.org/10.3390/land10100997(2021).al-H"
s41597-026-06866-4_reference.pdf,grobid_tei,full_tei_text,,doi,10.1126/sciadv.aav7266ScienceAdvances562019,https://doi.org/10.1126/sciadv.aav7266ScienceAdvances562019,", Iraq using declassified HEXAGON satellite imagery. AARGnews, 67, 52-66. (2023). Acceleration of ice loss across the Himalayas over the past 40 years JMMaurer 10.1126/sciadv.aav7266ScienceAdvances562019 Maurer, J.M., et al., Acceleration of ice loss across the Himalayas over the past 40 years. Science Advances, 5(6), eaav7266. https://doi.org/10.1126/sciadv.aa"
s41597-026-06866-4_reference.pdf,grobid_tei,full_tei_text,,doi,10.1038/s41467-021-24180-yNatureCommunications1214133,https://doi.org/10.1038/s41467-021-24180-yNatureCommunications1214133,"i.org/10.1126/sciadv.aav7266(2019).HighMountainAsianglacier response to climate revealed by multi-temporal satellite observations since the 1960s ABhattacharya 10.1038/s41467-021-24180-yNatureCommunications1214133 2021 Bhattacharya, A., et al., High Mountain Asian glacier response to climate revealed by multi-temporal satellite observations since the 1960s. Nature Commun"
s41597-026-06866-4_reference.pdf,grobid_tei,full_tei_text,,doi,10.5194/essd-15-2841-2023EarthSyst.Sci.Data15,https://doi.org/10.5194/essd-15-2841-2023EarthSyst.Sci.Data15,"ps://doi.org/10.1038/s41467-021-24180-y(2021).Anewinventoryof High Mountain Asia surging glaciers derived from multiple elevation datasets since the 1970s LGuo 10.5194/essd-15-2841-2023EarthSyst.Sci.Data15 7 2023 Guo, L., et al., A new inventory of High Mountain Asia surging glaciers derived from multiple elevation datasets since the 1970s. Earth Syst. Sci. Data,"
s41597-026-06866-4_reference.pdf,grobid_tei,full_tei_text,,doi,10.1177/2053019623121848TheAnthropoceneReview113,https://doi.org/10.1177/2053019623121848TheAnthropoceneReview113,"g/10.5194/essd-15-2841-2023(2023).Geomorphicchangesandsocio-environmental impacts of recent sand mining in the Sakarya River, NW Turkey HOkur MKErturaç KNicoll 10.1177/2053019623121848TheAnthropoceneReview113 2024 Okur, H., M.K. Erturaç, and K. Nicoll, Geomorphic changes and socio-environmental impacts of recent sand mining in the Sakarya River, NW Turkey. The Anthr"
s41597-026-06866-4_reference.pdf,grobid_tei,full_tei_text,,doi,10.1117/1.JRS.16.022205JournalofAppliedRemoteSensing,https://doi.org/10.1117/1.JRS.16.022205JournalofAppliedRemoteSensing,"heshoreline evolution using the CORONA declassified images. A case study in the north of Ilia prefecture, Peloponnese, Greece DNApostolopoulos KGNikolakopoulos 10.1117/1.JRS.16.022205JournalofAppliedRemoteSensing 16 2 22205 2022 Apostolopoulos, D.N. and K.G. Nikolakopoulos, Assessment of the shoreline evolution using the CORONA declassified images. A case study in the n"
s41597-026-06866-4_reference.pdf,grobid_tei,full_tei_text,,doi,10.1007/s11852-023-00932-4JournalofCoastalConservation27,https://doi.org/10.1007/s11852-023-00932-4JournalofCoastalConservation27,"mirabarani delta and Thoothukudi tombolo in South India: insights from integrated analysis of early cartographic documents and satellite images EGupta MBRajani 10.1007/s11852-023-00932-4JournalofCoastalConservation27 1 3 2023 Gupta, E. and M.B. Rajani, Late Holocene morphodynamic evolution of Thamirabarani delta and Thoothukudi tombolo in South India: insights from integrat"
s41597-026-06866-4_reference.pdf,grobid_tei,full_tei_text,,doi,10.1016/j.jhydrol.2025.133555JournalofHydrology661133555,https://doi.org/10.1016/j.jhydrol.2025.133555JournalofHydrology661133555,"g/10.1007/s11852-023-00932-4(2023).Mappinglong-termsurfacewater dynamics by integrating fine resolution binary maps and medium resolution fraction series ZWang 10.1016/j.jhydrol.2025.133555JournalofHydrology661133555 2025 Wang, Z., et al., Mapping long-term surface water dynamics by integrating fine resolution binary maps and medium resolution fraction series. Journal of Hy"
s41597-026-06866-4_reference.pdf,grobid_tei,full_tei_text,,doi,10.1109/JSTARS.2025.3582789IEEEJournalofSelectedTopics,https://doi.org/10.1109/JSTARS.2025.3582789IEEEJournalofSelectedTopics,"of Hydrology, 661, 133555. https://doi.org/10.1016/j.jhydrol.2025.133555(2025).ADeep-LearningWorkflowfor CORONA-Based Historical Land Use Classifications WLiu 10.1109/JSTARS.2025.3582789IEEEJournalofSelectedTopics in Applied Earth Observations and Remote Sensing 18 2025 Liu, W., et al., A Deep-Learning Workflow for CORONA-Based Historical Land Use Classifications. IEEE J"
s41597-026-06866-4_reference.pdf,grobid_tei,full_tei_text,,doi,10.14358/PERS.85.2.109PhotogrammetricEngineeringRemoteSensing85,https://doi.org/10.14358/PERS.85.2.109PhotogrammetricEngineeringRemoteSensing85,"16080. https://doi.org/10.1109/JSTARS.2025.3582789(2025).Landsatorbitalrepeatfrequency and cloud contamination: A case study for eastern united states SNGoward 10.14358/PERS.85.2.109PhotogrammetricEngineeringRemoteSensing85 2 2019 Goward, S.N., et al., Landsat orbital repeat frequency and cloud contamination: A case study for eastern united states. Photogrammetric Engineering Remo"
s41597-026-06866-4_reference.pdf,grobid_tei,full_tei_text,,doi,10.1080/02684527.2015.1005495IntelligenceNationalSecurity313,https://doi.org/10.1080/02684527.2015.1005495IntelligenceNationalSecurity313,"109-118. https://doi.org/10.14358/PERS.85.2.109(2019).CoronaoverCuba:the Missile Crisis and the early limitations of satellite imagery intelligence JWCaddellJr 10.1080/02684527.2015.1005495IntelligenceNationalSecurity313 2016 Caddell Jr, J.W., Corona over Cuba: the Missile Crisis and the early limitations of satellite imagery intelligence. Intelligence National Security, 31(3),"
s41597-026-06866-4_reference.pdf,grobid_tei,full_tei_text,,doi,10.3390/s25103147Sensors251031472025,https://doi.org/10.3390/s25103147Sensors251031472025,"ang JSun 1960-1984 Li, H., T. Wang, and J. Sun, The Applicability of a Complete Archive of Keyhole Imagery for Land- Use Change Detection in China (1960-1984). 10.3390/s25103147Sensors251031472025 Sensors, 25(10), 3147. https://doi.org/10.3390/s25103147(2025).Spatialheterogeneityofkeyhole imagery coverage in China and imagery dataset cost estimation HLi"
s41597-026-06866-4_reference.pdf,grobid_tei,full_tei_text,,doi,10.1038/s41598-024-81566-wScientificReports151202,https://doi.org/10.1038/s41598-024-81566-wScientificReports151202,"Sensors, 25(10), 3147. https://doi.org/10.3390/s25103147(2025).Spatialheterogeneityofkeyhole imagery coverage in China and imagery dataset cost estimation HLi 10.1038/s41598-024-81566-wScientificReports151202 2025 Li, H., et al., Spatial heterogeneity of keyhole imagery coverage in China and imagery dataset cost estimation. Scientific Reports, 15(1), 202. https://do"
s41597-026-06866-4_reference.pdf,grobid_tei,full_tei_text,,doi,10.1016/j.rse.2021.112586RemoteSensingofEnvironment264,https://doi.org/10.1016/j.rse.2021.112586RemoteSensingofEnvironment264,"ttps://doi.org/10.1038/s41598-024-81566-w(2025).Aglobalanalysisof the temporal availability of PlanetScope high spatial resolution multi-spectral imagery DPRoy 10.1016/j.rse.2021.112586RemoteSensingofEnvironment264 112586 2021 Roy, D.P., et al., A global analysis of the temporal availability of PlanetScope high spatial resolution multi-spectral imagery. Remote Sensing of"
s41597-026-06866-4_reference.pdf,grobid_tei,full_tei_text,,doi,10.1080/00045608.2011.596357AnnalsoftheAssociationof,https://doi.org/10.1080/00045608.2011.596357AnnalsoftheAssociationof,"1016/j.rse.2021.112586(2021).Aspatial-temporalmodelingapproach to reconstructing land-cover change trajectories from multi-temporal satellite imagery DLiu SCai 10.1080/00045608.2011.596357AnnalsoftheAssociationof American Geographers 102 6 2012 Liu, D. and S. Cai, A spatial-temporal modeling approach to reconstructing land-cover change trajectories from multi-temporal s"
s41597-026-06866-4_reference.pdf,grobid_tei,full_tei_text,,doi,"10.6084/m9.figshare.300179442025Li,",https://doi.org/10.6084/m9.figshare.300179442025Li,"ciation of American Geographers, 102(6), 1329-1347. https://doi.org/10.1080/00045608.2011.596357(2012).KeyholeReconnaissanceImagerySpatio-Temporal coverage HLi 10.6084/m9.figshare.300179442025Li, H., Keyhole Reconnaissance Imagery Spatio-Temporal coverage. figshare. https://doi.org/10.6084/m9.figshare.30017944(2025).HEXAGONmappingcameraprogram and evolu"
s41597-026-06866-4_reference.pdf,grobid_tei,full_tei_text,,doi,10.3389/feart.2020.566802FrontiersinEarthScience8,https://doi.org/10.3389/feart.2020.566802FrontiersinEarthScience8,"udy of National Reconnaissance. Automated processing of declassified KH-9 hexagon satellite images for global elevation change analysis since the 1970s ADehecq 10.3389/feart.2020.566802FrontiersinEarthScience8 566802 2020 Dehecq, A., et al., Automated processing of declassified KH-9 hexagon satellite images for global elevation change analysis since the 1970s. Fronti"
s41597-026-06866-4_reference.pdf,grobid_tei,full_tei_text,,doi,"10.1016/j.rse.2012.12.0032013130Kovalskyy,",https://doi.org/10.1016/j.rse.2012.12.0032013130Kovalskyy,"TM and Landsat 7 ETM+ land surface observations and implications for global 30m Landsat data product generation. Remote Sensing of Environment VKovalskyy DPRoy 10.1016/j.rse.2012.12.0032013130Kovalskyy, V. and D.P. Roy, The global availability of Landsat 5 TM and Landsat 7 ETM+ land surface observations and implications for global 30m Landsat data product gene"
s41597-026-06866-4_reference.pdf,grobid_tei,full_tei_text,,doi,10.5194/essd-15-3819-2023EarthSyst.Sci.Data15,https://doi.org/10.5194/essd-15-3819-2023EarthSyst.Sci.Data15,"/10.1016/j.rse.2012.12.003(2013).High-resolutionlanduseand land cover dataset for regional climate modelling: historical and future changes in Europe PHoffmann 10.5194/essd-15-3819-2023EarthSyst.Sci.Data15 8 2023 Hoffmann, P., et al., High-resolution land use and land cover dataset for regional climate modelling: historical and future changes in Europe. Earth Sys"
s41597-026-06867-3.pdf,pymupdf,page_text,1,url,https://doi.org/10.1038/s41597-026-06867-3www.nature.com/scientificdataPreprintToPaperdataset:connectingbioRxiv,https://doi.org/10.1038/s41597-026-06867-3www.nature.com/scientificdataPreprintToPaperdataset:connectingbioRxiv,"1 Scientific Data | (2026) 13:301 | https://doi.org/10.1038/s41597-026-06867-3www.nature.com/scientificdataPreprintToPaperdataset:connectingbioRxiv preprints with journal publications Fidan Badalova 1 ✉, Julian Sienkiewicz 2,3 & Philipp Mayr 1 The PreprintToPaper dataset connects bioRxiv preprints with the"
s41597-026-06867-3.pdf,pymupdf,page_text,2,url,https://doi.org/10.1038/s41597-026-06867-3www.nature.com/scientificdatawww.nature.com/scientificdata/frombioRxiv6withpublication,https://doi.org/10.1038/s41597-026-06867-3www.nature.com/scientificdatawww.nature.com/scientificdata/frombioRxiv6withpublication,"2 Scientific Data | (2026) 13:301 | https://doi.org/10.1038/s41597-026-06867-3www.nature.com/scientificdatawww.nature.com/scientificdata/frombioRxiv6withpublication records, making it possible to analyze patterns in the preprint-to-publication process at scale7. We selected the 2016–2018 (pre-pandemic) and 2020–2022 (pande"
s41597-026-06867-3.pdf,pymupdf,page_text,2,url,https://api.biorxiv.org/details/server/interval/cursor/format.,https://api.biorxiv.org/details/server/interval/cursor/format,set. Step 1: bioRxiv Metadata Retrieval. The first step in this study was to obtain metadata from the bioRxiv preprint platform using the official bioRxiv API (https://api.biorxiv.org/details/server/interval/cursor/format.
s41597-026-06867-3.pdf,pymupdf,page_text,3,url,https://doi.org/10.1038/s41597-026-06867-3www.nature.com/scientificdatawww.nature.com/scientificdata/TheAPIhasthe,https://doi.org/10.1038/s41597-026-06867-3www.nature.com/scientificdatawww.nature.com/scientificdata/TheAPIhasthe,"3 Scientific Data | (2026) 13:301 | https://doi.org/10.1038/s41597-026-06867-3www.nature.com/scientificdatawww.nature.com/scientificdata/TheAPIhasthe following structure: server indicates the source of the data (e.g., bioRxiv or MedRxiv), interval indicates the desired date range, cursor indicates the pagina"
s41597-026-06867-3.pdf,pymupdf,page_text,3,url,https://www.biorxiv.org/about/FAQ).Detailed,https://www.biorxiv.org/about/FAQ).Detailed,"ournal DOI is stored in the bioRxiv dataset. About two weeks after journal publication, bioRxiv automatically adds a link to the corresponding journal article (https://www.biorxiv.org/about/FAQ).Detailed metadata for these articles was retrieved via the official Crossref API (https://api.crossref.org/works/doi), by replacing the doi field with the DOI of the co"
s41597-026-06867-3.pdf,pymupdf,page_text,3,url,"https://api.crossref.org/works/doi),",https://api.crossref.org/works/doi,"link to the corresponding journal article (https://www.biorxiv.org/about/FAQ).Detailed metadata for these articles was retrieved via the official Crossref API (https://api.crossref.org/works/doi), by replacing the doi field with the DOI of the corresponding article. This query returns an extensive metadata pack- age for the corresponding journal article."
s41597-026-06867-3.pdf,pymupdf,page_text,4,url,https://doi.org/10.1038/s41597-026-06867-3www.nature.com/scientificdatawww.nature.com/scientificdata/Step3:Categorizationof,https://doi.org/10.1038/s41597-026-06867-3www.nature.com/scientificdatawww.nature.com/scientificdata/Step3:Categorizationof,"4 Scientific Data | (2026) 13:301 | https://doi.org/10.1038/s41597-026-06867-3www.nature.com/scientificdatawww.nature.com/scientificdata/Step3:Categorizationof Preprints. In the third step, the dataset was categorized based on whether the preprints had DOIs linked to journal articles on the bioRxiv preprint server. 1."
s41597-026-06867-3.pdf,pymupdf,page_text,5,url,https://doi.org/10.1038/s41597-026-06867-3www.nature.com/scientificdatawww.nature.com/scientificdata/Thecategorizationresultwas,https://doi.org/10.1038/s41597-026-06867-3www.nature.com/scientificdatawww.nature.com/scientificdata/Thecategorizationresultwas,5 Scientific Data | (2026) 13:301 | https://doi.org/10.1038/s41597-026-06867-3www.nature.com/scientificdatawww.nature.com/scientificdata/Thecategorizationresultwas stored in the column custom_status. Step 4: Identification of unlinked publications in bioRxiv - Gray Zone. Although bioRxiv metadata is expected to include DO
s41597-026-06867-3.pdf,pymupdf,page_text,5,url,https://doi.org/10.1101/170381wassubmittedtobioRxivonAugust,https://doi.org/10.1101/170381wassubmittedtobioRxivonAugust,"DOI of the corresponding journal article is missing, even when the preprint has been published in a journal. For example, the fourth version of a preprint with https://doi.org/10.1101/170381wassubmittedtobioRxivonAugust 6, 2020, but the same article was later published in Brain Structure and Function with https://doi.org/10.1007/s00429-020-02136-0onSeptember18, 2020. Neverthel"
s41597-026-06867-3.pdf,pymupdf,page_text,5,url,"https://doi.org/10.1007/s00429-020-02136-0onSeptember18,",https://doi.org/10.1007/s00429-020-02136-0onSeptember18,"reprint with https://doi.org/10.1101/170381wassubmittedtobioRxivonAugust 6, 2020, but the same article was later published in Brain Structure and Function with https://doi.org/10.1007/s00429-020-02136-0onSeptember18, 2020. Nevertheless, the preprint still appears as preprint only in the bioRxiv record. Previous studies have also documented this issue1,5,7. For example, Abdi"
s41597-026-06867-3.pdf,pymupdf,page_text,6,url,https://doi.org/10.1038/s41597-026-06867-3www.nature.com/scientificdatawww.nature.com/scientificdata/,https://doi.org/10.1038/s41597-026-06867-3www.nature.com/scientificdatawww.nature.com/scientificdata/,6 Scientific Data | (2026) 13:301 | https://doi.org/10.1038/s41597-026-06867-3www.nature.com/scientificdatawww.nature.com/scientificdata/ • Author Count Difference – the difference between author counts in the bioRxiv and Crossref records. • Author Match Score – the similarity score between the a
s41597-026-06867-3.pdf,pymupdf,page_text,6,url,https://doi.org/10.5281/zenodo.17992421).Thedatasetconsistsofthreemain,https://doi.org/10.5281/zenodo.17992421).Thedatasetconsistsofthreemain,. Data Record The dataset is based on data collected from the bioRxiv and Crossref databases. It is stored in CSV format and is publicly available via Zenodo3 (https://doi.org/10.5281/zenodo.17992421).Thedatasetconsistsofthreemain files: 1. The Main dataset includes metadata of preprints collected in 2016–2018 and 2020–2022. This file contains primary fields obtained from the bioRxiv API
s41597-026-06867-3.pdf,pymupdf,page_text,8,url,https://doi.org/10.1038/s41597-026-06867-3www.nature.com/scientificdatawww.nature.com/scientificdata/suggestthatthetitle,https://doi.org/10.1038/s41597-026-06867-3www.nature.com/scientificdatawww.nature.com/scientificdata/suggestthatthetitle,"8 Scientific Data | (2026) 13:301 | https://doi.org/10.1038/s41597-026-06867-3www.nature.com/scientificdatawww.nature.com/scientificdata/suggestthatthetitle matching score alone might be an insufficient indicator. Figure 3a presents the combined annotation versus author match score, presenting evidence that preprin"
s41597-026-06867-3.pdf,pymupdf,page_text,8,url,https://doi.org/10.5281/zenodo.17992421.Furtherdetailsaboutthedatasetcontents,https://doi.org/10.5281/zenodo.17992421.Furtherdetailsaboutthedatasetcontents,es linking textual factors and paper popularity30–32. Data availability The dataset supporting this study has been stored in Zenodo and is openly accessible at https://doi.org/10.5281/zenodo.17992421.Furtherdetailsaboutthedatasetcontents are provided in the Data Record section of this manuscript. FALSE TRUE 0.00 0.25 0.50 0.75 1.00 author match score combined annotations a 0.00 0.25 0.50 0.75 2
s41597-026-06867-3.pdf,pymupdf,page_text,9,url,https://doi.org/10.1038/s41597-026-06867-3www.nature.com/scientificdatawww.nature.com/scientificdata/CodeavailabilityAllcustom,https://doi.org/10.1038/s41597-026-06867-3www.nature.com/scientificdatawww.nature.com/scientificdata/CodeavailabilityAllcustom,9 Scientific Data | (2026) 13:301 | https://doi.org/10.1038/s41597-026-06867-3www.nature.com/scientificdatawww.nature.com/scientificdata/CodeavailabilityAllcustom scripts used in this study are publicly available in the GitHub repository: GitHub (https://github.com/badalovafidan/preprint_to_paper_dataset).The principal c
s41597-026-06867-3.pdf,pymupdf,page_text,9,url,https://github.com/badalovafidan/preprint_to_paper_dataset).The,https://github.com/badalovafidan/preprint_to_paper_dataset).The,"e.com/scientificdatawww.nature.com/scientificdata/CodeavailabilityAllcustom scripts used in this study are publicly available in the GitHub repository: GitHub (https://github.com/badalovafidan/preprint_to_paper_dataset).The principal code was developed in Python 3.9+. The main external libraries used are pandas, requests, and numpy. Other libraries (unicodedata, re, difflib, datet"
s41597-026-06867-3.pdf,pymupdf,page_text,9,url,"https://doi.org/10.1371/journal.pbio.3000959(2021).2.Fraser,",https://doi.org/10.1371/journal.pbio.3000959(2021).2.Fraser,"l. The evolving role of preprints in the dissemination of COVID-19 research and their impact on the science communication landscape. PLOS Biology 19, e3000959, https://doi.org/10.1371/journal.pbio.3000959(2021).2.Fraser, N., Mayr, P. & Peters, I. Motivations, concerns and selection biases when posting preprints: a survey of bioRxiv authors. PLoS ONE 17, https://doi.org/10.1371/"
s41597-026-06867-3.pdf,pymupdf,page_text,9,url,"https://doi.org/10.1371/journal.pone.0274441(2022).3.Badalova,",https://doi.org/10.1371/journal.pone.0274441(2022).3.Badalova,".3000959(2021).2.Fraser, N., Mayr, P. & Peters, I. Motivations, concerns and selection biases when posting preprints: a survey of bioRxiv authors. PLoS ONE 17, https://doi.org/10.1371/journal.pone.0274441(2022).3.Badalova, F., Mayr, P. & Sienkiewicz, J. PreprintToPaper dataset: Connecting bioRxiv preprints with journal publications, https://doi.org/10.5281/zenodo.17992421(2025).4"
s41597-026-06867-3.pdf,pymupdf,page_text,9,url,"https://doi.org/10.5281/zenodo.17992421(2025).4.Anderson,",https://doi.org/10.5281/zenodo.17992421(2025).4.Anderson,"/10.1371/journal.pone.0274441(2022).3.Badalova, F., Mayr, P. & Sienkiewicz, J. PreprintToPaper dataset: Connecting bioRxiv preprints with journal publications, https://doi.org/10.5281/zenodo.17992421(2025).4.Anderson, K. R. bioRxiv: Trends and analysis of five years of preprints. Learned Publishing 33, 104–109, https://doi.org/10.1002/leap.1265(2020).5.Cabanac, G., Oikonomid"
s41597-026-06867-3.pdf,pymupdf,page_text,9,url,"https://doi.org/10.1002/leap.1265(2020).5.Cabanac,",https://doi.org/10.1002/leap.1265(2020).5.Cabanac,"tions, https://doi.org/10.5281/zenodo.17992421(2025).4.Anderson, K. R. bioRxiv: Trends and analysis of five years of preprints. Learned Publishing 33, 104–109, https://doi.org/10.1002/leap.1265(2020).5.Cabanac, G., Oikonomidi, T. & Boutron, I. Day-to-day discovery of preprint–publication links. Scientometrics 126, 5285–5304, https://doi.org/10.1007/s11192-021-03900-7("
s41597-026-06867-3.pdf,pymupdf,page_text,9,url,"https://doi.org/10.1007/s11192-021-03900-7(2021).6.Sever,",https://doi.org/10.1007/s11192-021-03900-7(2021).6.Sever,"/doi.org/10.1002/leap.1265(2020).5.Cabanac, G., Oikonomidi, T. & Boutron, I. Day-to-day discovery of preprint–publication links. Scientometrics 126, 5285–5304, https://doi.org/10.1007/s11192-021-03900-7(2021).6.Sever, R. et al. bioRxiv: the preprint server for biology, https://doi.org/10.1101/833400(2019).7.Abdill, R. J. & Blekhman, R. Tracking the popularity and outcomes of"
s41597-026-06867-3.pdf,pymupdf,page_text,9,url,"https://doi.org/10.1101/833400(2019).7.Abdill,",https://doi.org/10.1101/833400(2019).7.Abdill,"publication links. Scientometrics 126, 5285–5304, https://doi.org/10.1007/s11192-021-03900-7(2021).6.Sever, R. et al. bioRxiv: the preprint server for biology, https://doi.org/10.1101/833400(2019).7.Abdill, R. J. & Blekhman, R. Tracking the popularity and outcomes of all biorxiv preprints. eLife 8, e45133, https://doi.org/10.7554/eLife.45133(2019).8.Aviv-Reuven, S"
s41597-026-06867-3.pdf,pymupdf,page_text,9,url,"https://doi.org/10.7554/eLife.45133(2019).8.Aviv-Reuven,",https://doi.org/10.7554/eLife.45133(2019).8.Aviv-Reuven,"or biology, https://doi.org/10.1101/833400(2019).7.Abdill, R. J. & Blekhman, R. Tracking the popularity and outcomes of all biorxiv preprints. eLife 8, e45133, https://doi.org/10.7554/eLife.45133(2019).8.Aviv-Reuven, S. & Rosenfeld, A. Publication patterns’ changes due to the COVID-19 pandemic: a longitudinal and short-term scientometric analysis. Scientometrics 126, 6761–6"
s41597-026-06867-3.pdf,pymupdf,page_text,9,url,"https://doi.org/10.1007/s11192-021-04059-x(2021).9.Strcic,",https://doi.org/10.1007/s11192-021-04059-x(2021).9.Strcic,"Rosenfeld, A. Publication patterns’ changes due to the COVID-19 pandemic: a longitudinal and short-term scientometric analysis. Scientometrics 126, 6761–6784, https://doi.org/10.1007/s11192-021-04059-x(2021).9.Strcic, J. et al. Open data and data sharing in articles about COVID-19 published in preprint servers medRxiv and bioRxiv. Scientometrics 127, 2791–2802, https://doi.o"
s41597-026-06867-3.pdf,pymupdf,page_text,9,url,"https://doi.org/10.1007/s11192-022-04346-1(2022).10.Grech,",https://doi.org/10.1007/s11192-022-04346-1(2022).10.Grech,"21).9.Strcic, J. et al. Open data and data sharing in articles about COVID-19 published in preprint servers medRxiv and bioRxiv. Scientometrics 127, 2791–2802, https://doi.org/10.1007/s11192-022-04346-1(2022).10.Grech, V. Publish or perish, information overload, and journal impact factors - A conflicting tripod of forces. Saudi Journal of Anaesthesia 16, 204, https://doi.org/"
s41597-026-06867-3.pdf,pymupdf,page_text,9,url,"https://doi.org/10.4103/sja.sja_632_21(2022).11.Abdill,",https://doi.org/10.4103/sja.sja_632_21(2022).11.Abdill,"(2022).10.Grech, V. Publish or perish, information overload, and journal impact factors - A conflicting tripod of forces. Saudi Journal of Anaesthesia 16, 204, https://doi.org/10.4103/sja.sja_632_21(2022).11.Abdill, R. J., Adamowicz, E. M. & Blekhman, R. International authorship and collaboration across bioRxiv preprints. eLife 9, e58496, https://doi.org/10.7554/eLife.5849"
s41597-026-06867-3.pdf,pymupdf,page_text,9,url,"https://doi.org/10.7554/eLife.58496(2020).12.Fraser,",https://doi.org/10.7554/eLife.58496(2020).12.Fraser,"03/sja.sja_632_21(2022).11.Abdill, R. J., Adamowicz, E. M. & Blekhman, R. International authorship and collaboration across bioRxiv preprints. eLife 9, e58496, https://doi.org/10.7554/eLife.58496(2020).12.Fraser, N., Momeni, F., Mayr, P. & Peters, I. The relationship between bioRxiv preprints, citations and altmetrics. Quantitative Science Studies 1, 618–638, https://do"
s41597-026-06867-3.pdf,pymupdf,page_text,9,url,"https://doi.org/10.1162/qss_a_00043(2020).13.Abdill,",https://doi.org/10.1162/qss_a_00043(2020).13.Abdill,"12.Fraser, N., Momeni, F., Mayr, P. & Peters, I. The relationship between bioRxiv preprints, citations and altmetrics. Quantitative Science Studies 1, 618–638, https://doi.org/10.1162/qss_a_00043(2020).13.Abdill, R. J. & Blekhman, R. Meta-research: Tracking the popularity and outcomes of all biorxiv preprints. eLife 8, e45133, https://doi.org/10.7554/eLife.45133(2019).1"
s41597-026-06867-3.pdf,pymupdf,page_text,9,url,"https://doi.org/10.7554/eLife.45133(2019).14.Abdill,",https://doi.org/10.7554/eLife.45133(2019).14.Abdill,"oi.org/10.1162/qss_a_00043(2020).13.Abdill, R. J. & Blekhman, R. Meta-research: Tracking the popularity and outcomes of all biorxiv preprints. eLife 8, e45133, https://doi.org/10.7554/eLife.45133(2019).14.Abdill, R. J. & Blekhman, R. Complete Rxivist dataset of scraped biology preprint data, https://doi.org/10.5281/ZENODO.2529922(2023).15.Fraser, N. & Kramer, B. covid19"
s41597-026-06867-3.pdf,pymupdf,page_text,9,url,"https://doi.org/10.5281/ZENODO.2529922(2023).15.Fraser,",https://doi.org/10.5281/ZENODO.2529922(2023).15.Fraser,"reprints. eLife 8, e45133, https://doi.org/10.7554/eLife.45133(2019).14.Abdill, R. J. & Blekhman, R. Complete Rxivist dataset of scraped biology preprint data, https://doi.org/10.5281/ZENODO.2529922(2023).15.Fraser, N. & Kramer, B. covid19_preprints, https://doi.org/10.6084/M9.FIGSHARE.12033672.V58(2021).16.Levchenko, M., Parkin, M., McEntyre, J. & Harrison, M. Enabling pr"
s41597-026-06867-3.pdf,pymupdf,page_text,9,url,"https://doi.org/10.6084/M9.FIGSHARE.12033672.V58(2021).16.Levchenko,",https://doi.org/10.6084/M9.FIGSHARE.12033672.V58(2021).16.Levchenko,"khman, R. Complete Rxivist dataset of scraped biology preprint data, https://doi.org/10.5281/ZENODO.2529922(2023).15.Fraser, N. & Kramer, B. covid19_preprints, https://doi.org/10.6084/M9.FIGSHARE.12033672.V58(2021).16.Levchenko, M., Parkin, M., McEntyre, J. & Harrison, M. Enabling preprint discovery, evaluation, and analysis with europe PMC. PLOS ONE 19, e0303005, https://doi.org/10.13"
s41597-026-06867-3.pdf,pymupdf,page_text,9,url,"https://doi.org/10.1371/journal.pone.0303005(2024).17.Eckmann,",https://doi.org/10.1371/journal.pone.0303005(2024).17.Eckmann,"8(2021).16.Levchenko, M., Parkin, M., McEntyre, J. & Harrison, M. Enabling preprint discovery, evaluation, and analysis with europe PMC. PLOS ONE 19, e0303005, https://doi.org/10.1371/journal.pone.0303005(2024).17.Eckmann, P. & Bandrowski, A. Preprintmatch: A tool for preprint to publication detection shows global inequities in scientific publication. PLOS ONE 18, e0281659, https"
s41597-026-06867-3.pdf,pymupdf,page_text,9,url,"https://doi.org/10.1371/journal.pone.0281659(2023).18.Tkaczyk,",https://doi.org/10.1371/journal.pone.0281659(2023).18.Tkaczyk,"mann, P. & Bandrowski, A. Preprintmatch: A tool for preprint to publication detection shows global inequities in scientific publication. PLOS ONE 18, e0281659, https://doi.org/10.1371/journal.pone.0281659(2023).18.Tkaczyk, D. Crossref relationships between preprints and journal articles, https://doi.org/10.5281/zenodo.15124417(2025).19.Cohen, J. A coefficient of agreement for nom"
s41597-026-06867-3.pdf,pymupdf,page_text,9,url,"https://doi.org/10.5281/zenodo.15124417(2025).19.Cohen,",https://doi.org/10.5281/zenodo.15124417(2025).19.Cohen,"cation. PLOS ONE 18, e0281659, https://doi.org/10.1371/journal.pone.0281659(2023).18.Tkaczyk, D. Crossref relationships between preprints and journal articles, https://doi.org/10.5281/zenodo.15124417(2025).19.Cohen, J. A coefficient of agreement for nominal scales. Educational and Psychological Measurement 20, 37–46, https://doi.org/10.1177/001316446002000104(1960).20.McHu"
s41597-026-06867-3.pdf,pymupdf,page_text,9,url,"https://doi.org/10.1177/001316446002000104(1960).20.McHugh,",https://doi.org/10.1177/001316446002000104(1960).20.McHugh,"https://doi.org/10.5281/zenodo.15124417(2025).19.Cohen, J. A coefficient of agreement for nominal scales. Educational and Psychological Measurement 20, 37–46, https://doi.org/10.1177/001316446002000104(1960).20.McHugh, M. L. Interrater reliability: the kappa statistic. Biochemia Medica 22, 276–282, https://doi.org/10.11613/BM.2012.031(2012).21.Hastie, T., Tibshirani, R. & Fri"
s41597-026-06867-3.pdf,pymupdf,page_text,9,url,"https://doi.org/10.11613/BM.2012.031(2012).21.Hastie,",https://doi.org/10.11613/BM.2012.031(2012).21.Hastie,"urement 20, 37–46, https://doi.org/10.1177/001316446002000104(1960).20.McHugh, M. L. Interrater reliability: the kappa statistic. Biochemia Medica 22, 276–282, https://doi.org/10.11613/BM.2012.031(2012).21.Hastie, T., Tibshirani, R. & Friedman, J. The Elements of Statistical Learning. Springer Series in Statistics (Springer New York Inc., New York, NY, USA, 2001). 22. Ku"
s41597-026-06867-3.pdf,pymupdf,page_text,9,url,"https://doi.org/10.6028/NBS.RPT.9011(1966).23.Hołyst,",https://doi.org/10.6028/NBS.RPT.9011(1966).23.Hołyst,"cal Learning. Springer Series in Statistics (Springer New York Inc., New York, NY, USA, 2001). 22. Ku, H. H. Notes on the use of propagation of error formulas, https://doi.org/10.6028/NBS.RPT.9011(1966).23.Hołyst, J. A. et al. Protect our environment from information overload. Nature Human Behaviour 8, 402–403, https://doi.org/10.1038/s41562-024-01833-8(2024).24.Landhuis"
s41597-026-06867-3.pdf,pymupdf,page_text,9,url,"https://doi.org/10.1038/s41562-024-01833-8(2024).24.Landhuis,",https://doi.org/10.1038/s41562-024-01833-8(2024).24.Landhuis,"mulas, https://doi.org/10.6028/NBS.RPT.9011(1966).23.Hołyst, J. A. et al. Protect our environment from information overload. Nature Human Behaviour 8, 402–403, https://doi.org/10.1038/s41562-024-01833-8(2024).24.Landhuis, E. Scientific literature: Information overload. Nature 535, 457–458, https://doi.org/10.1038/nj7612-457a(2016).25.Brainard, J. New tools aim to tame pandemic p"
s41597-026-06867-3.pdf,pymupdf,page_text,9,url,"https://doi.org/10.1038/nj7612-457a(2016).25.Brainard,",https://doi.org/10.1038/nj7612-457a(2016).25.Brainard,"Human Behaviour 8, 402–403, https://doi.org/10.1038/s41562-024-01833-8(2024).24.Landhuis, E. Scientific literature: Information overload. Nature 535, 457–458, https://doi.org/10.1038/nj7612-457a(2016).25.Brainard, J. New tools aim to tame pandemic paper tsunami. Science 368, 924–925, https://doi.org/10.1126/science.368.6494.924(2020).26.Kozlowski, D., Andersen, J. P. & L"
s41597-026-06867-3.pdf,pymupdf,page_text,9,url,"https://doi.org/10.1126/science.368.6494.924(2020).26.Kozlowski,",https://doi.org/10.1126/science.368.6494.924(2020).26.Kozlowski,"on overload. Nature 535, 457–458, https://doi.org/10.1038/nj7612-457a(2016).25.Brainard, J. New tools aim to tame pandemic paper tsunami. Science 368, 924–925, https://doi.org/10.1126/science.368.6494.924(2020).26.Kozlowski, D., Andersen, J. P. & Larivière, V. The decrease in uncited articles and its effect on the concentration of citations. Journal of the Association for Informati"
s41597-026-06867-3.pdf,pymupdf,page_text,9,url,"https://doi.org/10.1002/asi.24852(2024).27.Noorden,",https://doi.org/10.1002/asi.24852(2024).27.Noorden,"e decrease in uncited articles and its effect on the concentration of citations. Journal of the Association for Information Science and Technology 75, 188–197, https://doi.org/10.1002/asi.24852(2024).27.Noorden, R. V. The science that’s never been cited. Nature 552, 162–164, https://doi.org/10.1038/d41586-017-08404-0(2017).28.Herdan, G. Language as choice and chance (S"
s41597-026-06867-3.pdf,pymupdf,page_text,9,url,"https://doi.org/10.1038/d41586-017-08404-0(2017).28.Herdan,",https://doi.org/10.1038/d41586-017-08404-0(2017).28.Herdan,"rmation Science and Technology 75, 188–197, https://doi.org/10.1002/asi.24852(2024).27.Noorden, R. V. The science that’s never been cited. Nature 552, 162–164, https://doi.org/10.1038/d41586-017-08404-0(2017).28.Herdan, G. Language as choice and chance (Springer Berlin Heidelberg, Berlin, Germany, 1960). 29. Gunning, R. The technique of clear writing (McGraw-Hill, New York, NY"
s41597-026-06867-3.pdf,pymupdf,page_text,9,url,"https://doi.org/10.1016/j.joi.2013.08.006(2013).31.Onodera,",https://doi.org/10.1016/j.joi.2013.08.006(2013).31.Onodera,", F. & Thelwall, M. Which factors help authors produce the highest impact research? collaboration, journal and document properties. J. Informetr. 7, 861 – 873, https://doi.org/10.1016/j.joi.2013.08.006(2013).31.Onodera, N. & Yoshikane, F. Factors affecting citation rates of research articles. J. Am. Soc. Inform. Sci. 66, 739–764, https://doi.org/10.1002/asi.23209(2015)."
s41597-026-06867-3.pdf,pymupdf,page_text,9,url,https://doi.org/10.1002/asi.23209(2015).,https://doi.org/10.1002/asi.23209(2015),"org/10.1016/j.joi.2013.08.006(2013).31.Onodera, N. & Yoshikane, F. Factors affecting citation rates of research articles. J. Am. Soc. Inform. Sci. 66, 739–764, https://doi.org/10.1002/asi.23209(2015)."
s41597-026-06867-3.pdf,pymupdf,page_text,10,url,"https://doi.org/10.1038/s41597-026-06867-3www.nature.com/scientificdatawww.nature.com/scientificdata/32.Sienkiewicz,",https://doi.org/10.1038/s41597-026-06867-3www.nature.com/scientificdatawww.nature.com/scientificdata/32.Sienkiewicz,"10 Scientific Data | (2026) 13:301 | https://doi.org/10.1038/s41597-026-06867-3www.nature.com/scientificdatawww.nature.com/scientificdata/32.Sienkiewicz, J. & Altmann, E. G. Impact of lexical and sentiment factors on the popularity of scientific papers. R. Soc. Open Sci. 3, 160140, https://doi.org/10.1098/rsos.1"
s41597-026-06867-3.pdf,pymupdf,page_text,10,url,https://doi.org/10.1098/rsos.160140(2016).33.RCoreTeam.,https://doi.org/10.1098/rsos.160140(2016).33.RCoreTeam,"scientificdata/32.Sienkiewicz, J. & Altmann, E. G. Impact of lexical and sentiment factors on the popularity of scientific papers. R. Soc. Open Sci. 3, 160140, https://doi.org/10.1098/rsos.160140(2016).33.RCoreTeam. R: A Language and Environment for Statistical Computing. R Foundation for Statistical Computing, Vienna, Austria (2025). 34. Wickham, H. et al. Welcome to the"
s41597-026-06867-3.pdf,pymupdf,page_text,10,url,"https://doi.org/10.21105/joss.01686(2019).35.Wilke,",https://doi.org/10.21105/joss.01686(2019).35.Wilke,"ting. R Foundation for Statistical Computing, Vienna, Austria (2025). 34. Wickham, H. et al. Welcome to the tidyverse. Journal of Open Source Software 4, 1686, https://doi.org/10.21105/joss.01686(2019).35.Wilke, C. O. cowplot: Streamlined Plot Theme and Plot Annotations for ’ggplot2’ R package version 1.2.0., https://doi.org/10.32614/CRAN.package.cowplot(2025).36.Willi"
s41597-026-06867-3.pdf,pymupdf,page_text,10,url,https://doi.org/10.32614/CRAN.package.cowplot(2025).36.WilliamRevelle.psych:,https://doi.org/10.32614/CRAN.package.cowplot(2025).36.WilliamRevelle.psych,"4, 1686, https://doi.org/10.21105/joss.01686(2019).35.Wilke, C. O. cowplot: Streamlined Plot Theme and Plot Annotations for ’ggplot2’ R package version 1.2.0., https://doi.org/10.32614/CRAN.package.cowplot(2025).36.WilliamRevelle.psych: Procedures for Psychological, Psychometric, and Personality Research. Northwestern University, Evanston, Illinois R package version 2.5.6., https://doi.org/10."
s41597-026-06867-3.pdf,pymupdf,page_text,10,url,"https://doi.org/10.32614/CRAN.package.psych(2025).37.Kuhn,",https://doi.org/10.32614/CRAN.package.psych(2025).37.Kuhn,"lliamRevelle.psych: Procedures for Psychological, Psychometric, and Personality Research. Northwestern University, Evanston, Illinois R package version 2.5.6., https://doi.org/10.32614/CRAN.package.psych(2025).37.Kuhn, M. Building predictive models in r using the caret package. Journal of Statistical Software 28, 1–26, https://doi.org/10.18637/jss.v028.i05(2008).Acknowledgeme"
s41597-026-06867-3.pdf,pymupdf,page_text,10,url,https://doi.org/10.18637/jss.v028.i05(2008).AcknowledgementsTheauthorsof,https://doi.org/10.18637/jss.v028.i05(2008).AcknowledgementsTheauthorsof,"ttps://doi.org/10.32614/CRAN.package.psych(2025).37.Kuhn, M. Building predictive models in r using the caret package. Journal of Statistical Software 28, 1–26, https://doi.org/10.18637/jss.v028.i05(2008).AcknowledgementsTheauthorsof this work were funded by the European Union under the Horizon Europe grant OMINO - Overcoming Multilevel INformation Overload (grant number 101086321, https://"
s41597-026-06867-3.pdf,pymupdf,page_text,10,url,https://ominoproject.eu).Views,https://ominoproject.eu).Views,"uthorsof this work were funded by the European Union under the Horizon Europe grant OMINO - Overcoming Multilevel INformation Overload (grant number 101086321, https://ominoproject.eu).Views and opinions expressed are those of the authors alone and do not necessarily reflect those of the European Union or the European Research Executive Agency. Nei"
s41597-026-06867-3.pdf,pymupdf,page_text,10,url,www.nature.com/reprints.Publisher’s,https://www.nature.com/reprints.Publisher’s,ng interests. Additional information Correspondence and requests for materials should be addressed to F.B. Reprints and permissions information is available at www.nature.com/reprints.Publisher’s note Springer Nature remains neutral with regard to jurisdictional claims in published maps and institutional affiliations. Open Access This article is license
s41597-026-06867-3.pdf,pymupdf,page_text,10,url,https://creativecommons.org/licenses/by/4.0/.,https://creativecommons.org/licenses/by/4.0/,"statutory regulation or exceeds the permitted use, you will need to obtain permission directly from the copyright holder. To view a copy of this licence, visit https://creativecommons.org/licenses/by/4.0/. © The Author(s) 2026"
s41597-026-06867-3.pdf,grobid_tei,target,,url,https://github.com/kermitt2/grobid,https://github.com/kermitt2/grobid,
s41597-026-06867-3.pdf,grobid_tei,target,,url,https://doi.org/10.1371/journal.pbio.3000959,https://doi.org/10.1371/journal.pbio.3000959,
s41597-026-06867-3.pdf,grobid_tei,target,,url,https://doi.org/10.1371/journal.pone.0274441,https://doi.org/10.1371/journal.pone.0274441,
s41597-026-06867-3.pdf,grobid_tei,target,,url,https://doi.org/10.5281/zenodo.17992421,https://doi.org/10.5281/zenodo.17992421,
s41597-026-06867-3.pdf,grobid_tei,target,,url,https://doi.org/10.1002/leap.1265,https://doi.org/10.1002/leap.1265,
s41597-026-06867-3.pdf,grobid_tei,target,,url,https://doi.org/10.1007/s11192-021-03900-7,https://doi.org/10.1007/s11192-021-03900-7,
s41597-026-06867-3.pdf,grobid_tei,target,,url,https://doi.org/10.1101/833400,https://doi.org/10.1101/833400,
s41597-026-06867-3.pdf,grobid_tei,target,,url,https://doi.org/10.7554/eLife,https://doi.org/10.7554/eLife,
s41597-026-06867-3.pdf,grobid_tei,target,,url,https://doi.org/10.1007/s11192-021-04059-x,https://doi.org/10.1007/s11192-021-04059-x,
s41597-026-06867-3.pdf,grobid_tei,target,,url,https://doi.org/10.1007/s11192-022-04346-1,https://doi.org/10.1007/s11192-022-04346-1,
s41597-026-06867-3.pdf,grobid_tei,target,,url,https://doi.org/10.4103/sja.sja_632_21,https://doi.org/10.4103/sja.sja_632_21,
s41597-026-06867-3.pdf,grobid_tei,target,,url,https://doi.org/10.7554/eLife.58496,https://doi.org/10.7554/eLife.58496,
s41597-026-06867-3.pdf,grobid_tei,target,,url,https://doi.org/10.1162/qss_a_00043,https://doi.org/10.1162/qss_a_00043,
s41597-026-06867-3.pdf,grobid_tei,target,,url,https://doi.org/10.7554/eLife.45133,https://doi.org/10.7554/eLife.45133,
s41597-026-06867-3.pdf,grobid_tei,target,,url,https://doi.org/10.5281/ZENODO.2529922,https://doi.org/10.5281/ZENODO.2529922,
s41597-026-06867-3.pdf,grobid_tei,target,,url,https://doi.org/10.6084/M9.FIGSHARE.12033672.V58,https://doi.org/10.6084/M9.FIGSHARE.12033672.V58,
s41597-026-06867-3.pdf,grobid_tei,target,,url,https://doi.org/10.1371/journal.pone.0303005,https://doi.org/10.1371/journal.pone.0303005,
s41597-026-06867-3.pdf,grobid_tei,target,,url,https://doi.org/10.1371/journal.pone.0281659,https://doi.org/10.1371/journal.pone.0281659,
s41597-026-06867-3.pdf,grobid_tei,target,,url,https://doi.org/10.5281/zenodo.15124417,https://doi.org/10.5281/zenodo.15124417,
s41597-026-06867-3.pdf,grobid_tei,target,,url,https://doi.org/10.1177/001316446002000104,https://doi.org/10.1177/001316446002000104,
s41597-026-06867-3.pdf,grobid_tei,target,,url,https://doi.org/10.11613/BM.2012.031,https://doi.org/10.11613/BM.2012.031,
s41597-026-06867-3.pdf,grobid_tei,target,,url,https://doi.org/10.6028/NBS.RPT.9011,https://doi.org/10.6028/NBS.RPT.9011,
s41597-026-06867-3.pdf,grobid_tei,target,,url,https://doi.org/10.1038/s,https://doi.org/10.1038/s,
s41597-026-06867-3.pdf,grobid_tei,target,,url,https://doi.org/10.1038/nj7612-457a,https://doi.org/10.1038/nj7612-457a,
s41597-026-06867-3.pdf,grobid_tei,target,,url,https://doi.org/10.1126/science.368.6494.924,https://doi.org/10.1126/science.368.6494.924,
s41597-026-06867-3.pdf,grobid_tei,target,,url,https://doi.org/10.1002/asi.24852,https://doi.org/10.1002/asi.24852,
s41597-026-06867-3.pdf,grobid_tei,target,,url,https://doi.org/10.1038/d41586-017-08404-0,https://doi.org/10.1038/d41586-017-08404-0,
s41597-026-06867-3.pdf,grobid_tei,target,,url,https://doi.org/10.1016/j.joi.2013.08.006,https://doi.org/10.1016/j.joi.2013.08.006,
s41597-026-06867-3.pdf,grobid_tei,target,,url,https://doi.org/10.1002/asi.23209,https://doi.org/10.1002/asi.23209,
s41597-026-06867-3.pdf,grobid_tei,target,,url,https://doi.org/10.1098/rsos.160140,https://doi.org/10.1098/rsos.160140,
s41597-026-06867-3.pdf,grobid_tei,target,,url,https://doi.org/10.21105/joss.01686,https://doi.org/10.21105/joss.01686,
s41597-026-06867-3.pdf,grobid_tei,target,,url,https://doi.org/10.32614/CRAN.package.cowplot,https://doi.org/10.32614/CRAN.package.cowplot,
s41597-026-06867-3.pdf,grobid_tei,target,,url,https://doi.org/10.32614/CRAN.package.psych,https://doi.org/10.32614/CRAN.package.psych,
s41597-026-06867-3.pdf,grobid_tei,target,,url,https://doi.org/10.18637/jss,https://doi.org/10.18637/jss,
s41597-026-06867-3.pdf,grobid_tei,idno_doi,,doi,10.1038/s41597-026-06867-3,https://doi.org/10.1038/s41597-026-06867-3,10.1038/s41597-026-06867-3
s41597-026-06867-3.pdf,grobid_tei,idno_doi,,doi,10.1038/s41562-024-01833-8,https://doi.org/10.1038/s41562-024-01833-8,10.1038/s41562-024-01833-8
s41597-026-06867-3.pdf,grobid_tei,idno_doi,,doi,10.18637/jss.v028.i05,https://doi.org/10.18637/jss.v028.i05,10.18637/jss.v028.i05
s41597-026-06867-3.pdf,grobid_tei,full_tei_text,,url,https://api.biorxiv.org/details/server/interval/cursor/format.Methods,https://api.biorxiv.org/details/server/interval/cursor/format.Methods,"ata. step 1: biorxiv Metadata retrieval. The first step in this study was to obtain metadata from the bioRxiv preprint platform using the official bioRxiv API (https://api.biorxiv.org/details/server/interval/cursor/format.Methods Dataset generation workflow.The API has the following structure: server indicates the source of the data (e.g., bioRxiv or MedRxiv), interval indicates the des"
s41597-026-06867-3.pdf,grobid_tei,full_tei_text,,url,https://doi.org/10.1038/s41597-026-06867-3acknowledgementsTheauthorsofthiswork,https://doi.org/10.1038/s41597-026-06867-3acknowledgementsTheauthorsofthiswork,"722 53936 81820227 73110 49417 51735 742Total19 09035 81390 614145 517 Table 4 .4of preprints in the PreprintToPaper dataset. Scientific Data | (2026) 13:301 | https://doi.org/10.1038/s41597-026-06867-3acknowledgementsTheauthorsofthiswork were funded by the European Union under the Horizon Europe grant OMINO -Overcoming Multilevel INformation Overload (grant number 101086321, https://ominoprojec"
s41597-026-06867-3.pdf,grobid_tei,full_tei_text,,url,"https://doi.org/10.1371/journal.pbio.3000959(2021).Motivations,",https://doi.org/10.1371/journal.pbio.3000959(2021).Motivations,"l. The evolving role of preprints in the dissemination of COVID-19 research and their impact on the science communication landscape. PLOS Biology 19, e3000959, https://doi.org/10.1371/journal.pbio.3000959(2021).Motivations, concerns and selection biases when posting preprints: a survey of bioRxiv authors NFraser PMayr IPeters 10.1371/journal.pone.0274441PLoSONE172022Fraser, N., Ma"
s41597-026-06867-3.pdf,grobid_tei,full_tei_text,,url,https://doi.org/10.1371/journal.pone.0274441(2022).FBadalovaPMayrJSienkiewiczPreprinttopaper,https://doi.org/10.1371/journal.pone.0274441(2022).FBadalovaPMayrJSienkiewiczPreprinttopaper,"4441PLoSONE172022Fraser, N., Mayr, P. & Peters, I. Motivations, concerns and selection biases when posting preprints: a survey of bioRxiv authors. PLoS ONE 17, https://doi.org/10.1371/journal.pone.0274441(2022).FBadalovaPMayrJSienkiewiczPreprinttopaper Dataset 10.5281/zenodo.17992421ConnectingbioRxivpreprintswithjournal publications 2025 Badalova, F., Mayr, P. & Sienkiewicz, J. PreprintToPaper dataset: Connec"
s41597-026-06867-3.pdf,grobid_tei,full_tei_text,,url,https://doi.org/10.5281/zenodo.17992421(2025).Trendsandanalysisof,https://doi.org/10.5281/zenodo.17992421(2025).Trendsandanalysisof,"reprintswithjournal publications 2025 Badalova, F., Mayr, P. & Sienkiewicz, J. PreprintToPaper dataset: Connecting bioRxiv preprints with journal publications, https://doi.org/10.5281/zenodo.17992421(2025).Trendsandanalysisof five years of preprints KRAnderson Biorxiv 10.1002/leap.1265LearnedPublishing332020Anderson, K. R. bioRxiv: Trends and analysis of five years of preprints. Lea"
s41597-026-06867-3.pdf,grobid_tei,full_tei_text,,url,https://doi.org/10.1002/leap.1265(2020).Day-to-daydiscoveryofpreprint-publication,https://doi.org/10.1002/leap.1265(2020).Day-to-daydiscoveryofpreprint-publication,"derson Biorxiv 10.1002/leap.1265LearnedPublishing332020Anderson, K. R. bioRxiv: Trends and analysis of five years of preprints. Learned Publishing 33, 104-109, https://doi.org/10.1002/leap.1265(2020).Day-to-daydiscoveryofpreprint-publication links GCabanac TOikonomidi IBoutron 10.1007/s11192-021-03900-7Scientometrics1262021Cabanac, G., Oikonomidi, T. & Boutron, I. Day-to-day discovery of preprint-p"
s41597-026-06867-3.pdf,grobid_tei,full_tei_text,,url,https://doi.org/10.1007/s11192-021-03900-7(2021).RSever10.1101/833400bioRxiv:thepreprintserver,https://doi.org/10.1007/s11192-021-03900-7(2021).RSever10.1101/833400bioRxiv:thepreprintserver,"92-021-03900-7Scientometrics1262021Cabanac, G., Oikonomidi, T. & Boutron, I. Day-to-day discovery of preprint-publication links. Scientometrics 126, 5285-5304, https://doi.org/10.1007/s11192-021-03900-7(2021).RSever10.1101/833400bioRxiv:thepreprintserver for biology 2019 Sever, R. et al. bioRxiv: the preprint server for biology, https://doi.org/10.1101/833400(2019).Trackingthepopularityand outcomes of all biorx"
s41597-026-06867-3.pdf,grobid_tei,full_tei_text,,url,https://doi.org/10.1101/833400(2019).Trackingthepopularityand,https://doi.org/10.1101/833400(2019).Trackingthepopularityand,".org/10.1007/s11192-021-03900-7(2021).RSever10.1101/833400bioRxiv:thepreprintserver for biology 2019 Sever, R. et al. bioRxiv: the preprint server for biology, https://doi.org/10.1101/833400(2019).Trackingthepopularityand outcomes of all biorxiv preprints RJAbdill RBlekhman 10.7554/eLife.451332019845133Abdill, R. J. & Blekhman, R. Tracking the popularity and outcomes of all bior"
s41597-026-06867-3.pdf,grobid_tei,full_tei_text,,url,https://doi.org/10.7554/eLife.45133(2019).Publicationpatterns,https://doi.org/10.7554/eLife.45133(2019).Publicationpatterns,"ts RJAbdill RBlekhman 10.7554/eLife.451332019845133Abdill, R. J. & Blekhman, R. Tracking the popularity and outcomes of all biorxiv preprints. eLife 8, e45133, https://doi.org/10.7554/eLife.45133(2019).Publicationpatterns' changes due to the COVID-19 pandemic: a longitudinal and short-term scientometric analysis SAviv-Reuven ARosenfeld 10.1007/s11192-021-04059-xScientometrics126"
s41597-026-06867-3.pdf,grobid_tei,full_tei_text,,url,https://doi.org/10.1007/s11192-021-04059-x(2021).Opendataanddata,https://doi.org/10.1007/s11192-021-04059-x(2021).Opendataanddata,"Rosenfeld, A. Publication patterns' changes due to the COVID-19 pandemic: a longitudinal and short-term scientometric analysis. Scientometrics 126, 6761-6784, https://doi.org/10.1007/s11192-021-04059-x(2021).Opendataanddata sharing in articles about COVID-19 published in preprint servers medRxiv and bioRxiv JStrcic 10.1007/s11192-022-04346-1Scientometrics1272022Strcic, J. et al. O"
s41597-026-06867-3.pdf,grobid_tei,full_tei_text,,url,"https://doi.org/10.1007/s11192-022-04346-1(2022).Publishorperish,",https://doi.org/10.1007/s11192-022-04346-1(2022).Publishorperish,"272022Strcic, J. et al. Open data and data sharing in articles about COVID-19 published in preprint servers medRxiv and bioRxiv. Scientometrics 127, 2791-2802, https://doi.org/10.1007/s11192-022-04346-1(2022).Publishorperish, information overload, and journal impact factors -A conflicting tripod of forces VGrech 10.4103/sja.sja_632_21SaudiJournalofAnaesthesia16 2022 Grech, V. Publis"
s41597-026-06867-3.pdf,grobid_tei,full_tei_text,,url,https://doi.org/10.4103/sja.sja_632_21(2022).Internationalauthorshipandcollaboration,https://doi.org/10.4103/sja.sja_632_21(2022).Internationalauthorshipandcollaboration,"sia16 2022 Grech, V. Publish or perish, information overload, and journal impact factors -A conflicting tripod of forces. Saudi Journal of Anaesthesia 16, 204, https://doi.org/10.4103/sja.sja_632_21(2022).Internationalauthorshipandcollaboration across bioRxiv preprints RJAbdill EMAdamowicz RBlekhman 10.7554/eLife.5849620209Abdill, R. J., Adamowicz, E. M. & Blekhman, R. International authorship and col"
s41597-026-06867-3.pdf,grobid_tei,full_tei_text,,url,https://doi.org/10.7554/eLife.58496(2020).TherelationshipbetweenbioRxiv,https://doi.org/10.7554/eLife.58496(2020).TherelationshipbetweenbioRxiv,"an 10.7554/eLife.5849620209Abdill, R. J., Adamowicz, E. M. & Blekhman, R. International authorship and collaboration across bioRxiv preprints. eLife 9, e58496, https://doi.org/10.7554/eLife.58496(2020).TherelationshipbetweenbioRxiv preprints, citations and altmetrics NFraser FMomeni PMayr IPeters 10.1162/qss_a_00043QuantitativeScienceStudies12020 Fraser, N., Momeni, F., Mayr, P. & Peters,"
s41597-026-06867-3.pdf,grobid_tei,full_tei_text,,url,https://doi.org/10.1162/qss_a_00043(2020).Meta-research:Trackingthepopularity,https://doi.org/10.1162/qss_a_00043(2020).Meta-research:Trackingthepopularity,"20 Fraser, N., Momeni, F., Mayr, P. & Peters, I. The relationship between bioRxiv preprints, citations and altmetrics. Quantitative Science Studies 1, 618-638, https://doi.org/10.1162/qss_a_00043(2020).Meta-research:Trackingthepopularity and outcomes of all biorxiv preprints RJAbdill RBlekhman 10.7554/eLife.451332019845133Abdill, R. J. & Blekhman, R. Meta-research: Tracking the popularity and o"
s41597-026-06867-3.pdf,grobid_tei,full_tei_text,,url,https://doi.org/10.7554/eLife.45133(2019).RJAbdillRBlekhman10.5281/ZENODO.2529922CompleteRxivistdatasetof,https://doi.org/10.7554/eLife.45133(2019).RJAbdillRBlekhman10.5281/ZENODO.2529922CompleteRxivistdatasetof,"ekhman 10.7554/eLife.451332019845133Abdill, R. J. & Blekhman, R. Meta-research: Tracking the popularity and outcomes of all biorxiv preprints. eLife 8, e45133, https://doi.org/10.7554/eLife.45133(2019).RJAbdillRBlekhman10.5281/ZENODO.2529922CompleteRxivistdatasetof scraped biology preprint data 2023 Abdill, R. J. & Blekhman, R. Complete Rxivist dataset of scraped biology preprint data, https://doi.org/10.5281/ZENODO.25299"
s41597-026-06867-3.pdf,grobid_tei,full_tei_text,,url,"https://doi.org/10.5281/ZENODO.2529922(2023).NFraserBKramer10.6084/M9.FIGSHARE.12033672.V582021covid19_preprintsFraser,",https://doi.org/10.5281/ZENODO.2529922(2023).NFraserBKramer10.6084/M9.FIGSHARE.12033672.V582021covid19_preprintsFraser,"NODO.2529922CompleteRxivistdatasetof scraped biology preprint data 2023 Abdill, R. J. & Blekhman, R. Complete Rxivist dataset of scraped biology preprint data, https://doi.org/10.5281/ZENODO.2529922(2023).NFraserBKramer10.6084/M9.FIGSHARE.12033672.V582021covid19_preprintsFraser, N. & Kramer, B. covid19_preprints, https://doi.org/10.6084/M9.FIGSHARE.12033672.V58(2021).Enablingpreprintdiscovery, evaluation, and analysis with europe PMC M"
s41597-026-06867-3.pdf,grobid_tei,full_tei_text,,url,"https://doi.org/10.6084/M9.FIGSHARE.12033672.V58(2021).Enablingpreprintdiscovery,",https://doi.org/10.6084/M9.FIGSHARE.12033672.V58(2021).Enablingpreprintdiscovery,"ata, https://doi.org/10.5281/ZENODO.2529922(2023).NFraserBKramer10.6084/M9.FIGSHARE.12033672.V582021covid19_preprintsFraser, N. & Kramer, B. covid19_preprints, https://doi.org/10.6084/M9.FIGSHARE.12033672.V58(2021).Enablingpreprintdiscovery, evaluation, and analysis with europe PMC MLevchenko MParkin JMcentyre MHarrison 10.1371/journal.pone.0303005PLOSONE193030052024 Levchenko, M., Parkin, M., McEn"
s41597-026-06867-3.pdf,grobid_tei,full_tei_text,,url,https://doi.org/10.1371/journal.pone.0303005(2024).Preprintmatch:Atoolfor,https://doi.org/10.1371/journal.pone.0303005(2024).Preprintmatch:Atoolfor,"3030052024 Levchenko, M., Parkin, M., McEntyre, J. & Harrison, M. Enabling preprint discovery, evaluation, and analysis with europe PMC. PLOS ONE 19, e0303005, https://doi.org/10.1371/journal.pone.0303005(2024).Preprintmatch:Atoolfor preprint to publication detection shows global inequities in scientific publication PEckmann ABandrowski 10.1371/journal.pone.0281659PLOSONE182816592023 Eckman"
s41597-026-06867-3.pdf,grobid_tei,full_tei_text,,url,https://doi.org/10.1371/journal.pone.0281659(2023).DTkaczyk10.5281/zenodo.15124417Crossrefrelationshipsbetweenpreprints,https://doi.org/10.1371/journal.pone.0281659(2023).DTkaczyk10.5281/zenodo.15124417Crossrefrelationshipsbetweenpreprints,"mann, P. & Bandrowski, A. Preprintmatch: A tool for preprint to publication detection shows global inequities in scientific publication. PLOS ONE 18, e0281659, https://doi.org/10.1371/journal.pone.0281659(2023).DTkaczyk10.5281/zenodo.15124417Crossrefrelationshipsbetweenpreprints and journal articles 2025 Tkaczyk, D. Crossref relationships between preprints and journal articles, https://doi.org/10.5281/zenodo.15124417(2025).Acoefficient"
s41597-026-06867-3.pdf,grobid_tei,full_tei_text,,url,https://doi.org/10.5281/zenodo.15124417(2025).Acoefficientofagreement,https://doi.org/10.5281/zenodo.15124417(2025).Acoefficientofagreement,".5281/zenodo.15124417Crossrefrelationshipsbetweenpreprints and journal articles 2025 Tkaczyk, D. Crossref relationships between preprints and journal articles, https://doi.org/10.5281/zenodo.15124417(2025).Acoefficientofagreement for nominal scales JCohen 10.1177/001316446002000104EducationalandPsychologicalMeasurement20 1960 Cohen, J. A coefficient of agreement for nominal scales. Educ"
s41597-026-06867-3.pdf,grobid_tei,full_tei_text,,url,https://doi.org/10.1177/001316446002000104(1960).Interraterreliability:thekappa,https://doi.org/10.1177/001316446002000104(1960).Interraterreliability:thekappa,"0104EducationalandPsychologicalMeasurement20 1960 Cohen, J. A coefficient of agreement for nominal scales. Educational and Psychological Measurement 20, 37-46, https://doi.org/10.1177/001316446002000104(1960).Interraterreliability:thekappa statistic MLMchugh 10.11613/BM.2012.031BiochemiaMedica222012McHugh, M. L. Interrater reliability: the kappa statistic. Biochemia Medica 22, 276-282, https://do"
s41597-026-06867-3.pdf,grobid_tei,full_tei_text,,url,https://doi.org/10.11613/BM.2012.031(2012).TheElementsofStatistical,https://doi.org/10.11613/BM.2012.031(2012).TheElementsofStatistical,"y:thekappa statistic MLMchugh 10.11613/BM.2012.031BiochemiaMedica222012McHugh, M. L. Interrater reliability: the kappa statistic. Biochemia Medica 22, 276-282, https://doi.org/10.11613/BM.2012.031(2012).TheElementsofStatistical Learning THastie RTibshirani JFriedman Springer Series in Statistics New York, NY, USA Springer New York Inc 2001 Hastie, T., Tibshirani, R. & Friedman, J. The"
s41597-026-06867-3.pdf,grobid_tei,full_tei_text,,url,https://doi.org/10.6028/NBS.RPT.9011(1966).Protectourenvironmentfrom,https://doi.org/10.6028/NBS.RPT.9011(1966).Protectourenvironmentfrom,"York, NY, USA, 2001). HHKu 10.6028/NBS.RPT.9011Notesontheuseof propagation of error formulas 1966 Ku, H. H. Notes on the use of propagation of error formulas, https://doi.org/10.6028/NBS.RPT.9011(1966).Protectourenvironmentfrom information overload JAHołyst 10.1038/s41562-024-01833-841562-024-01833-8NatureHumanBehaviour8 2024 Hołyst, J. A. et al. Protect our environment from informati"
s41597-026-06867-3.pdf,grobid_tei,full_tei_text,,url,https://doi.org/10.1038/s41562-024-01833-8(2024).Scientificliterature:Informationoverload,https://doi.org/10.1038/s41562-024-01833-8(2024).Scientificliterature:Informationoverload,"4-01833-841562-024-01833-8NatureHumanBehaviour8 2024 Hołyst, J. A. et al. Protect our environment from information overload. Nature Human Behaviour 8, 402-403, https://doi.org/10.1038/s41562-024-01833-8(2024).Scientificliterature:Informationoverload ELandhuis 10.1038/nj7612-457aNature5352016Landhuis, E. Scientific literature: Information overload. Nature 535, 457-458, https://doi.org/10.1038/nj7612-457a(20"
s41597-026-06867-3.pdf,grobid_tei,full_tei_text,,url,https://doi.org/10.1038/nj7612-457a(2016).Newtoolsaimto,https://doi.org/10.1038/nj7612-457a(2016).Newtoolsaimto,"ientificliterature:Informationoverload ELandhuis 10.1038/nj7612-457aNature5352016Landhuis, E. Scientific literature: Information overload. Nature 535, 457-458, https://doi.org/10.1038/nj7612-457a(2016).Newtoolsaimto tame pandemic paper tsunami JBrainard 10.1126/science.368.6494.924Science3682020Brainard, J. New tools aim to tame pandemic paper tsunami. Science 368, 924-925"
s41597-026-06867-3.pdf,grobid_tei,full_tei_text,,url,https://doi.org/10.1126/science.368.6494.924(2020).Thedecreaseinuncited,https://doi.org/10.1126/science.368.6494.924(2020).Thedecreaseinuncited,"ame pandemic paper tsunami JBrainard 10.1126/science.368.6494.924Science3682020Brainard, J. New tools aim to tame pandemic paper tsunami. Science 368, 924-925, https://doi.org/10.1126/science.368.6494.924(2020).Thedecreaseinuncited articles and its effect on the concentration of citations DKozlowski JPAndersen VLarivière 10.1002/asi.24852JournaloftheAssociationfor Information Science and"
s41597-026-06867-3.pdf,grobid_tei,full_tei_text,,url,https://doi.org/10.1002/asi.24852(2024).Thesciencethat,https://doi.org/10.1002/asi.24852(2024).Thesciencethat,"e decrease in uncited articles and its effect on the concentration of citations. Journal of the Association for Information Science and Technology 75, 188-197, https://doi.org/10.1002/asi.24852(2024).Thesciencethat's never been cited RVNoorden 10.1038/d41586-017-08404-0Nature5522017Noorden, R. V. The science that's never been cited. Nature 552, 162-164, https://doi.org/10"
s41597-026-06867-3.pdf,grobid_tei,full_tei_text,,url,https://doi.org/10.1038/d41586-017-08404-0(2017).Languageaschoiceand,https://doi.org/10.1038/d41586-017-08404-0(2017).Languageaschoiceand,"24).Thesciencethat's never been cited RVNoorden 10.1038/d41586-017-08404-0Nature5522017Noorden, R. V. The science that's never been cited. Nature 552, 162-164, https://doi.org/10.1038/d41586-017-08404-0(2017).Languageaschoiceand chance GHerdan 1960 Springer Berlin Heidelberg, Berlin, Germany Herdan, G. Language as choice and chance (Springer Berlin Heidelberg, Berlin, Germany, 1960). T"
s41597-026-06867-3.pdf,grobid_tei,full_tei_text,,url,https://doi.org/10.1016/j.joi.2013.08.006(2013).Factorsaffectingcitationrates,https://doi.org/10.1016/j.joi.2013.08.006(2013).Factorsaffectingcitationrates,"h, F. & Thelwall, M. Which factors help authors produce the highest impact research? collaboration, journal and document properties. J. Informetr. 7, 861 -873, https://doi.org/10.1016/j.joi.2013.08.006(2013).Factorsaffectingcitationrates of research articles NOnodera FYoshikane 10.1002/asi.23209J.Am.Soc.Inform.Sci 66 2015 Onodera, N. & Yoshikane, F. Factors affecting citation rates of research"
s41597-026-06867-3.pdf,grobid_tei,full_tei_text,,url,https://doi.org/10.1002/asi.23209(2015).Impactoflexicaland,https://doi.org/10.1002/asi.23209(2015).Impactoflexicaland,"2/asi.23209J.Am.Soc.Inform.Sci 66 2015 Onodera, N. & Yoshikane, F. Factors affecting citation rates of research articles. J. Am. Soc. Inform. Sci. 66, 739-764, https://doi.org/10.1002/asi.23209(2015).Impactoflexicaland sentiment factors on the popularity of scientific papers JSienkiewicz EGAltmann 10.1098/rsos.160140R.Soc.OpenSci3 160140 2016 Sienkiewicz, J. & Altmann, E. G."
s41597-026-06867-3.pdf,grobid_tei,full_tei_text,,url,https://doi.org/10.1098/rsos.160140(2016).R:ALanguageand,https://doi.org/10.1098/rsos.160140(2016).R:ALanguageand,"nSci3 160140 2016 Sienkiewicz, J. & Altmann, E. G. Impact of lexical and sentiment factors on the popularity of scientific papers. R. Soc. Open Sci. 3, 160140, https://doi.org/10.1098/rsos.160140(2016).R:ALanguageand Environment for Statistical Computing TeamCore R Foundation for Statistical Computing Vienna, Austria 2025 R Core Team. R: A Language and Environment for Stati"
s41597-026-06867-3.pdf,grobid_tei,full_tei_text,,url,https://doi.org/10.21105/joss.01686(2019).StreamlinedPlotThemeand,https://doi.org/10.21105/joss.01686(2019).StreamlinedPlotThemeand,"erse HWickham 10.21105/joss.01686JournalofOpenSourceSoftware 4 1686. 2019 Wickham, H. et al. Welcome to the tidyverse. Journal of Open Source Software 4, 1686, https://doi.org/10.21105/joss.01686(2019).StreamlinedPlotThemeand Plot Annotations for 'ggplot2' R package version 1.2.0 COWilke Cowplot 10.32614/CRAN.package.cowplot2025Wilke, C. O. cowplot: Streamlined Plot Theme and Plot A"
s41597-026-06867-3.pdf,grobid_tei,full_tei_text,,url,"https://doi.org/10.32614/CRAN.package.cowplot(2025).WilliamRevelle10.32614/CRAN.package.psych2025Evanston,",https://doi.org/10.32614/CRAN.package.cowplot(2025).WilliamRevelle10.32614/CRAN.package.psych2025Evanston,".2.0 COWilke Cowplot 10.32614/CRAN.package.cowplot2025Wilke, C. O. cowplot: Streamlined Plot Theme and Plot Annotations for 'ggplot2' R package version 1.2.0., https://doi.org/10.32614/CRAN.package.cowplot(2025).WilliamRevelle10.32614/CRAN.package.psych2025Evanston, Illinois Procedures for Psychological, Psychometric, and Personality Research. Northwestern University R package version 2.5.6. William Revelle. psych: Procedu"
s41597-026-06867-3.pdf,grobid_tei,full_tei_text,,url,https://doi.org/10.32614/CRAN.package.psych(2025).Buildingpredictivemodelsin,https://doi.org/10.32614/CRAN.package.psych(2025).Buildingpredictivemodelsin,"iam Revelle. psych: Procedures for Psychological, Psychometric, and Personality Research. Northwestern University, Evanston, Illinois R package version 2.5.6., https://doi.org/10.32614/CRAN.package.psych(2025).Buildingpredictivemodelsin r using the caret package MKuhn 10.18637/jss.v028.i05JournalofStatisticalSoftware28 5 2008 Kuhn, M. Building predictive models in r using the caret package. Jo"
s41597-026-06867-3.pdf,grobid_tei,full_tei_text,,url,https://doi.org/10.18637/jss.v028.i05(2008).,https://doi.org/10.18637/jss.v028.i05(2008),"7/jss.v028.i05JournalofStatisticalSoftware28 5 2008 Kuhn, M. Building predictive models in r using the caret package. Journal of Statistical Software 28, 1-26, https://doi.org/10.18637/jss.v028.i05(2008)."
s41597-026-06867-3.pdf,grobid_tei,full_tei_text,,doi,10.1038/s41597-026-06867-3Received:13October2025;Accepted:,https://doi.org/10.1038/s41597-026-06867-3Received:13October2025;Accepted,for the Social Sciences 50667 Cologne Germany PreprinttoPaper dataset: connecting bioRxiv preprints with journal publications E9A32800F0A00EAE2E624632A5AABF70 10.1038/s41597-026-06867-3Received:13October2025;Accepted: 9 February 2026; GROBID - A machine learning software for extracting information from scholarly documents the PreprinttoPaper dataset connects bioRxiv preprint
s41597-026-06867-3.pdf,grobid_tei,full_tei_text,,doi,"10.1371/journal.pbio.3000959PLOSBiology192021Fraser,",https://doi.org/10.1371/journal.pbio.3000959PLOSBiology192021Fraser,"o competing interests. The evolving role of preprints in the dissemination of COVID-19 research and their impact on the science communication landscape NFraser 10.1371/journal.pbio.3000959PLOSBiology192021Fraser, N. et al. The evolving role of preprints in the dissemination of COVID-19 research and their impact on the science communication landscape. PLOS Biology 19, e3"
s41597-026-06867-3.pdf,grobid_tei,full_tei_text,,doi,"10.1371/journal.pone.0274441PLoSONE172022Fraser,",https://doi.org/10.1371/journal.pone.0274441PLoSONE172022Fraser,"doi.org/10.1371/journal.pbio.3000959(2021).Motivations, concerns and selection biases when posting preprints: a survey of bioRxiv authors NFraser PMayr IPeters 10.1371/journal.pone.0274441PLoSONE172022Fraser, N., Mayr, P. & Peters, I. Motivations, concerns and selection biases when posting preprints: a survey of bioRxiv authors. PLoS ONE 17, https://doi.org/10.1371/"
s41597-026-06867-3.pdf,grobid_tei,full_tei_text,,doi,10.5281/zenodo.17992421ConnectingbioRxivpreprintswithjournal,https://doi.org/10.5281/zenodo.17992421ConnectingbioRxivpreprintswithjournal,"sting preprints: a survey of bioRxiv authors. PLoS ONE 17, https://doi.org/10.1371/journal.pone.0274441(2022).FBadalovaPMayrJSienkiewiczPreprinttopaper Dataset 10.5281/zenodo.17992421ConnectingbioRxivpreprintswithjournal publications 2025 Badalova, F., Mayr, P. & Sienkiewicz, J. PreprintToPaper dataset: Connecting bioRxiv preprints with journal publications, https://doi.org/10."
s41597-026-06867-3.pdf,grobid_tei,full_tei_text,,doi,"10.1002/leap.1265LearnedPublishing332020Anderson,",https://doi.org/10.1002/leap.1265LearnedPublishing332020Anderson,"cting bioRxiv preprints with journal publications, https://doi.org/10.5281/zenodo.17992421(2025).Trendsandanalysisof five years of preprints KRAnderson Biorxiv 10.1002/leap.1265LearnedPublishing332020Anderson, K. R. bioRxiv: Trends and analysis of five years of preprints. Learned Publishing 33, 104-109, https://doi.org/10.1002/leap.1265(2020).Day-to-daydiscoveryofpre"
s41597-026-06867-3.pdf,grobid_tei,full_tei_text,,doi,"10.1007/s11192-021-03900-7Scientometrics1262021Cabanac,",https://doi.org/10.1007/s11192-021-03900-7Scientometrics1262021Cabanac,"reprints. Learned Publishing 33, 104-109, https://doi.org/10.1002/leap.1265(2020).Day-to-daydiscoveryofpreprint-publication links GCabanac TOikonomidi IBoutron 10.1007/s11192-021-03900-7Scientometrics1262021Cabanac, G., Oikonomidi, T. & Boutron, I. Day-to-day discovery of preprint-publication links. Scientometrics 126, 5285-5304, https://doi.org/10.1007/s11192-021-03900-7("
s41597-026-06867-3.pdf,grobid_tei,full_tei_text,,doi,"10.7554/eLife.451332019845133Abdill,",https://doi.org/10.7554/eLife.451332019845133Abdill,"l. bioRxiv: the preprint server for biology, https://doi.org/10.1101/833400(2019).Trackingthepopularityand outcomes of all biorxiv preprints RJAbdill RBlekhman 10.7554/eLife.451332019845133Abdill, R. J. & Blekhman, R. Tracking the popularity and outcomes of all biorxiv preprints. eLife 8, e45133, https://doi.org/10.7554/eLife.45133(2019).Publicationpatte"
s41597-026-06867-3.pdf,grobid_tei,full_tei_text,,doi,"10.1007/s11192-021-04059-xScientometrics1262021Aviv-Reuven,",https://doi.org/10.1007/s11192-021-04059-xScientometrics1262021Aviv-Reuven,".7554/eLife.45133(2019).Publicationpatterns' changes due to the COVID-19 pandemic: a longitudinal and short-term scientometric analysis SAviv-Reuven ARosenfeld 10.1007/s11192-021-04059-xScientometrics1262021Aviv-Reuven, S. & Rosenfeld, A. Publication patterns' changes due to the COVID-19 pandemic: a longitudinal and short-term scientometric analysis. Scientometrics 126, 6761-6"
s41597-026-06867-3.pdf,grobid_tei,full_tei_text,,doi,"10.1007/s11192-022-04346-1Scientometrics1272022Strcic,",https://doi.org/10.1007/s11192-022-04346-1Scientometrics1272022Strcic,", https://doi.org/10.1007/s11192-021-04059-x(2021).Opendataanddata sharing in articles about COVID-19 published in preprint servers medRxiv and bioRxiv JStrcic 10.1007/s11192-022-04346-1Scientometrics1272022Strcic, J. et al. Open data and data sharing in articles about COVID-19 published in preprint servers medRxiv and bioRxiv. Scientometrics 127, 2791-2802, https://doi.o"
s41597-026-06867-3.pdf,grobid_tei,full_tei_text,,doi,10.4103/sja.sja_632_21SaudiJournalofAnaesthesia16,https://doi.org/10.4103/sja.sja_632_21SaudiJournalofAnaesthesia16,"2802, https://doi.org/10.1007/s11192-022-04346-1(2022).Publishorperish, information overload, and journal impact factors -A conflicting tripod of forces VGrech 10.4103/sja.sja_632_21SaudiJournalofAnaesthesia16 2022 Grech, V. Publish or perish, information overload, and journal impact factors -A conflicting tripod of forces. Saudi Journal of Anaesthesia 16, 204, https"
s41597-026-06867-3.pdf,grobid_tei,full_tei_text,,doi,"10.7554/eLife.5849620209Abdill,",https://doi.org/10.7554/eLife.5849620209Abdill,"aesthesia 16, 204, https://doi.org/10.4103/sja.sja_632_21(2022).Internationalauthorshipandcollaboration across bioRxiv preprints RJAbdill EMAdamowicz RBlekhman 10.7554/eLife.5849620209Abdill, R. J., Adamowicz, E. M. & Blekhman, R. International authorship and collaboration across bioRxiv preprints. eLife 9, e58496, https://doi.org/10.7554/eLife.5849"
s41597-026-06867-3.pdf,grobid_tei,full_tei_text,,doi,10.1162/qss_a_00043QuantitativeScienceStudies12020,https://doi.org/10.1162/qss_a_00043QuantitativeScienceStudies12020,"nts. eLife 9, e58496, https://doi.org/10.7554/eLife.58496(2020).TherelationshipbetweenbioRxiv preprints, citations and altmetrics NFraser FMomeni PMayr IPeters 10.1162/qss_a_00043QuantitativeScienceStudies12020 Fraser, N., Momeni, F., Mayr, P. & Peters, I. The relationship between bioRxiv preprints, citations and altmetrics. Quantitative Science Studies 1, 618-638, ht"
s41597-026-06867-3.pdf,grobid_tei,full_tei_text,,doi,10.1371/journal.pone.0303005PLOSONE193030052024,https://doi.org/10.1371/journal.pone.0303005PLOSONE193030052024,"tps://doi.org/10.6084/M9.FIGSHARE.12033672.V58(2021).Enablingpreprintdiscovery, evaluation, and analysis with europe PMC MLevchenko MParkin JMcentyre MHarrison 10.1371/journal.pone.0303005PLOSONE193030052024 Levchenko, M., Parkin, M., McEntyre, J. & Harrison, M. Enabling preprint discovery, evaluation, and analysis with europe PMC. PLOS ONE 19, e0303005, https://do"
s41597-026-06867-3.pdf,grobid_tei,full_tei_text,,doi,10.1371/journal.pone.0281659PLOSONE182816592023,https://doi.org/10.1371/journal.pone.0281659PLOSONE182816592023,"1371/journal.pone.0303005(2024).Preprintmatch:Atoolfor preprint to publication detection shows global inequities in scientific publication PEckmann ABandrowski 10.1371/journal.pone.0281659PLOSONE182816592023 Eckmann, P. & Bandrowski, A. Preprintmatch: A tool for preprint to publication detection shows global inequities in scientific publication. PLOS ONE 18, e02816"
s41597-026-06867-3.pdf,grobid_tei,full_tei_text,,doi,10.1177/001316446002000104EducationalandPsychologicalMeasurement20,https://doi.org/10.1177/001316446002000104EducationalandPsychologicalMeasurement20,"Crossref relationships between preprints and journal articles, https://doi.org/10.5281/zenodo.15124417(2025).Acoefficientofagreement for nominal scales JCohen 10.1177/001316446002000104EducationalandPsychologicalMeasurement20 1960 Cohen, J. A coefficient of agreement for nominal scales. Educational and Psychological Measurement 20, 37-46, https://doi.org/10.1177/001316446002000104(1"
s41597-026-06867-3.pdf,grobid_tei,full_tei_text,,doi,"10.11613/BM.2012.031BiochemiaMedica222012McHugh,",https://doi.org/10.11613/BM.2012.031BiochemiaMedica222012McHugh,"scales. Educational and Psychological Measurement 20, 37-46, https://doi.org/10.1177/001316446002000104(1960).Interraterreliability:thekappa statistic MLMchugh 10.11613/BM.2012.031BiochemiaMedica222012McHugh, M. L. Interrater reliability: the kappa statistic. Biochemia Medica 22, 276-282, https://doi.org/10.11613/BM.2012.031(2012).TheElementsofStatistical Learning T"
s41597-026-06867-3.pdf,grobid_tei,full_tei_text,,doi,10.6028/NBS.RPT.9011Notesontheuseof,https://doi.org/10.6028/NBS.RPT.9011Notesontheuseof,", T., Tibshirani, R. & Friedman, J. The Elements of Statistical Learning. Springer Series in Statistics (Springer New York Inc., New York, NY, USA, 2001). HHKu 10.6028/NBS.RPT.9011Notesontheuseof propagation of error formulas 1966 Ku, H. H. Notes on the use of propagation of error formulas, https://doi.org/10.6028/NBS.RPT.9011(1966).Protectourenvironmen"
s41597-026-06867-3.pdf,grobid_tei,full_tei_text,,doi,10.1038/s41562-024-01833-841562-024-01833-8NatureHumanBehaviour8,https://doi.org/10.1038/s41562-024-01833-841562-024-01833-8NatureHumanBehaviour8,"Ku, H. H. Notes on the use of propagation of error formulas, https://doi.org/10.6028/NBS.RPT.9011(1966).Protectourenvironmentfrom information overload JAHołyst 10.1038/s41562-024-01833-841562-024-01833-8NatureHumanBehaviour8 2024 Hołyst, J. A. et al. Protect our environment from information overload. Nature Human Behaviour 8, 402-403, https://doi.org/10.1038/s41562-024-01833-8(2024"
s41597-026-06867-3.pdf,grobid_tei,full_tei_text,,doi,"10.1038/nj7612-457aNature5352016Landhuis,",https://doi.org/10.1038/nj7612-457aNature5352016Landhuis,"om information overload. Nature Human Behaviour 8, 402-403, https://doi.org/10.1038/s41562-024-01833-8(2024).Scientificliterature:Informationoverload ELandhuis 10.1038/nj7612-457aNature5352016Landhuis, E. Scientific literature: Information overload. Nature 535, 457-458, https://doi.org/10.1038/nj7612-457a(2016).Newtoolsaimto tame pandemic paper tsunami JBrain"
s41597-026-06867-3.pdf,grobid_tei,full_tei_text,,doi,"10.1126/science.368.6494.924Science3682020Brainard,",https://doi.org/10.1126/science.368.6494.924Science3682020Brainard,"Scientific literature: Information overload. Nature 535, 457-458, https://doi.org/10.1038/nj7612-457a(2016).Newtoolsaimto tame pandemic paper tsunami JBrainard 10.1126/science.368.6494.924Science3682020Brainard, J. New tools aim to tame pandemic paper tsunami. Science 368, 924-925, https://doi.org/10.1126/science.368.6494.924(2020).Thedecreaseinuncited articles and its"
s41597-026-06867-3.pdf,grobid_tei,full_tei_text,,doi,10.1002/asi.24852JournaloftheAssociationfor,https://doi.org/10.1002/asi.24852JournaloftheAssociationfor,"ps://doi.org/10.1126/science.368.6494.924(2020).Thedecreaseinuncited articles and its effect on the concentration of citations DKozlowski JPAndersen VLarivière 10.1002/asi.24852JournaloftheAssociationfor Information Science and Technology 75 2024 Kozlowski, D., Andersen, J. P. & Larivière, V. The decrease in uncited articles and its effect on the concentration"
s41597-026-06867-3.pdf,grobid_tei,full_tei_text,,doi,"10.1038/d41586-017-08404-0Nature5522017Noorden,",https://doi.org/10.1038/d41586-017-08404-0Nature5522017Noorden,"rnal of the Association for Information Science and Technology 75, 188-197, https://doi.org/10.1002/asi.24852(2024).Thesciencethat's never been cited RVNoorden 10.1038/d41586-017-08404-0Nature5522017Noorden, R. V. The science that's never been cited. Nature 552, 162-164, https://doi.org/10.1038/d41586-017-08404-0(2017).Languageaschoiceand chance GHerdan 1960 Spring"
s41597-026-06867-3.pdf,grobid_tei,full_tei_text,,doi,"10.1016/j.joi.2013.08.006J.Informetr72013Didegah,",https://doi.org/10.1016/j.joi.2013.08.006J.Informetr72013Didegah,"aw-Hill, New York, NY, 1952). Which factors help authors produce the highest impact research? collaboration, journal and document properties FDidegah MThelwall 10.1016/j.joi.2013.08.006J.Informetr72013Didegah, F. & Thelwall, M. Which factors help authors produce the highest impact research? collaboration, journal and document properties. J. Informetr. 7, 861 -873, ht"
s41597-026-06867-3.pdf,grobid_tei,full_tei_text,,doi,10.1002/asi.23209J.Am.Soc.Inform.Sci,https://doi.org/10.1002/asi.23209J.Am.Soc.Inform.Sci,"t properties. J. Informetr. 7, 861 -873, https://doi.org/10.1016/j.joi.2013.08.006(2013).Factorsaffectingcitationrates of research articles NOnodera FYoshikane 10.1002/asi.23209J.Am.Soc.Inform.Sci 66 2015 Onodera, N. & Yoshikane, F. Factors affecting citation rates of research articles. J. Am. Soc. Inform. Sci. 66, 739-764, https://doi.org/10.1002/asi.23"
s41597-026-06867-3.pdf,grobid_tei,full_tei_text,,doi,10.1098/rsos.160140R.Soc.OpenSci3,https://doi.org/10.1098/rsos.160140R.Soc.OpenSci3,"m. Sci. 66, 739-764, https://doi.org/10.1002/asi.23209(2015).Impactoflexicaland sentiment factors on the popularity of scientific papers JSienkiewicz EGAltmann 10.1098/rsos.160140R.Soc.OpenSci3 160140 2016 Sienkiewicz, J. & Altmann, E. G. Impact of lexical and sentiment factors on the popularity of scientific papers. R. Soc. Open Sci. 3, 160140, https"
s41597-026-06867-3.pdf,grobid_tei,full_tei_text,,doi,10.21105/joss.01686JournalofOpenSourceSoftware,https://doi.org/10.21105/joss.01686JournalofOpenSourceSoftware,"eam. R: A Language and Environment for Statistical Computing. R Foundation for Statistical Computing, Vienna, Austria (2025). Welcome to the tidyverse HWickham 10.21105/joss.01686JournalofOpenSourceSoftware 4 1686. 2019 Wickham, H. et al. Welcome to the tidyverse. Journal of Open Source Software 4, 1686, https://doi.org/10.21105/joss.01686(2019).StreamlinedPlotThe"
s41597-026-06867-3.pdf,grobid_tei,full_tei_text,,doi,"10.32614/CRAN.package.cowplot2025Wilke,",https://doi.org/10.32614/CRAN.package.cowplot2025Wilke,"urce Software 4, 1686, https://doi.org/10.21105/joss.01686(2019).StreamlinedPlotThemeand Plot Annotations for 'ggplot2' R package version 1.2.0 COWilke Cowplot 10.32614/CRAN.package.cowplot2025Wilke, C. O. cowplot: Streamlined Plot Theme and Plot Annotations for 'ggplot2' R package version 1.2.0., https://doi.org/10.32614/CRAN.package.cowplot(2025).WilliamR"
s41597-026-06867-3.pdf,grobid_tei,full_tei_text,,doi,10.18637/jss.v028.i05JournalofStatisticalSoftware28,https://doi.org/10.18637/jss.v028.i05JournalofStatisticalSoftware28,"sity, Evanston, Illinois R package version 2.5.6., https://doi.org/10.32614/CRAN.package.psych(2025).Buildingpredictivemodelsin r using the caret package MKuhn 10.18637/jss.v028.i05JournalofStatisticalSoftware28 5 2008 Kuhn, M. Building predictive models in r using the caret package. Journal of Statistical Software 28, 1-26, https://doi.org/10.18637/jss.v028.i05(2008)."
s41597-026-07203-5_reference.pdf,pymupdf,page_text,1,url,https://doi.org/10.1038/s41597-026-07203-5Received:8April2025Accepted:,https://doi.org/10.1038/s41597-026-07203-5Received:8April2025Accepted,"ARTICLE IN PRESS ARTICLE IN PRESS https://doi.org/10.1038/s41597-026-07203-5Received:8April2025Accepted: 31 March 2026 Cite this article as: Babela, J., Munk, M., Munkova, D. A multisource dataset for anomaly detection and fault prediction in urban water distribut"
s41597-026-07203-5_reference.pdf,pymupdf,page_text,1,url,"https://doi.org/10.1038/s41597-026-07203-5JanBabela,",https://doi.org/10.1038/s41597-026-07203-5JanBabela,"e as: Babela, J., Munk, M., Munkova, D. A multisource dataset for anomaly detection and fault prediction in urban water distribution networks. Sci Data (2026). https://doi.org/10.1038/s41597-026-07203-5JanBabela, Michal Munk & Dasa Munkova We are providing an unedited version of this manuscript to give early access to its findings. Before final publication, the manuscri"
s41597-026-07203-5_reference.pdf,pymupdf,page_text,1,url,https://creativecommons.org/licenses/by-nc-nd/4.0/.Scientific,https://creativecommons.org/licenses/by-nc-nd/4.0/.Scientific,"statutory regulation or exceeds the permitted use, you will need to obtain permission directly from the copyright holder. To view a copy of this licence, visit https://creativecommons.org/licenses/by-nc-nd/4.0/.Scientific Data Article in Press A multisource dataset for anomaly detection and fault prediction in urban water distribution networks"
s41597-026-07203-5_reference.pdf,pymupdf,page_text,8,url,https://doi.org/10.5281/zenodo.15096167)underaCreativeCommonsAttribution,https://doi.org/10.5281/zenodo.15096167)underaCreativeCommonsAttribution,"the operational value of anomaly score monitoring in developing early- warning systems in WDNs. Data records The dataset is publicly available via Zenodo [20] (https://doi.org/10.5281/zenodo.15096167)underaCreativeCommonsAttribution 4.0 International (CC BY 4.0) license. The Zenodo record contains the following files: • input_model_potenc_predXfault7_A.csv (CSV): primary dataset with 8,737"
s41597-026-07203-5_reference.pdf,pymupdf,page_text,10,url,https://doi.org/10.5281/zenodo.15096167)andconsistsoftheprimary,https://doi.org/10.5281/zenodo.15096167)andconsistsoftheprimary,"d is designed as a reusable benchmark rather than a comprehensive representation of all WDN operating conditions. The dataset is publicly available via Zenodo (https://doi.org/10.5281/zenodo.15096167)andconsistsoftheprimary CSV file (input_model_potenc_predXfault7_A.csv) containing 8,737 hourly records and 18"
s41597-026-07203-5_reference.pdf,pymupdf,page_text,12,url,https://doi.org/10.5281/zenodo.15096167,https://doi.org/10.5281/zenodo.15096167,to adapt the workflow to their specific data and research objectives. Data Availability The dataset described in this Data Descriptor is available in Zenodo at https://doi.org/10.5281/zenodo.15096167 [20]. The public repository includes the primary CSV file (input_model_potenc_predXfault7_A.csv) with hourly anomaly scores and the fault_d7 leak-proximity lab
s41597-026-07203-5_reference.pdf,pymupdf,page_text,13,url,"https://doi.org/10.2166/ws.2018.1293.Rogers,",https://doi.org/10.2166/ws.2018.1293.Rogers,"d audit methods. WaterWorld 25, 12–18 (2017). 2. Liemberger, R. & Wyatt, A. Quantifying the global non-revenue water problem. Water Supply 19, 831– 837 (2018). https://doi.org/10.2166/ws.2018.1293.Rogers, D. Leaking water networks: an economic and environmental disaster. Procedia Engineering 70, 1421–1429 (2014). https://doi.org/10.1016/j.proeng.2014.02.1574.Ame"
s41597-026-07203-5_reference.pdf,pymupdf,page_text,13,url,https://doi.org/10.1016/j.proeng.2014.02.1574.AmericanWaterWorksAssociation.,https://doi.org/10.1016/j.proeng.2014.02.1574.AmericanWaterWorksAssociation,"18). https://doi.org/10.2166/ws.2018.1293.Rogers, D. Leaking water networks: an economic and environmental disaster. Procedia Engineering 70, 1421–1429 (2014). https://doi.org/10.1016/j.proeng.2014.02.1574.AmericanWaterWorksAssociation. M36 Water Audits and Loss Control Programs, 4th edn (AWWA, Denver, CO, 2016). 5. Farley, M. & Trow, S. Losses in Water Distribution Networks: A Practitioners’"
s41597-026-07203-5_reference.pdf,pymupdf,page_text,13,url,"https://doi.org/10.1080/157306210036108787.Romero-Ben,",https://doi.org/10.1080/157306210036108787.Romero-Ben,"rs’ Guide (IWA Publishing, London, 2005). 6. Puust, R. et al. A review of methods for leakage management in pipe networks. Urban Water Journal 7, 25–45 (2010). https://doi.org/10.1080/157306210036108787.Romero-Ben, L. et al. Leak detection and localization in water distribution networks: review and perspective. Annual Reviews in Control 55, 392–419 (2023). https://doi.org"
s41597-026-07203-5_reference.pdf,pymupdf,page_text,13,url,"https://doi.org/10.1016/j.arcontrol.2023.03.0128.Mounce,",https://doi.org/10.1016/j.arcontrol.2023.03.0128.Mounce,"787.Romero-Ben, L. et al. Leak detection and localization in water distribution networks: review and perspective. Annual Reviews in Control 55, 392–419 (2023). https://doi.org/10.1016/j.arcontrol.2023.03.0128.Mounce, S. R. et al. Cloud-based machine learning approaches for leakage assessment and management. Procedia Engineering 119, 43–52 (2015). https://doi.org/10.1016/j.p"
s41597-026-07203-5_reference.pdf,pymupdf,page_text,13,url,"https://doi.org/10.1016/j.proeng.2015.08.8519.Ravichandran,",https://doi.org/10.1016/j.proeng.2015.08.8519.Ravichandran,"ontrol.2023.03.0128.Mounce, S. R. et al. Cloud-based machine learning approaches for leakage assessment and management. Procedia Engineering 119, 43–52 (2015). https://doi.org/10.1016/j.proeng.2015.08.8519.Ravichandran, T. et al. Ensemble-based machine learning approach for improved leak detection in water mains. Journal of Hydroinformatics 23, 307–323 (2021). https://doi.org/"
s41597-026-07203-5_reference.pdf,pymupdf,page_text,13,url,"https://doi.org/10.2166/hydro.2021.09310.Bábela,",https://doi.org/10.2166/hydro.2021.09310.Bábela,"19.Ravichandran, T. et al. Ensemble-based machine learning approach for improved leak detection in water mains. Journal of Hydroinformatics 23, 307–323 (2021). https://doi.org/10.2166/hydro.2021.09310.Bábela, J. et al. From drips to data: preventing unnecessary leakages in water distribution networks in Slovakia. Procedia Computer Science 239, 1696–1704 (2024). http"
s41597-026-07203-5_reference.pdf,pymupdf,page_text,13,url,"https://doi.org/10.1016/j.procs.2024.06.34711.Taghlabi,",https://doi.org/10.1016/j.procs.2024.06.34711.Taghlabi,"ela, J. et al. From drips to data: preventing unnecessary leakages in water distribution networks in Slovakia. Procedia Computer Science 239, 1696–1704 (2024). https://doi.org/10.1016/j.procs.2024.06.34711.Taghlabi, F. et al. Prelocalization and leak detection in drinking water distribution networks using modeling-based algorithms. Drinking Water Engineering and Science 13"
s41597-026-07203-5_reference.pdf,pymupdf,page_text,13,url,https://doi.org/10.5194/dwes-13-29-202012.WorldHealthOrganization.Guidelines,https://doi.org/10.5194/dwes-13-29-202012.WorldHealthOrganization.Guidelines,"calization and leak detection in drinking water distribution networks using modeling-based algorithms. Drinking Water Engineering and Science 13, 29–41 (2020). https://doi.org/10.5194/dwes-13-29-202012.WorldHealthOrganization.Guidelines for Drinking-Water Quality, 4th edn (WHO, Geneva, 2017). 13. EurEau. Position on Leakage Reporting (EurEau, 2022). Available at https://www.eureau.org/14.Bhagw"
s41597-026-07203-5_reference.pdf,pymupdf,page_text,13,url,"https://www.eureau.org/14.Bhagwat,",https://www.eureau.org/14.Bhagwat,"ldHealthOrganization.Guidelines for Drinking-Water Quality, 4th edn (WHO, Geneva, 2017). 13. EurEau. Position on Leakage Reporting (EurEau, 2022). Available at https://www.eureau.org/14.Bhagwat, A. CRISP-DM: The New Blueprint for Data Mining (2000). Available at https://www.academia.edu/42079490/15.Hastie, T., Tibshirani, R. & Friedman, J. The Elements"
s41597-026-07203-5_reference.pdf,pymupdf,page_text,13,url,"https://www.academia.edu/42079490/15.Hastie,",https://www.academia.edu/42079490/15.Hastie,"sition on Leakage Reporting (EurEau, 2022). Available at https://www.eureau.org/14.Bhagwat, A. CRISP-DM: The New Blueprint for Data Mining (2000). Available at https://www.academia.edu/42079490/15.Hastie, T., Tibshirani, R. & Friedman, J. The Elements of Statistical Learning, 2nd edn (Springer, New York, 2009). https://doi.org/10.1007/978-0-387-84858-716.Elastic"
s41597-026-07203-5_reference.pdf,pymupdf,page_text,13,url,https://doi.org/10.1007/978-0-387-84858-716.Elastic.Anomalydetectionjob,https://doi.org/10.1007/978-0-387-84858-716.Elastic.Anomalydetectionjob,"ble at https://www.academia.edu/42079490/15.Hastie, T., Tibshirani, R. & Friedman, J. The Elements of Statistical Learning, 2nd edn (Springer, New York, 2009). https://doi.org/10.1007/978-0-387-84858-716.Elastic.Anomalydetectionjob types. Available at https://www.elastic.co/guide/en/machine-learning/current/ml-anomaly-detection-job-types.html 17. IBM. Anomaly detection in machine learning"
s41597-026-07203-5_reference.pdf,pymupdf,page_text,13,url,https://www.elastic.co/guide/en/machine-learning/current/ml-anomaly-detection-job-types.html,https://www.elastic.co/guide/en/machine-learning/current/ml-anomaly-detection-job-types.html,"ements of Statistical Learning, 2nd edn (Springer, New York, 2009). https://doi.org/10.1007/978-0-387-84858-716.Elastic.Anomalydetectionjob types. Available at https://www.elastic.co/guide/en/machine-learning/current/ml-anomaly-detection-job-types.html 17. IBM. Anomaly detection in machine learning: examples and use cases. Available at https://www.ibm.com/think/topics/machine-learning-for-anomaly-detection 18"
s41597-026-07203-5_reference.pdf,pymupdf,page_text,13,url,https://www.ibm.com/think/topics/machine-learning-for-anomaly-detection,https://www.ibm.com/think/topics/machine-learning-for-anomaly-detection,"c.co/guide/en/machine-learning/current/ml-anomaly-detection-job-types.html 17. IBM. Anomaly detection in machine learning: examples and use cases. Available at https://www.ibm.com/think/topics/machine-learning-for-anomaly-detection 18. Goodman, L. A. & Kruskal, W. H. Measures of association for cross classifications. Journal of the American Statistical Association 49, 732–764 (1954). http"
s41597-026-07203-5_reference.pdf,pymupdf,page_text,13,url,https://doi.org/10.2307/228153619.Najvyšší,https://doi.org/10.2307/228153619.Najvyšší,"tion 18. Goodman, L. A. & Kruskal, W. H. Measures of association for cross classifications. Journal of the American Statistical Association 49, 732–764 (1954). https://doi.org/10.2307/228153619.Najvyšší kontrolný úrad Slovenskej republiky. Správa o výsledkoch kontroly: Straty vody vo verejných vodovodoch (NKÚ SR, 2021). 20. Bábela, J., Munk, M. & Munková, D. H"
s41597-026-07203-5_reference.pdf,pymupdf,page_text,13,url,https://doi.org/10.5281/zenodo.15096167Figurelegends,https://doi.org/10.5281/zenodo.15096167Figurelegends,"021). 20. Bábela, J., Munk, M. & Munková, D. Hourly anomaly scores and leak labels from a multi-source urban water distribution network dataset. Zenodo (2025). https://doi.org/10.5281/zenodo.15096167Figurelegends"
s41597-026-07203-5_reference.pdf,grobid_tei,target,,url,https://github.com/kermitt2/grobid,https://github.com/kermitt2/grobid,
s41597-026-07203-5_reference.pdf,grobid_tei,target,,url,https://doi.org/10.2166/ws.2018.129,https://doi.org/10.2166/ws.2018.129,
s41597-026-07203-5_reference.pdf,grobid_tei,target,,url,https://doi.org/10.1016/j.proeng.2014.02.157,https://doi.org/10.1016/j.proeng.2014.02.157,
s41597-026-07203-5_reference.pdf,grobid_tei,target,,url,https://doi.org/10.1080/15730621003610878,https://doi.org/10.1080/15730621003610878,
s41597-026-07203-5_reference.pdf,grobid_tei,target,,url,https://doi.org/10.1016/j.arcontrol.2023.03.012,https://doi.org/10.1016/j.arcontrol.2023.03.012,
s41597-026-07203-5_reference.pdf,grobid_tei,target,,url,https://doi.org/10.1016/j.proeng.2015.08.851,https://doi.org/10.1016/j.proeng.2015.08.851,
s41597-026-07203-5_reference.pdf,grobid_tei,target,,url,https://doi.org/10.2166/hydro.2021.093,https://doi.org/10.2166/hydro.2021.093,
s41597-026-07203-5_reference.pdf,grobid_tei,target,,url,https://doi.org/10.1016/j.procs.2024.06.347,https://doi.org/10.1016/j.procs.2024.06.347,
s41597-026-07203-5_reference.pdf,grobid_tei,target,,url,https://doi.org/10.5194/dwes-13-29-2020,https://doi.org/10.5194/dwes-13-29-2020,
s41597-026-07203-5_reference.pdf,grobid_tei,target,,url,https://www.eureau.org/,https://www.eureau.org/,
s41597-026-07203-5_reference.pdf,grobid_tei,target,,url,https://www.academia.edu/42079490/,https://www.academia.edu/42079490/,
s41597-026-07203-5_reference.pdf,grobid_tei,target,,url,https://doi.org/10.1007/978-0-387-84858-7,https://doi.org/10.1007/978-0-387-84858-7,
s41597-026-07203-5_reference.pdf,grobid_tei,target,,url,https://doi.org/10.2307/2281536,https://doi.org/10.2307/2281536,
s41597-026-07203-5_reference.pdf,grobid_tei,idno_doi,,doi,10.1038/s41597-026-07203-5,https://doi.org/10.1038/s41597-026-07203-5,10.1038/s41597-026-07203-5
s41597-026-07203-5_reference.pdf,grobid_tei,full_tei_text,,url,https://doi.org/10.5281/zenodo.15096167)andconsistsoftheprimaryCSV,https://doi.org/10.5281/zenodo.15096167)andconsistsoftheprimaryCSV,"g sensor placement and model transparency.ARTICLE IN PRESSKey use cases:• Supervised learning:SE SP RI NL ET I CRAThe dataset is publicly available via Zenodo (https://doi.org/10.5281/zenodo.15096167)andconsistsoftheprimaryCSV file (input_model_potenc_predXfault7_A.csv) containing 8,737 hourly records and 18anomaly AcknowledgementsThis work was carried out in collaboration with Zapad"
s41597-026-07203-5_reference.pdf,grobid_tei,full_tei_text,,url,https://doi.org/10.2166/ws.2018.129Leakingwaternetworks:aneconomic,https://doi.org/10.2166/ws.2018.129Leakingwaternetworks:aneconomic,"erger AWyatt 10.2166/ws.2018.129WaterSupply192018Liemberger, R. & Wyatt, A. Quantifying the global non-revenue water problem. Water Supply 19, 831- 837 (2018). https://doi.org/10.2166/ws.2018.129Leakingwaternetworks:aneconomic and environmental disaster DRogers 10.1016/j.proeng.2014.02.157ProcediaEngineering702014Rogers, D. Leaking water networks: an economic and environmental disast"
s41597-026-07203-5_reference.pdf,grobid_tei,full_tei_text,,url,https://doi.org/10.1016/j.proeng.2014.02.157AmericanWaterWorksAssociation.M36,https://doi.org/10.1016/j.proeng.2014.02.157AmericanWaterWorksAssociation.M36,"roeng.2014.02.157ProcediaEngineering702014Rogers, D. Leaking water networks: an economic and environmental disaster. Procedia Engineering 70, 1421-1429 (2014). https://doi.org/10.1016/j.proeng.2014.02.157AmericanWaterWorksAssociation.M36 Water Audits and Loss Control Programs, 4th edn (AWWA 2016 Denver, CO American Water Works Association. M36 Water Audits and Loss Control Programs, 4th edn (AW"
s41597-026-07203-5_reference.pdf,grobid_tei,full_tei_text,,url,https://doi.org/10.1080/15730621003610878Leakdetectionandlocalizationin,https://doi.org/10.1080/15730621003610878Leakdetectionandlocalizationin,"1080/15730621003610878UrbanWaterJournal72010 Puust, R. et al. A review of methods for leakage management in pipe networks. Urban Water Journal 7, 25-45 (2010). https://doi.org/10.1080/15730621003610878Leakdetectionandlocalizationin water distribution networks: review and perspective LRomero-Ben 10.1016/j.arcontrol.2023.03.012AnnualReviewsinControl55 2023 Romero-Ben, L. et al. Leak detecti"
s41597-026-07203-5_reference.pdf,grobid_tei,full_tei_text,,url,https://doi.org/10.1016/j.arcontrol.2023.03.012Cloud-basedmachinelearningapproachesfor,https://doi.org/10.1016/j.arcontrol.2023.03.012Cloud-basedmachinelearningapproachesfor,"023 Romero-Ben, L. et al. Leak detection and localization in water distribution networks: review and perspective. Annual Reviews in Control 55, 392-419 (2023). https://doi.org/10.1016/j.arcontrol.2023.03.012Cloud-basedmachinelearningapproachesfor leakage assessment and management SRMounce 10.1016/j.proeng.2015.08.851ProcediaEngineering1192015Mounce, S. R. et al. Cloud-based machine learning approaches f"
s41597-026-07203-5_reference.pdf,grobid_tei,full_tei_text,,url,https://doi.org/10.1016/j.proeng.2015.08.851Ensemble-basedmachinelearningapproachfor,https://doi.org/10.1016/j.proeng.2015.08.851Ensemble-basedmachinelearningapproachfor,"iaEngineering1192015Mounce, S. R. et al. Cloud-based machine learning approaches for leakage assessment and management. Procedia Engineering 119, 43-52 (2015). https://doi.org/10.1016/j.proeng.2015.08.851Ensemble-basedmachinelearningapproachfor improved leak detection in water mains TRavichandran 10.2166/hydro.2021.093JournalofHydroinformatics232021 Ravichandran, T. et al. Ensemble-based machine learn"
s41597-026-07203-5_reference.pdf,grobid_tei,full_tei_text,,url,https://doi.org/10.2166/hydro.2021.093Fromdripstodata:preventing,https://doi.org/10.2166/hydro.2021.093Fromdripstodata:preventing,"21 Ravichandran, T. et al. Ensemble-based machine learning approach for improved leak detection in water mains. Journal of Hydroinformatics 23, 307-323 (2021). https://doi.org/10.2166/hydro.2021.093Fromdripstodata:preventing unnecessary leakages in water distribution networks in Slovakia JBábela 10.1016/j.procs.2024.06.347ProcediaComputerScience2392024 Bábela, J. et al. From drips"
s41597-026-07203-5_reference.pdf,grobid_tei,full_tei_text,,url,https://doi.org/10.1016/j.procs.2024.06.347Prelocalizationandleakdetectionin,https://doi.org/10.1016/j.procs.2024.06.347Prelocalizationandleakdetectionin,"ela, J. et al. From drips to data: preventing unnecessary leakages in water distribution networks in Slovakia. Procedia Computer Science 239, 1696-1704 (2024). https://doi.org/10.1016/j.procs.2024.06.347Prelocalizationandleakdetectionin drinking water distribution networks using modeling-based algorithms FTaghlabi 10.5194/dwes-13-29-2020DrinkingWaterEngineeringandScience 13 2020 Taghlabi, F. e"
s41597-026-07203-5_reference.pdf,grobid_tei,full_tei_text,,url,https://doi.org/10.5194/dwes-13-29-2020GuidelinesforDrinking-WaterQualityWorldHealth,https://doi.org/10.5194/dwes-13-29-2020GuidelinesforDrinking-WaterQualityWorldHealth,"calization and leak detection in drinking water distribution networks using modeling-based algorithms. Drinking Water Engineering and Science 13, 29-41 (2020). https://doi.org/10.5194/dwes-13-29-2020GuidelinesforDrinking-WaterQualityWorldHealth Organization 2017 4 Geneva WHO th edn World Health Organization. Guidelines for Drinking-Water Quality, 4th edn (WHO, Geneva, 2017). EurEau. Position on Leakag"
s41597-026-07203-5_reference.pdf,grobid_tei,full_tei_text,,url,https://www.eureau.org/ABhagwat,https://www.eureau.org/ABhagwat,"ter Quality, 4th edn (WHO, Geneva, 2017). EurEau. Position on Leakage Reporting EurEau, 2022 EurEau. Position on Leakage Reporting (EurEau, 2022). Available at https://www.eureau.org/ABhagwat Crisp-Dm The New Blueprint for Data Mining 2000 Bhagwat, A. CRISP-DM: The New Blueprint for Data Mining (2000). Available at https://www.academia.edu/42079490/"
s41597-026-07203-5_reference.pdf,grobid_tei,full_tei_text,,url,https://www.academia.edu/42079490/THastie,https://www.academia.edu/42079490/THastie,"at https://www.eureau.org/ABhagwat Crisp-Dm The New Blueprint for Data Mining 2000 Bhagwat, A. CRISP-DM: The New Blueprint for Data Mining (2000). Available at https://www.academia.edu/42079490/THastie RTibshirani JFriedman 10.1007/978-0-387-84858-7TheElementsofStatisticalLearning New York Springer 2009 2 nd edn Hastie, T., Tibshirani, R. & Friedman, J. The E"
s41597-026-07203-5_reference.pdf,grobid_tei,full_tei_text,,url,https://doi.org/10.1007/978-0-387-84858-7AnomalydetectionjobtypesElastic,https://doi.org/10.1007/978-0-387-84858-7AnomalydetectionjobtypesElastic,"calLearning New York Springer 2009 2 nd edn Hastie, T., Tibshirani, R. & Friedman, J. The Elements of Statistical Learning, 2nd edn (Springer, New York, 2009). https://doi.org/10.1007/978-0-387-84858-7AnomalydetectionjobtypesElastic Elastic. Anomaly detection job types. Available at https://www.elastic.co/guide/en/machine-learning/current/ml-anomaly-detection-job-types.html Anomaly detecti"
s41597-026-07203-5_reference.pdf,grobid_tei,full_tei_text,,url,https://doi.org/10.2307/2281536Najvyšší,https://doi.org/10.2307/2281536Najvyšší,"49 1954 Goodman, L. A. & Kruskal, W. H. Measures of association for cross classifications. Journal of the American Statistical Association 49, 732-764 (1954). https://doi.org/10.2307/2281536Najvyšší kontrolný úrad Slovenskej republiky. Správa o výsledkoch kontroly: Straty vody vo verejných vodovodoch NKÚ SR 2021 Najvyšší kontrolný úrad Slovenskej republiky"
s41597-026-07203-5_reference.pdf,grobid_tei,full_tei_text,,doi,"10.2166/ws.2018.129WaterSupply192018Liemberger,",https://doi.org/10.2166/ws.2018.129WaterSupply192018Liemberger,"uffy, D. P. Successful water leak detection and audit methods. WaterWorld 25, 12-18 (2017). Quantifying the global non-revenue water problem RLiemberger AWyatt 10.2166/ws.2018.129WaterSupply192018Liemberger, R. & Wyatt, A. Quantifying the global non-revenue water problem. Water Supply 19, 831- 837 (2018). https://doi.org/10.2166/ws.2018.129Leakingwaternetworks:anec"
s41597-026-07203-5_reference.pdf,grobid_tei,full_tei_text,,doi,"10.1016/j.proeng.2014.02.157ProcediaEngineering702014Rogers,",https://doi.org/10.1016/j.proeng.2014.02.157ProcediaEngineering702014Rogers,"-revenue water problem. Water Supply 19, 831- 837 (2018). https://doi.org/10.2166/ws.2018.129Leakingwaternetworks:aneconomic and environmental disaster DRogers 10.1016/j.proeng.2014.02.157ProcediaEngineering702014Rogers, D. Leaking water networks: an economic and environmental disaster. Procedia Engineering 70, 1421-1429 (2014). https://doi.org/10.1016/j.proeng.2014.02.157Ameri"
s41597-026-07203-5_reference.pdf,grobid_tei,full_tei_text,,doi,10.1080/15730621003610878UrbanWaterJournal72010,https://doi.org/10.1080/15730621003610878UrbanWaterJournal72010,"osses in Water Distribution Networks: A Practitioners' Guide (IWA Publishing, London, 2005). A review of methods for leakage management in pipe networks RPuust 10.1080/15730621003610878UrbanWaterJournal72010 Puust, R. et al. A review of methods for leakage management in pipe networks. Urban Water Journal 7, 25-45 (2010). https://doi.org/10.1080/15730621003610878Lea"
s41597-026-07203-5_reference.pdf,grobid_tei,full_tei_text,,doi,10.1016/j.arcontrol.2023.03.012AnnualReviewsinControl55,https://doi.org/10.1016/j.arcontrol.2023.03.012AnnualReviewsinControl55,"ournal 7, 25-45 (2010). https://doi.org/10.1080/15730621003610878Leakdetectionandlocalizationin water distribution networks: review and perspective LRomero-Ben 10.1016/j.arcontrol.2023.03.012AnnualReviewsinControl55 2023 Romero-Ben, L. et al. Leak detection and localization in water distribution networks: review and perspective. Annual Reviews in Control 55, 392-419 (2023)"
s41597-026-07203-5_reference.pdf,grobid_tei,full_tei_text,,doi,"10.1016/j.proeng.2015.08.851ProcediaEngineering1192015Mounce,",https://doi.org/10.1016/j.proeng.2015.08.851ProcediaEngineering1192015Mounce,"n Control 55, 392-419 (2023). https://doi.org/10.1016/j.arcontrol.2023.03.012Cloud-basedmachinelearningapproachesfor leakage assessment and management SRMounce 10.1016/j.proeng.2015.08.851ProcediaEngineering1192015Mounce, S. R. et al. Cloud-based machine learning approaches for leakage assessment and management. Procedia Engineering 119, 43-52 (2015). https://doi.org/10.1016/j.p"
s41597-026-07203-5_reference.pdf,grobid_tei,full_tei_text,,doi,10.2166/hydro.2021.093JournalofHydroinformatics232021,https://doi.org/10.2166/hydro.2021.093JournalofHydroinformatics232021,"ng 119, 43-52 (2015). https://doi.org/10.1016/j.proeng.2015.08.851Ensemble-basedmachinelearningapproachfor improved leak detection in water mains TRavichandran 10.2166/hydro.2021.093JournalofHydroinformatics232021 Ravichandran, T. et al. Ensemble-based machine learning approach for improved leak detection in water mains. Journal of Hydroinformatics 23, 307-323 (2021). ht"
s41597-026-07203-5_reference.pdf,grobid_tei,full_tei_text,,doi,10.1016/j.procs.2024.06.347ProcediaComputerScience2392024,https://doi.org/10.1016/j.procs.2024.06.347ProcediaComputerScience2392024,"cs 23, 307-323 (2021). https://doi.org/10.2166/hydro.2021.093Fromdripstodata:preventing unnecessary leakages in water distribution networks in Slovakia JBábela 10.1016/j.procs.2024.06.347ProcediaComputerScience2392024 Bábela, J. et al. From drips to data: preventing unnecessary leakages in water distribution networks in Slovakia. Procedia Computer Science 239, 1696-1704 (202"
s41597-026-07203-5_reference.pdf,grobid_tei,full_tei_text,,doi,10.5194/dwes-13-29-2020DrinkingWaterEngineeringandScience,https://doi.org/10.5194/dwes-13-29-2020DrinkingWaterEngineeringandScience,"4). https://doi.org/10.1016/j.procs.2024.06.347Prelocalizationandleakdetectionin drinking water distribution networks using modeling-based algorithms FTaghlabi 10.5194/dwes-13-29-2020DrinkingWaterEngineeringandScience 13 2020 Taghlabi, F. et al. Prelocalization and leak detection in drinking water distribution networks using modeling-based algorithms. Drinking Water Engineer"
s41597-026-07203-5_reference.pdf,grobid_tei,full_tei_text,,doi,10.1007/978-0-387-84858-7TheElementsofStatisticalLearning,https://doi.org/10.1007/978-0-387-84858-7TheElementsofStatisticalLearning,"r Data Mining 2000 Bhagwat, A. CRISP-DM: The New Blueprint for Data Mining (2000). Available at https://www.academia.edu/42079490/THastie RTibshirani JFriedman 10.1007/978-0-387-84858-7TheElementsofStatisticalLearning New York Springer 2009 2 nd edn Hastie, T., Tibshirani, R. & Friedman, J. The Elements of Statistical Learning, 2nd edn (Springer, New York, 2009). https://doi"
s41597-026-07203-5_reference.pdf,grobid_tei,full_tei_text,,doi,10.2307/2281536JournaloftheAmericanStatistical,https://doi.org/10.2307/2281536JournaloftheAmericanStatistical,"ses. Available at https://www.ibm.com/think/topics/machine-learning-for-anomaly-detection Measures of association for cross classifications LAGoodman WHKruskal 10.2307/2281536JournaloftheAmericanStatistical Association 49 1954 Goodman, L. A. & Kruskal, W. H. Measures of association for cross classifications. Journal of the American Statistical Association 49, 732-"
s41597-026-07203-5_reference.pdf,grobid_tei,full_tei_text,,doi,"10.5281/zenodo.15096167Zenodo2025Bábela,",https://doi.org/10.5281/zenodo.15096167Zenodo2025Bábela,"verejných vodovodoch (NKÚ SR, 2021). Hourly anomaly scores and leak labels from a multi-source urban water distribution network dataset JBábela MMunk DMunková 10.5281/zenodo.15096167Zenodo2025Bábela, J., Munk, M. & Munková, D. Hourly anomaly scores and leak labels from a multi-source urban water distribution network dataset. Zenodo (2025). https://doi.org/1"
s41597-026-07353-6_reference.pdf,pymupdf,page_text,1,url,https://doi.org/10.1038/s41597-026-07353-6Received:24July2025Accepted:,https://doi.org/10.1038/s41597-026-07353-6Received:24July2025Accepted,"ARTICLE IN PRESS ARTICLE IN PRESS https://doi.org/10.1038/s41597-026-07353-6Received:24July2025Accepted: 27 April 2026 Cite this article as: Collenteur, R.A., Jimenez-Martinez, J., Schirmer, M. et al. A national-scale database of groundwater level data for Switzer"
s41597-026-07353-6_reference.pdf,pymupdf,page_text,1,url,"https://doi.org/10.1038/s41597-026-07353-6RaoulA.Collenteur,",https://doi.org/10.1038/s41597-026-07353-6RaoulA.Collenteur,"s article as: Collenteur, R.A., Jimenez-Martinez, J., Schirmer, M. et al. A national-scale database of groundwater level data for Switzerland. Sci Data (2026). https://doi.org/10.1038/s41597-026-07353-6RaoulA.Collenteur, Joaquin Jimenez-Martinez, Mario Schirmer & Christian Moeck We are providing an unedited version of this manuscript to give early access to its findings. Before"
s41597-026-07353-6_reference.pdf,pymupdf,page_text,1,url,https://creativecommons.org/licenses/by/4.0/.Scientific,https://creativecommons.org/licenses/by/4.0/.Scientific,"statutory regulation or exceeds the permitted use, you will need to obtain permission directly from the copyright holder. To view a copy of this licence, visit https://creativecommons.org/licenses/by/4.0/.Scientific Data Article in Press A national-scale database of groundwater level data for Switzerland"
s41597-026-07353-6_reference.pdf,pymupdf,page_text,2,url,https://doi.org/10.5281/zenodo.14260400,https://doi.org/10.5281/zenodo.14260400,ory Name Dataset Title Accession Number or DOI URL to data record Private reviewer access URL/code Zenodo The Swiss Groundwater Database 10.5281/zenodo.14260400https://doi.org/10.5281/zenodo.14260400
s41597-026-07353-6_reference.pdf,pymupdf,page_text,2,doi,10.5281/zenodo.14260400https://doi.org/10.5281/zenodo.14260400,https://doi.org/10.5281/zenodo.14260400https://doi.org/10.5281/zenodo.14260400,yond. Datasets: Repository Name Dataset Title Accession Number or DOI URL to data record Private reviewer access URL/code Zenodo The Swiss Groundwater Database 10.5281/zenodo.14260400https://doi.org/10.5281/zenodo.14260400
s41597-026-07353-6_reference.pdf,pymupdf,page_text,8,url,www.pastas.readthedocs.io).Signatures,https://www.pastas.readthedocs.io).Signatures,"rom 1990 to 2020. Explanations and further references for individual signatures can be found in Collenteur et al. [37] and on the Pastas documentation website (www.pastas.readthedocs.io).Signatures can, for example, be used to analyze data, compare and select time series, cluster monitoring wells, and improve machine and deep learning models to model grou"
s41597-026-07353-6_reference.pdf,pymupdf,page_text,8,url,https://doi.org/10.5281/zenodo.14260400.Therepository,https://doi.org/10.5281/zenodo.14260400.Therepository,earning models to model groundwater levels by using them as static features. Data Records The data described in this manuscript can be accessed at Zenodo [23]: https://doi.org/10.5281/zenodo.14260400.Therepository [23] also includes the scripts to process the data and reproduce the figures for this manuscript. An example Python script of how to load the data into conveni
s41597-026-07353-6_reference.pdf,pymupdf,page_text,12,url,https://doi.org/10.5281/zenodo.14260400.References,https://doi.org/10.5281/zenodo.14260400.References,"SS ARTICLE IN PRESS Code Availability All the code to preprocess the data and reproduce the figures in this paper is available from the Zenodo repository [23]: https://doi.org/10.5281/zenodo.14260400.References [1] Jiaxin Xie, Xiaomang Liu, Scott Jasechko, Wouter R. Berghuijs, Kaiwen Wang, Changming Liu, Markus Reichstein, Martin Jung, and Sujan Koirala. Majority of g"
s41597-026-07353-6_reference.pdf,pymupdf,page_text,12,url,https://doi.org/10.1038/s41561-024-01483-5.,https://doi.org/10.1038/s41561-024-01483-5,"rala. Majority of global river flow sustained by groundwater. Nature Geoscience, 17(8):770–777, August 2024. ISSN 1752-0908. doi: 10.1038/s41561-024-01483-5.URLhttps://doi.org/10.1038/s41561-024-01483-5. [2] Gabriel C. Rau, Vincent E. A. Post, Margaret Shanafield, Torsten Krekeler, Eddie W. Banks, and Philipp Blum. Error in hydraulic head and gradient time-seri"
s41597-026-07353-6_reference.pdf,pymupdf,page_text,12,url,https://doi.org/10.5194/hess-23-3603-2019.URLhttps://www.hydrol-earth-syst-sci.net/23/3603/2019/hess-23-3603-2019.html.,https://doi.org/10.5194/hess-23-3603-2019.URLhttps://www.hydrol-earth-syst-sci.net/23/3603/2019/hess-23-3603-2019.html,"d and gradient time-series measurements: a quantitative ap- praisal. Hydrology and Earth System Sciences, 23(9):3603–3629, September 2019. ISSN 1027-5606. doi: https://doi.org/10.5194/hess-23-3603-2019.URLhttps://www.hydrol-earth-syst-sci.net/23/3603/2019/hess-23-3603-2019.html. [3] Vincent E. A. Post and Jos R. von Asmuth. Review: Hydraulic head measurements—new tech- nologies, classic pitfalls. Hydrogeology Journal, 21(4):737–750, Ju"
s41597-026-07353-6_reference.pdf,pymupdf,page_text,12,url,https://doi.org/10.1007/s10040-013-0969-0.,https://doi.org/10.1007/s10040-013-0969-0,"aulic head measurements—new tech- nologies, classic pitfalls. Hydrogeology Journal, 21(4):737–750, June 2013. ISSN 1435-0157. doi: 10.1007/s10040-013-0969-0.URLhttps://doi.org/10.1007/s10040-013-0969-0. [4] Allen M. Shapiro and Frederick D. Day-Lewis. Reframing groundwater hydrology as a data-driven science. Groundwater, 60(4):455–456, July 2022. ISSN 0017-467"
s41597-026-07353-6_reference.pdf,pymupdf,page_text,12,url,https://doi.org/10.1111/gwat.13195.Publisher:JohnWiley,https://doi.org/10.1111/gwat.13195.Publisher:JohnWiley,"erick D. Day-Lewis. Reframing groundwater hydrology as a data-driven science. Groundwater, 60(4):455–456, July 2022. ISSN 0017-467X. doi: 10.1111/gwat.13195.URLhttps://doi.org/10.1111/gwat.13195.Publisher:JohnWiley & Sons, Ltd. [5] John Chilton and Stephen Foster. Long datasets for improved understanding, management and pro- tection of groundwater. Hydrogeology Journal, 3"
s41597-026-07353-6_reference.pdf,pymupdf,page_text,12,url,https://doi.org/10.1007/s10040-023-02759-7.,https://doi.org/10.1007/s10040-023-02759-7,"understanding, management and pro- tection of groundwater. Hydrogeology Journal, 32(2):347–352, March 2024. ISSN 1435-0157. doi: 10.1007/s10040-023-02759-7.URLhttps://doi.org/10.1007/s10040-023-02759-7. [6] Zhenxue Dai, Chuanjun Zhan, Huichao Yin, Junjun Chen, Lulu Xu, Yuzhou Xia, Songlin Yang, Wei Chen, Mingxu Cao, Zhengyang Du, Xiaoying Zhang, Bicheng Yan, Y"
s41597-026-07353-6_reference.pdf,pymupdf,page_text,12,url,https://doi.org/10.1029/2025JH000703.Publisher:JohnWiley,https://doi.org/10.1029/2025JH000703.Publisher:JohnWiley,"ture Directions. Journal of Geophysical Research: Machine Learning and Computation, 2(2):e2025JH000703, June 2025. ISSN 2993-5210. doi: 10.1029/2025JH000703.URLhttps://doi.org/10.1029/2025JH000703.Publisher:JohnWiley & Sons, Ltd. [7] N. Addor, A. J. Newman, N. Mizukami, and M. P. Clark. The CAMELS data set: catchment at- tributes and meteorology for large-sample studies. Hy"
s41597-026-07353-6_reference.pdf,pymupdf,page_text,12,url,https://hess.copernicus.org/articles/21/5293/2017/.,https://hess.copernicus.org/articles/21/5293/2017/,"atchment at- tributes and meteorology for large-sample studies. Hydrology and Earth System Sciences, 21(10):5293– 5313, 2017. doi: 10.5194/hess-21-5293-2017.URLhttps://hess.copernicus.org/articles/21/5293/2017/. [8] M. H¨oge, M. Kauzlaric, R. Siber, U. Sch¨onenberger, P. Horton, J. Schwanbeck, M. G. Floriancic, D. Vivi- roli, S. Wilhelm, A. E. Sikorska-Senoner, N. Addo"
s41597-026-07353-6_reference.pdf,pymupdf,page_text,12,url,https://essd.copernicus.org/articles/15/5755/2023/.,https://essd.copernicus.org/articles/15/5755/2023/,"s and landscape attributes for 331 catchments in hydro- logic Switzerland. Earth System Science Data, 15(12):5755–5784, 2023. doi: 10.5194/essd-15-5755-2023.URLhttps://essd.copernicus.org/articles/15/5755/2023/."
s41597-026-07353-6_reference.pdf,pymupdf,page_text,12,doi,doi: 10.1038/s41561-024-01483-5.URLhttps://doi.org/10.1038/s41561-024-01483-5.,https://doi.org/10.1038/s41561-024-01483-5.URLhttps://doi.org/10.1038/s41561-024-01483-5,"chstein, Martin Jung, and Sujan Koirala. Majority of global river flow sustained by groundwater. Nature Geoscience, 17(8):770–777, August 2024. ISSN 1752-0908. doi: 10.1038/s41561-024-01483-5.URLhttps://doi.org/10.1038/s41561-024-01483-5. [2] Gabriel C. Rau, Vincent E. A. Post, Margaret Shanafield, Torsten Krekeler, Eddie W. Banks, and Philipp Blum. Error in hydraulic head and gradient time-seri"
s41597-026-07353-6_reference.pdf,pymupdf,page_text,12,doi,doi: 10.1007/s10040-013-0969-0.URLhttps://doi.org/10.1007/s10040-013-0969-0.,https://doi.org/10.1007/s10040-013-0969-0.URLhttps://doi.org/10.1007/s10040-013-0969-0,"nd Jos R. von Asmuth. Review: Hydraulic head measurements—new tech- nologies, classic pitfalls. Hydrogeology Journal, 21(4):737–750, June 2013. ISSN 1435-0157. doi: 10.1007/s10040-013-0969-0.URLhttps://doi.org/10.1007/s10040-013-0969-0. [4] Allen M. Shapiro and Frederick D. Day-Lewis. Reframing groundwater hydrology as a data-driven science. Groundwater, 60(4):455–456, July 2022. ISSN 0017-467"
s41597-026-07353-6_reference.pdf,pymupdf,page_text,12,doi,doi: 10.1111/gwat.13195.URLhttps://doi.org/10.1111/gwat.13195.Publisher:JohnWiley,https://doi.org/10.1111/gwat.13195.URLhttps://doi.org/10.1111/gwat.13195.Publisher:JohnWiley,"] Allen M. Shapiro and Frederick D. Day-Lewis. Reframing groundwater hydrology as a data-driven science. Groundwater, 60(4):455–456, July 2022. ISSN 0017-467X. doi: 10.1111/gwat.13195.URLhttps://doi.org/10.1111/gwat.13195.Publisher:JohnWiley & Sons, Ltd. [5] John Chilton and Stephen Foster. Long datasets for improved understanding, management and pro- tection of groundwater. Hydrogeology Journal, 3"
s41597-026-07353-6_reference.pdf,pymupdf,page_text,12,doi,doi: 10.1007/s10040-023-02759-7.URLhttps://doi.org/10.1007/s10040-023-02759-7.,https://doi.org/10.1007/s10040-023-02759-7.URLhttps://doi.org/10.1007/s10040-023-02759-7,"Foster. Long datasets for improved understanding, management and pro- tection of groundwater. Hydrogeology Journal, 32(2):347–352, March 2024. ISSN 1435-0157. doi: 10.1007/s10040-023-02759-7.URLhttps://doi.org/10.1007/s10040-023-02759-7. [6] Zhenxue Dai, Chuanjun Zhan, Huichao Yin, Junjun Chen, Lulu Xu, Yuzhou Xia, Songlin Yang, Wei Chen, Mingxu Cao, Zhengyang Du, Xiaoying Zhang, Bicheng Yan, Y"
s41597-026-07353-6_reference.pdf,pymupdf,page_text,12,doi,doi: 10.1029/2025JH000703.URLhttps://doi.org/10.1029/2025JH000703.Publisher:JohnWiley,https://doi.org/10.1029/2025JH000703.URLhttps://doi.org/10.1029/2025JH000703.Publisher:JohnWiley,"ancements, Challenges, and Future Directions. Journal of Geophysical Research: Machine Learning and Computation, 2(2):e2025JH000703, June 2025. ISSN 2993-5210. doi: 10.1029/2025JH000703.URLhttps://doi.org/10.1029/2025JH000703.Publisher:JohnWiley & Sons, Ltd. [7] N. Addor, A. J. Newman, N. Mizukami, and M. P. Clark. The CAMELS data set: catchment at- tributes and meteorology for large-sample studies. Hy"
s41597-026-07353-6_reference.pdf,pymupdf,page_text,12,doi,doi: 10.5194/hess-21-5293-2017.URLhttps://hess.copernicus.org/articles/21/5293/2017/.,https://doi.org/10.5194/hess-21-5293-2017.URLhttps://hess.copernicus.org/articles/21/5293/2017/,". P. Clark. The CAMELS data set: catchment at- tributes and meteorology for large-sample studies. Hydrology and Earth System Sciences, 21(10):5293– 5313, 2017. doi: 10.5194/hess-21-5293-2017.URLhttps://hess.copernicus.org/articles/21/5293/2017/. [8] M. H¨oge, M. Kauzlaric, R. Siber, U. Sch¨onenberger, P. Horton, J. Schwanbeck, M. G. Floriancic, D. Vivi- roli, S. Wilhelm, A. E. Sikorska-Senoner, N. Addo"
s41597-026-07353-6_reference.pdf,pymupdf,page_text,12,doi,doi: 10.5194/essd-15-5755-2023.URLhttps://essd.copernicus.org/articles/15/5755/2023/.,https://doi.org/10.5194/essd-15-5755-2023.URLhttps://essd.copernicus.org/articles/15/5755/2023/,"H: hydro-meteorological time series and landscape attributes for 331 catchments in hydro- logic Switzerland. Earth System Science Data, 15(12):5755–5784, 2023. doi: 10.5194/essd-15-5755-2023.URLhttps://essd.copernicus.org/articles/15/5755/2023/."
s41597-026-07353-6_reference.pdf,pymupdf,page_text,13,url,https://dx.doi.org/10.1016/j.scitotenv.2020.137042.Publisher:ElsevierBV.,https://dx.doi.org/10.1016/j.scitotenv.2020.137042.Publisher:ElsevierBV,"view of variables, processes and relationships. Science of The Total Environment, 717:137042, May 2020. ISSN 0048-9697. doi: 10.1016/j.scitotenv.2020.137042.URLhttps://dx.doi.org/10.1016/j.scitotenv.2020.137042.Publisher:ElsevierBV. [11] Tunde Olarinoye, Tom Gleeson, Vera Marx, Stefan Seeger, Rouhollah Adinehvand, Vincenzo Allocca, Bartolome Andreo, James Apa´estegui, Christophe Apolit, Br"
s41597-026-07353-6_reference.pdf,pymupdf,page_text,13,url,https://doi.org/10.1038/s41597-019-0346-5.,https://doi.org/10.1038/s41597-019-0346-5,"research and management of the world’s fastest-flowing groundwater. Scientific Data, 7(1):59, February 2020. ISSN 2052-4463. doi: 10.1038/s41597-019-0346-5.URLhttps://doi.org/10.1038/s41597-019-0346-5. [12] Chung-Yi Lin, Alexandra Miller, Musab Waqar, and Landon T Marston. A database of groundwater wells in the United States. Scientific Data, 11(1):335, 2024."
s41597-026-07353-6_reference.pdf,pymupdf,page_text,13,url,https://app.readcube.com/library/undefined/item/acdd2a94-1f0e-4d64-95cc-beb95236e5b7.,https://app.readcube.com/library/undefined/item/acdd2a94-1f0e-4d64-95cc-beb95236e5b7,", Musab Waqar, and Landon T Marston. A database of groundwater wells in the United States. Scientific Data, 11(1):335, 2024. doi: 10.1038/s41597-024-03186-3.URLhttps://app.readcube.com/library/undefined/item/acdd2a94-1f0e-4d64-95cc-beb95236e5b7. [13] H´ector Leopoldo Venegas-Qui˜nones, Rodrigo Vald´es-Pineda, Pablo Garc´ıa-Chevesich, Juan B. Vald´es, Hoshin V. Gupta, Martha P. L. Whitaker, and Ty P. A."
s41597-026-07353-6_reference.pdf,pymupdf,page_text,13,url,https://doi.org/10.1038/s41597-023-02895-5.,https://doi.org/10.1038/s41597-023-02895-5,". Development of Groundwater Levels Dataset for Chile since 1970. Scientific Data, 11(1):170, February 2024. ISSN 2052-4463. doi: 10.1038/s41597-023-02895-5.URLhttps://doi.org/10.1038/s41597-023-02895-5. [14] Mengran Wang, Jiaqi Yao, Huanyu Chang, Rong Liu, Nan Xu, Zihua Liu, Haiying Gong, Hengliang Zheng, Jinke Wang, Xueer Guo, Yongqiang Cao, Yong Zhao, and Hu"
s41597-026-07353-6_reference.pdf,pymupdf,page_text,13,url,https://doi.org/10.1038/s41597-025-04799-y.,https://doi.org/10.1038/s41597-025-04799-y,"derground well water level observation grid dataset from 2005 to 2022. Scientific Data, 12(1):728, May 2025. ISSN 2052-4463. doi: 10.1038/s41597-025-04799-y.URLhttps://doi.org/10.1038/s41597-025-04799-y. [15] Jos´e Gescilam S. M. Uchˆoa, Paulo Tarso S. Oliveira, Andr´e S. Ballarin, Didier Gastmans, Jamil A. A. Anache, Bridget R. Scanlon, Clyvihk R. Camacho, Val"
s41597-026-07353-6_reference.pdf,pymupdf,page_text,13,url,https://doi.org/10.1038/s41597-025-05843-7.,https://doi.org/10.1038/s41597-025-05843-7,". Wendland. A groundwater well database for Brazil (GWDBrazil). Scientific Data, 12(1):1582, September 2025. ISSN 2052-4463. doi: 10.1038/s41597-025-05843-7.URLhttps://doi.org/10.1038/s41597-025-05843-7. [16] Rafael Ch´avez Garc´ıa Silva, Robert Reinecke, Nadim K. Copty, David A. Barry, Essam Heggy, David Labat, Pier Paolo Roggero, Dietrich Borchardt, Michael R"
s41597-026-07353-6_reference.pdf,pymupdf,page_text,13,doi,doi: 10.1038/s41597-023-01975-w.Publisher:NaturePublishingGroupUK,https://doi.org/10.1038/s41597-023-01975-w.Publisher:NaturePublishingGroupUK,"dsson, Avinatan Hassidim, Daniel Klotz, Sella Nevo, and others. Caravan-A global community dataset for large-sample hydrology. Scientific Data, 10(1):61, 2023. doi: 10.1038/s41597-023-01975-w.Publisher:NaturePublishingGroupUK London. [10] Christian Moeck, Nicolas Grech-Cumbo, Joel Podgorski, Anja Bretzler, Jason J. Gurdak, Michael Berg, and Mario Schirmer. A global-scale dataset of"
s41597-026-07353-6_reference.pdf,pymupdf,page_text,13,doi,doi: 10.1016/j.scitotenv.2020.137042.URLhttps://dx.doi.org/10.1016/j.scitotenv.2020.137042.Publisher:ElsevierBV.,https://doi.org/10.1016/j.scitotenv.2020.137042.URLhttps://dx.doi.org/10.1016/j.scitotenv.2020.137042.Publisher:ElsevierBV,"natural groundwater recharge rates: A review of variables, processes and relationships. Science of The Total Environment, 717:137042, May 2020. ISSN 0048-9697. doi: 10.1016/j.scitotenv.2020.137042.URLhttps://dx.doi.org/10.1016/j.scitotenv.2020.137042.Publisher:ElsevierBV. [11] Tunde Olarinoye, Tom Gleeson, Vera Marx, Stefan Seeger, Rouhollah Adinehvand, Vincenzo Allocca, Bartolome Andreo, James Apa´estegui, Christophe Apolit, Br"
s41597-026-07353-6_reference.pdf,pymupdf,page_text,13,doi,doi: 10.1038/s41597-019-0346-5.URLhttps://doi.org/10.1038/s41597-019-0346-5.,https://doi.org/10.1038/s41597-019-0346-5.URLhttps://doi.org/10.1038/s41597-019-0346-5,"rst springs hydrograph dataset for research and management of the world’s fastest-flowing groundwater. Scientific Data, 7(1):59, February 2020. ISSN 2052-4463. doi: 10.1038/s41597-019-0346-5.URLhttps://doi.org/10.1038/s41597-019-0346-5. [12] Chung-Yi Lin, Alexandra Miller, Musab Waqar, and Landon T Marston. A database of groundwater wells in the United States. Scientific Data, 11(1):335, 2024."
s41597-026-07353-6_reference.pdf,pymupdf,page_text,13,doi,doi: 10.1038/s41597-024-03186-3.URLhttps://app.readcube.com/library/undefined/item/acdd2a94-1f0e-4d64-95cc-beb95236e5b7.,https://doi.org/10.1038/s41597-024-03186-3.URLhttps://app.readcube.com/library/undefined/item/acdd2a94-1f0e-4d64-95cc-beb95236e5b7,"[12] Chung-Yi Lin, Alexandra Miller, Musab Waqar, and Landon T Marston. A database of groundwater wells in the United States. Scientific Data, 11(1):335, 2024. doi: 10.1038/s41597-024-03186-3.URLhttps://app.readcube.com/library/undefined/item/acdd2a94-1f0e-4d64-95cc-beb95236e5b7. [13] H´ector Leopoldo Venegas-Qui˜nones, Rodrigo Vald´es-Pineda, Pablo Garc´ıa-Chevesich, Juan B. Vald´es, Hoshin V. Gupta, Martha P. L. Whitaker, and Ty P. A."
s41597-026-07353-6_reference.pdf,pymupdf,page_text,13,doi,doi: 10.1038/s41597-023-02895-5.URLhttps://doi.org/10.1038/s41597-023-02895-5.,https://doi.org/10.1038/s41597-023-02895-5.URLhttps://doi.org/10.1038/s41597-023-02895-5,"P. L. Whitaker, and Ty P. A. Ferr´e. Development of Groundwater Levels Dataset for Chile since 1970. Scientific Data, 11(1):170, February 2024. ISSN 2052-4463. doi: 10.1038/s41597-023-02895-5.URLhttps://doi.org/10.1038/s41597-023-02895-5. [14] Mengran Wang, Jiaqi Yao, Huanyu Chang, Rong Liu, Nan Xu, Zihua Liu, Haiying Gong, Hengliang Zheng, Jinke Wang, Xueer Guo, Yongqiang Cao, Yong Zhao, and Hu"
s41597-026-07353-6_reference.pdf,pymupdf,page_text,13,doi,doi: 10.1038/s41597-025-04799-y.URLhttps://doi.org/10.1038/s41597-025-04799-y.,https://doi.org/10.1038/s41597-025-04799-y.URLhttps://doi.org/10.1038/s41597-025-04799-y,"iang Cao, Yong Zhao, and Hui Lu. Underground well water level observation grid dataset from 2005 to 2022. Scientific Data, 12(1):728, May 2025. ISSN 2052-4463. doi: 10.1038/s41597-025-04799-y.URLhttps://doi.org/10.1038/s41597-025-04799-y. [15] Jos´e Gescilam S. M. Uchˆoa, Paulo Tarso S. Oliveira, Andr´e S. Ballarin, Didier Gastmans, Jamil A. A. Anache, Bridget R. Scanlon, Clyvihk R. Camacho, Val"
s41597-026-07353-6_reference.pdf,pymupdf,page_text,13,doi,doi: 10.1038/s41597-025-05843-7.URLhttps://doi.org/10.1038/s41597-025-05843-7.,https://doi.org/10.1038/s41597-025-05843-7.URLhttps://doi.org/10.1038/s41597-025-05843-7,"Valmor J. Freddo Filho, and Edson C. Wendland. A groundwater well database for Brazil (GWDBrazil). Scientific Data, 12(1):1582, September 2025. ISSN 2052-4463. doi: 10.1038/s41597-025-05843-7.URLhttps://doi.org/10.1038/s41597-025-05843-7. [16] Rafael Ch´avez Garc´ıa Silva, Robert Reinecke, Nadim K. Copty, David A. Barry, Essam Heggy, David Labat, Pier Paolo Roggero, Dietrich Borchardt, Michael R"
s41597-026-07353-6_reference.pdf,pymupdf,page_text,14,url,https://doi.org/10.1038/s43247-024-01554-w.,https://doi.org/10.1038/s43247-024-01554-w,"ARTICLE IN PRESS ARTICLE IN PRESS ern Europe. Communications Earth & Environment, 5(1):387, July 2024. ISSN 2662-4435. doi: 10.1038/s43247-024-01554-w.URLhttps://doi.org/10.1038/s43247-024-01554-w. [17] M. Ohmer, T. Liesch, B. Habbel, B. Heudorfer, M. Gomez, P. Clos, M. N¨olscher, and S. Broda. GEMS- GER: A Machine Learning Benchmark Dataset of Long-Term"
s41597-026-07353-6_reference.pdf,pymupdf,page_text,14,url,https://essd.copernicus.org/preprints/essd-2025-321/.Publisher:CopernicusPublications.,https://essd.copernicus.org/preprints/essd-2025-321/.Publisher:CopernicusPublications,"gical Forcings and Site-Specific Environmental Features. Earth Syst. Sci. Data Discuss., 2025: 1–30, August 2025. ISSN 1866-3591. doi: 10.5194/essd-2025-321.URLhttps://essd.copernicus.org/preprints/essd-2025-321/.Publisher:CopernicusPublications. [18] IGRAC. Global Groundwater Monitoring Network (GGMN) - IGRAC, 2025. URL https://ggmn.un-igrac.org.https://doi.org/10.58154/6Z0Y-DA34. [19] Annemarie B¨athg"
s41597-026-07353-6_reference.pdf,pymupdf,page_text,14,url,https://ggmn.un-igrac.org.https://doi.org/10.58154/6Z0Y-DA34.,https://ggmn.un-igrac.org.https://doi.org/10.58154/6Z0Y-DA34,"ps://essd.copernicus.org/preprints/essd-2025-321/.Publisher:CopernicusPublications. [18] IGRAC. Global Groundwater Monitoring Network (GGMN) - IGRAC, 2025. URL https://ggmn.un-igrac.org.https://doi.org/10.58154/6Z0Y-DA34. [19] Annemarie B¨athge, Claudia Ruz Vargas, Gunnar Lischeid, Raoul Collenteur, Mark Cuthbert, Jan H. Fleckenstein, Martina Floerke, Inge De Graaf, Sebastian Gn"
s41597-026-07353-6_reference.pdf,pymupdf,page_text,14,url,https://doi.org/10.31223/X5673T.,https://doi.org/10.31223/X5673T,"dorf, Yoshihide Wada, Thorsten Wagener, and Robert Reinecke. GROW: A Global Time Series Dataset for Groundwater Studies within the Earth System, June 2025. URL https://doi.org/10.31223/X5673T. [20] Daniel Viviroli, Hans H. D¨urr, Bruno Messerli, Michel Meybeck, and Rolf Weingartner. Mountains of the world, water towers for humanity: Typology, mapping"
s41597-026-07353-6_reference.pdf,pymupdf,page_text,14,url,https://doi.org/10.1029/2006WR005653.Publisher:JohnWiley,https://doi.org/10.1029/2006WR005653.Publisher:JohnWiley,"water towers for humanity: Typology, mapping, and global significance. Water Resources Research, 43(7), July 2007. ISSN 0043-1397. doi: 10.1029/2006WR005653.URLhttps://doi.org/10.1029/2006WR005653.Publisher:JohnWiley & Sons, Ltd. [21] Marc Sch¨urch, Ronald Kozel, and Laurent Jemelin. Hydrogeological mapping in Switzerland. Hydro- geology Journal, 15(4):799–808, June 2007. I"
s41597-026-07353-6_reference.pdf,pymupdf,page_text,14,url,https://doi.org/10.1007/s10040-006-0136-y.,https://doi.org/10.1007/s10040-006-0136-y,"nd Laurent Jemelin. Hydrogeological mapping in Switzerland. Hydro- geology Journal, 15(4):799–808, June 2007. ISSN 1435-0157. doi: 10.1007/s10040-006-0136-y.URLhttps://doi.org/10.1007/s10040-006-0136-y. [22] C. Marty, A. Michel, T. Jonas, C. Steijn, R. Muelchi, and S. Kotlarski. SPASS – new gridded clima- tological snow datasets for Switzerland: potential and"
s41597-026-07353-6_reference.pdf,pymupdf,page_text,14,url,https://tc.copernicus.org/articles/19/4391/2025/.,https://tc.copernicus.org/articles/19/4391/2025/,"new gridded clima- tological snow datasets for Switzerland: potential and limitations. The Cryosphere, 19(10):4391–4407, 2025. doi: 10.5194/tc-19-4391-2025.URLhttps://tc.copernicus.org/articles/19/4391/2025/. [23] Raoul Collenteur and Christian Moeck. The swiss groundwater database, February 2026. URL https://doi.org/10.5281/zenodo.14260400. [24] Yongbo Gao, Christo"
s41597-026-07353-6_reference.pdf,pymupdf,page_text,14,url,https://doi.org/10.1007/s12665-018-7228-6.,https://doi.org/10.1007/s12665-018-7228-6,"er. A review on missing hydro- logical data processing. Environmental Earth Sciences, 77(2):47, January 2018. ISSN 1866-6299. doi: 10.1007/s12665-018-7228-6.URLhttps://doi.org/10.1007/s12665-018-7228-6. [25] J. R. von Asmuth and M. F. P. Bierkens. Modeling irregularly spaced residual series as a continu- ous stochastic process. Water Resources Research, 41(12)"
s41597-026-07353-6_reference.pdf,pymupdf,page_text,14,url,https://onlinelibrary.wiley.com/doi/10.1029/2004WR003726/abstract.,https://onlinelibrary.wiley.com/doi/10.1029/2004WR003726/abstract,"aced residual series as a continu- ous stochastic process. Water Resources Research, 41(12):W12404, December 2005. ISSN 1944-7973. doi: 10.1029/2004WR003726.URLhttps://onlinelibrary.wiley.com/doi/10.1029/2004WR003726/abstract. [26] Robert M. Hirsch and James R. Slack. A Nonparametric Trend Test for Seasonal Data With Serial Dependence. Water Resources Research, 20(6):727–732, June 19"
s41597-026-07353-6_reference.pdf,pymupdf,page_text,14,url,https://doi.org/10.1029/WR020i006p00727.Publisher:JohnWiley,https://doi.org/10.1029/WR020i006p00727.Publisher:JohnWiley,"metric Trend Test for Seasonal Data With Serial Dependence. Water Resources Research, 20(6):727–732, June 1984. ISSN 0043-1397. doi: 10.1029/WR020i006p00727.URLhttps://doi.org/10.1029/WR020i006p00727.Publisher:JohnWiley & Sons, Ltd. [27] M. Gauch, F. Kratzert, D. Klotz, G. Nearing, D. Cohen, and O. Gilon. How to deal w missing input data. Hydrology and Earth System Sciences, 2"
s41597-026-07353-6_reference.pdf,pymupdf,page_text,14,url,https://hess.copernicus.org/articles/29/6221/2025/.,https://hess.copernicus.org/articles/29/6221/2025/,"aring, D. Cohen, and O. Gilon. How to deal w missing input data. Hydrology and Earth System Sciences, 29(21):6221–6235, 2025. doi: 10.5194/hess-29-6221-2025.URLhttps://hess.copernicus.org/articles/29/6221/2025/."
s41597-026-07353-6_reference.pdf,pymupdf,page_text,14,doi,doi: 10.1038/s43247-024-01554-w.URLhttps://doi.org/10.1038/s43247-024-01554-w.,https://doi.org/10.1038/s43247-024-01554-w.URLhttps://doi.org/10.1038/s43247-024-01554-w,"ARTICLE IN PRESS ARTICLE IN PRESS ern Europe. Communications Earth & Environment, 5(1):387, July 2024. ISSN 2662-4435. doi: 10.1038/s43247-024-01554-w.URLhttps://doi.org/10.1038/s43247-024-01554-w. [17] M. Ohmer, T. Liesch, B. Habbel, B. Heudorfer, M. Gomez, P. Clos, M. N¨olscher, and S. Broda. GEMS- GER: A Machine Learning Benchmark Dataset of Long-Term"
s41597-026-07353-6_reference.pdf,pymupdf,page_text,14,doi,doi: 10.5194/essd-2025-321.URLhttps://essd.copernicus.org/preprints/essd-2025-321/.Publisher:CopernicusPublications.,https://doi.org/10.5194/essd-2025-321.URLhttps://essd.copernicus.org/preprints/essd-2025-321/.Publisher:CopernicusPublications,"vels in Germany with Meteorological Forcings and Site-Specific Environmental Features. Earth Syst. Sci. Data Discuss., 2025: 1–30, August 2025. ISSN 1866-3591. doi: 10.5194/essd-2025-321.URLhttps://essd.copernicus.org/preprints/essd-2025-321/.Publisher:CopernicusPublications. [18] IGRAC. Global Groundwater Monitoring Network (GGMN) - IGRAC, 2025. URL https://ggmn.un-igrac.org.https://doi.org/10.58154/6Z0Y-DA34. [19] Annemarie B¨athg"
s41597-026-07353-6_reference.pdf,pymupdf,page_text,14,doi,doi: 10.1029/2006WR005653.URLhttps://doi.org/10.1029/2006WR005653.Publisher:JohnWiley,https://doi.org/10.1029/2006WR005653.URLhttps://doi.org/10.1029/2006WR005653.Publisher:JohnWiley,"ner. Mountains of the world, water towers for humanity: Typology, mapping, and global significance. Water Resources Research, 43(7), July 2007. ISSN 0043-1397. doi: 10.1029/2006WR005653.URLhttps://doi.org/10.1029/2006WR005653.Publisher:JohnWiley & Sons, Ltd. [21] Marc Sch¨urch, Ronald Kozel, and Laurent Jemelin. Hydrogeological mapping in Switzerland. Hydro- geology Journal, 15(4):799–808, June 2007. I"
s41597-026-07353-6_reference.pdf,pymupdf,page_text,14,doi,doi: 10.1007/s10040-006-0136-y.URLhttps://doi.org/10.1007/s10040-006-0136-y.,https://doi.org/10.1007/s10040-006-0136-y.URLhttps://doi.org/10.1007/s10040-006-0136-y,"21] Marc Sch¨urch, Ronald Kozel, and Laurent Jemelin. Hydrogeological mapping in Switzerland. Hydro- geology Journal, 15(4):799–808, June 2007. ISSN 1435-0157. doi: 10.1007/s10040-006-0136-y.URLhttps://doi.org/10.1007/s10040-006-0136-y. [22] C. Marty, A. Michel, T. Jonas, C. Steijn, R. Muelchi, and S. Kotlarski. SPASS – new gridded clima- tological snow datasets for Switzerland: potential and"
s41597-026-07353-6_reference.pdf,pymupdf,page_text,14,doi,doi: 10.5194/tc-19-4391-2025.URLhttps://tc.copernicus.org/articles/19/4391/2025/.,https://doi.org/10.5194/tc-19-4391-2025.URLhttps://tc.copernicus.org/articles/19/4391/2025/,"elchi, and S. Kotlarski. SPASS – new gridded clima- tological snow datasets for Switzerland: potential and limitations. The Cryosphere, 19(10):4391–4407, 2025. doi: 10.5194/tc-19-4391-2025.URLhttps://tc.copernicus.org/articles/19/4391/2025/. [23] Raoul Collenteur and Christian Moeck. The swiss groundwater database, February 2026. URL https://doi.org/10.5281/zenodo.14260400. [24] Yongbo Gao, Christo"
s41597-026-07353-6_reference.pdf,pymupdf,page_text,14,doi,doi: 10.1007/s12665-018-7228-6.URLhttps://doi.org/10.1007/s12665-018-7228-6.,https://doi.org/10.1007/s12665-018-7228-6.URLhttps://doi.org/10.1007/s12665-018-7228-6,"nnar Lischeid, and Michael Schneider. A review on missing hydro- logical data processing. Environmental Earth Sciences, 77(2):47, January 2018. ISSN 1866-6299. doi: 10.1007/s12665-018-7228-6.URLhttps://doi.org/10.1007/s12665-018-7228-6. [25] J. R. von Asmuth and M. F. P. Bierkens. Modeling irregularly spaced residual series as a continu- ous stochastic process. Water Resources Research, 41(12)"
s41597-026-07353-6_reference.pdf,pymupdf,page_text,14,doi,doi: 10.1029/2004WR003726.URLhttps://onlinelibrary.wiley.com/doi/10.1029/2004WR003726/abstract.,https://doi.org/10.1029/2004WR003726.URLhttps://onlinelibrary.wiley.com/doi/10.1029/2004WR003726/abstract,"kens. Modeling irregularly spaced residual series as a continu- ous stochastic process. Water Resources Research, 41(12):W12404, December 2005. ISSN 1944-7973. doi: 10.1029/2004WR003726.URLhttps://onlinelibrary.wiley.com/doi/10.1029/2004WR003726/abstract. [26] Robert M. Hirsch and James R. Slack. A Nonparametric Trend Test for Seasonal Data With Serial Dependence. Water Resources Research, 20(6):727–732, June 19"
s41597-026-07353-6_reference.pdf,pymupdf,page_text,14,doi,doi: 10.1029/WR020i006p00727.URLhttps://doi.org/10.1029/WR020i006p00727.Publisher:JohnWiley,https://doi.org/10.1029/WR020i006p00727.URLhttps://doi.org/10.1029/WR020i006p00727.Publisher:JohnWiley,"ch and James R. Slack. A Nonparametric Trend Test for Seasonal Data With Serial Dependence. Water Resources Research, 20(6):727–732, June 1984. ISSN 0043-1397. doi: 10.1029/WR020i006p00727.URLhttps://doi.org/10.1029/WR020i006p00727.Publisher:JohnWiley & Sons, Ltd. [27] M. Gauch, F. Kratzert, D. Klotz, G. Nearing, D. Cohen, and O. Gilon. How to deal w missing input data. Hydrology and Earth System Sciences, 2"
s41597-026-07353-6_reference.pdf,pymupdf,page_text,14,doi,doi: 10.5194/hess-29-6221-2025.URLhttps://hess.copernicus.org/articles/29/6221/2025/.,https://doi.org/10.5194/hess-29-6221-2025.URLhttps://hess.copernicus.org/articles/29/6221/2025/,"auch, F. Kratzert, D. Klotz, G. Nearing, D. Cohen, and O. Gilon. How to deal w missing input data. Hydrology and Earth System Sciences, 29(21):6221–6235, 2025. doi: 10.5194/hess-29-6221-2025.URLhttps://hess.copernicus.org/articles/29/6221/2025/."
s41597-026-07353-6_reference.pdf,pymupdf,page_text,15,url,https://doi.org/10.1111/gwat.13474.Publisher:JohnWiley,https://doi.org/10.1111/gwat.13474.Publisher:JohnWiley,"Package for Automated Imputation of Regionally Correlated Hydrologic Records. Groundwater, 63(4):595–610, July 2025. ISSN 0017-467X. doi: 10.1111/gwat.13474.URLhttps://doi.org/10.1111/gwat.13474.Publisher:JohnWiley & Sons, Ltd. [29] W Russell Hamon. Estimating potential evapotranspiration. Journal of the Hydraulics Division, 87(3): 107–120, 1961. Publisher: American Socie"
s41597-026-07353-6_reference.pdf,pymupdf,page_text,15,url,https://gmd.copernicus.org/articles/17/7083/2024/.,https://gmd.copernicus.org/articles/17/7083/2024/,"a Python package for the estimation of potential evapotranspiration. Geoscientific Model Development, 17(18):7083–7103, 2024. doi: 10.5194/gmd-17-7083-2024.URLhttps://gmd.copernicus.org/articles/17/7083/2024/. [31] Raoul A. Collenteur, Christian Moeck, Mario Schirmer, and Steffen Birk. Analysis of nationwide ground- water monitoring networks using lumped-parameter mo"
s41597-026-07353-6_reference.pdf,pymupdf,page_text,15,url,https://www.sciencedirect.com/science/article/pii/S0022169423010624.,https://www.sciencedirect.com/science/article/pii/S0022169423010624,"ter monitoring networks using lumped-parameter models. Journal of Hydrology, 626:130120, Novem- ber 2023. ISSN 0022-1694. doi: 10.1016/j.jhydrol.2023.130120.URLhttps://www.sciencedirect.com/science/article/pii/S0022169423010624. [32] Geologische Karte der Schweiz 1:500000 - opendata.swiss, . URL https://opendata.swiss/de/dataset/geologische-karte-der-schweiz-1-500000. [33] Tomislav Hen"
s41597-026-07353-6_reference.pdf,pymupdf,page_text,15,url,https://opendata.swiss/de/dataset/geologische-karte-der-schweiz-1-500000.,https://opendata.swiss/de/dataset/geologische-karte-der-schweiz-1-500000,"jhydrol.2023.130120.URLhttps://www.sciencedirect.com/science/article/pii/S0022169423010624. [32] Geologische Karte der Schweiz 1:500000 - opendata.swiss, . URL https://opendata.swiss/de/dataset/geologische-karte-der-schweiz-1-500000. [33] Tomislav Hengl, Jorge Mendes de Jesus, Gerard B. M. Heuvelink, Maria Ruiperez Gonzalez, Milan Kilibarda, Aleksandar Blagoti´c, Wei Shangguan, Marvin N. Wr"
s41597-026-07353-6_reference.pdf,pymupdf,page_text,15,url,https://doi.org/10.1371/journal.pone.0169748.Publisher:PublicLibraryofScience.,https://doi.org/10.1371/journal.pone.0169748.Publisher:PublicLibraryofScience,"Kempen. SoilGrids250m: Global gridded soil information based on machine learning. PLOS ONE, 12(2):e0169748, February 2017. doi: 10.1371/journal.pone.0169748.URLhttps://doi.org/10.1371/journal.pone.0169748.Publisher:PublicLibraryofScience. [34] George B¨uttner, Jan Feranec, Gabriel Jaffrain, L´aszl´o Mari, Gergely Maucha, and Tomas Soukup. The CORINE land cover 2000 project. EARSeL eProceedings,"
s41597-026-07353-6_reference.pdf,pymupdf,page_text,15,url,https://doi.org/10.2909/ddacbd5e-068f-4e52-a596-d606e8de7f40.,https://doi.org/10.2909/ddacbd5e-068f-4e52-a596-d606e8de7f40,"n Feranec, Gabriel Jaffrain, L´aszl´o Mari, Gergely Maucha, and Tomas Soukup. The CORINE land cover 2000 project. EARSeL eProceedings, 3(3):331–346, 2004. doi: https://doi.org/10.2909/ddacbd5e-068f-4e52-a596-d606e8de7f40. [35] Hydrogeologische Karte der Schweiz: Grundwasservorkommen 1:500000 - opendata.swiss, . URL https://opendata.swiss/de/dataset/hydrogeologische-karte-der-sch"
s41597-026-07353-6_reference.pdf,pymupdf,page_text,15,url,https://opendata.swiss/de/dataset/hydrogeologische-karte-der-schweiz-grundwasservorkommen-1-500000.,https://opendata.swiss/de/dataset/hydrogeologische-karte-der-schweiz-grundwasservorkommen-1-500000,"i: https://doi.org/10.2909/ddacbd5e-068f-4e52-a596-d606e8de7f40. [35] Hydrogeologische Karte der Schweiz: Grundwasservorkommen 1:500000 - opendata.swiss, . URL https://opendata.swiss/de/dataset/hydrogeologische-karte-der-schweiz-grundwasservorkommen-1-500000. [36] B. Heudorfer, E. Haaf, K. Stahl, and R. Barthel. Index-based characterization and quantifica- tion of groundwater dynamics. Water Resources Research, 0(ja"
s41597-026-07353-6_reference.pdf,pymupdf,page_text,15,url,https://agupubs.onlinelibrary.wiley.com/doi/abs/10.1029/2018WR024418.,https://agupubs.onlinelibrary.wiley.com/doi/abs/10.1029/2018WR024418,"ex-based characterization and quantifica- tion of groundwater dynamics. Water Resources Research, 0(ja), May 2019. ISSN 0043-1397. doi: 10.1029/2018WR024418.URLhttps://agupubs.onlinelibrary.wiley.com/doi/abs/10.1029/2018WR024418. [37] Raoul A. Collenteur, Martin A. Vonk, and Ezra Haaf. Quantification and Analysis of Hydrograph Behavior Using Groundwater Signatures. Groundwater, n/a(n/a)"
s41597-026-07353-6_reference.pdf,pymupdf,page_text,15,url,https://doi.org/10.1111/gwat.13486.Publisher:JohnWiley,https://doi.org/10.1111/gwat.13486.Publisher:JohnWiley,"Quantification and Analysis of Hydrograph Behavior Using Groundwater Signatures. Groundwater, n/a(n/a), April 2025. ISSN 0017-467X. doi: 10.1111/gwat.13486.URLhttps://doi.org/10.1111/gwat.13486.Publisher:JohnWiley & Sons, Ltd. [38] Swiss Federal Assembly. Federal Water Protection Act (Gew¨asserschutzgesetz, GSchG), October 1971. URL https://www.amtsdruckschriften.bar.adm"
s41597-026-07353-6_reference.pdf,pymupdf,page_text,15,url,https://www.amtsdruckschriften.bar.admin.ch/detailView.do?id=10045204.,https://www.amtsdruckschriften.bar.admin.ch/detailView.do?id=10045204,"10.1111/gwat.13486.Publisher:JohnWiley & Sons, Ltd. [38] Swiss Federal Assembly. Federal Water Protection Act (Gew¨asserschutzgesetz, GSchG), October 1971. URL https://www.amtsdruckschriften.bar.admin.ch/detailView.do?id=10045204. [39] Philip Schuler, Joan Campany`a, Henning Moe, Damien Doherty, Natalya Hunter Williams, and Ted McCormack. Mapping the groundwater memory across Ireland: A"
s41597-026-07353-6_reference.pdf,pymupdf,page_text,15,doi,doi: 10.1111/gwat.13474.URLhttps://doi.org/10.1111/gwat.13474.Publisher:JohnWiley,https://doi.org/10.1111/gwat.13474.URLhttps://doi.org/10.1111/gwat.13474.Publisher:JohnWiley,"Neil Terry. ARCHI: A New R Package for Automated Imputation of Regionally Correlated Hydrologic Records. Groundwater, 63(4):595–610, July 2025. ISSN 0017-467X. doi: 10.1111/gwat.13474.URLhttps://doi.org/10.1111/gwat.13474.Publisher:JohnWiley & Sons, Ltd. [29] W Russell Hamon. Estimating potential evapotranspiration. Journal of the Hydraulics Division, 87(3): 107–120, 1961. Publisher: American Socie"
s41597-026-07353-6_reference.pdf,pymupdf,page_text,15,doi,doi: 10.5194/gmd-17-7083-2024.URLhttps://gmd.copernicus.org/articles/17/7083/2024/.,https://doi.org/10.5194/gmd-17-7083-2024.URLhttps://gmd.copernicus.org/articles/17/7083/2024/,"enteur, and S. Birk. PyEt v1.3.1: a Python package for the estimation of potential evapotranspiration. Geoscientific Model Development, 17(18):7083–7103, 2024. doi: 10.5194/gmd-17-7083-2024.URLhttps://gmd.copernicus.org/articles/17/7083/2024/. [31] Raoul A. Collenteur, Christian Moeck, Mario Schirmer, and Steffen Birk. Analysis of nationwide ground- water monitoring networks using lumped-parameter mo"
s41597-026-07353-6_reference.pdf,pymupdf,page_text,15,doi,doi: 10.1016/j.jhydrol.2023.130120.URLhttps://www.sciencedirect.com/science/article/pii/S0022169423010624.,https://doi.org/10.1016/j.jhydrol.2023.130120.URLhttps://www.sciencedirect.com/science/article/pii/S0022169423010624,"irk. Analysis of nationwide ground- water monitoring networks using lumped-parameter models. Journal of Hydrology, 626:130120, Novem- ber 2023. ISSN 0022-1694. doi: 10.1016/j.jhydrol.2023.130120.URLhttps://www.sciencedirect.com/science/article/pii/S0022169423010624. [32] Geologische Karte der Schweiz 1:500000 - opendata.swiss, . URL https://opendata.swiss/de/dataset/geologische-karte-der-schweiz-1-500000. [33] Tomislav Hen"
s41597-026-07353-6_reference.pdf,pymupdf,page_text,15,doi,doi: 10.1371/journal.pone.0169748.URLhttps://doi.org/10.1371/journal.pone.0169748.Publisher:PublicLibraryofScience.,https://doi.org/10.1371/journal.pone.0169748.URLhttps://doi.org/10.1371/journal.pone.0169748.Publisher:PublicLibraryofScience,"ani Wheeler, Stephan Mantel, and Bas Kempen. SoilGrids250m: Global gridded soil information based on machine learning. PLOS ONE, 12(2):e0169748, February 2017. doi: 10.1371/journal.pone.0169748.URLhttps://doi.org/10.1371/journal.pone.0169748.Publisher:PublicLibraryofScience. [34] George B¨uttner, Jan Feranec, Gabriel Jaffrain, L´aszl´o Mari, Gergely Maucha, and Tomas Soukup. The CORINE land cover 2000 project. EARSeL eProceedings,"
s41597-026-07353-6_reference.pdf,pymupdf,page_text,15,doi,doi: 10.1029/2018WR024418.URLhttps://agupubs.onlinelibrary.wiley.com/doi/abs/10.1029/2018WR024418.,https://doi.org/10.1029/2018WR024418.URLhttps://agupubs.onlinelibrary.wiley.com/doi/abs/10.1029/2018WR024418,"K. Stahl, and R. Barthel. Index-based characterization and quantifica- tion of groundwater dynamics. Water Resources Research, 0(ja), May 2019. ISSN 0043-1397. doi: 10.1029/2018WR024418.URLhttps://agupubs.onlinelibrary.wiley.com/doi/abs/10.1029/2018WR024418. [37] Raoul A. Collenteur, Martin A. Vonk, and Ezra Haaf. Quantification and Analysis of Hydrograph Behavior Using Groundwater Signatures. Groundwater, n/a(n/a)"
s41597-026-07353-6_reference.pdf,pymupdf,page_text,15,doi,doi: 10.1111/gwat.13486.URLhttps://doi.org/10.1111/gwat.13486.Publisher:JohnWiley,https://doi.org/10.1111/gwat.13486.URLhttps://doi.org/10.1111/gwat.13486.Publisher:JohnWiley,"tin A. Vonk, and Ezra Haaf. Quantification and Analysis of Hydrograph Behavior Using Groundwater Signatures. Groundwater, n/a(n/a), April 2025. ISSN 0017-467X. doi: 10.1111/gwat.13486.URLhttps://doi.org/10.1111/gwat.13486.Publisher:JohnWiley & Sons, Ltd. [38] Swiss Federal Assembly. Federal Water Protection Act (Gew¨asserschutzgesetz, GSchG), October 1971. URL https://www.amtsdruckschriften.bar.adm"
s41597-026-07353-6_reference.pdf,pymupdf,page_text,16,url,https://www.sciencedirect.com/science/article/pii/S0022169422008496.,https://www.sciencedirect.com/science/article/pii/S0022169422008496,"SS ARTICLE IN PRESS drought susceptibility assessment. Journal of Hydrology, 612:128277, September 2022. ISSN 0022- 1694. doi: 10.1016/j.jhydrol.2022.128277.URLhttps://www.sciencedirect.com/science/article/pii/S0022169422008496. [40] Marc Sch¨urch, Ronald Kozel, Daniele Biaggi, and Rolf Weingartner. Typisierung von grundwasserregi- men in der schweiz - konzept und fallbeispiele, 2010."
s41597-026-07353-6_reference.pdf,pymupdf,page_text,16,url,https://boris-portal.unibe.ch/handle/20.500.12422/76902.Author,https://boris-portal.unibe.ch/handle/20.500.12422/76902.Author,"] Marc Sch¨urch, Ronald Kozel, Daniele Biaggi, and Rolf Weingartner. Typisierung von grundwasserregi- men in der schweiz - konzept und fallbeispiele, 2010. URL https://boris-portal.unibe.ch/handle/20.500.12422/76902.Author Contributions RAC and CM conceptualized the study and collected and analyzed the data. RAC and CM wrote the first draft of the manuscript. All authors reviewed"
s41597-026-07353-6_reference.pdf,pymupdf,page_text,16,doi,doi: 10.1016/j.jhydrol.2022.128277.URLhttps://www.sciencedirect.com/science/article/pii/S0022169422008496.,https://doi.org/10.1016/j.jhydrol.2022.128277.URLhttps://www.sciencedirect.com/science/article/pii/S0022169422008496,"ARTICLE IN PRESS ARTICLE IN PRESS drought susceptibility assessment. Journal of Hydrology, 612:128277, September 2022. ISSN 0022- 1694. doi: 10.1016/j.jhydrol.2022.128277.URLhttps://www.sciencedirect.com/science/article/pii/S0022169422008496. [40] Marc Sch¨urch, Ronald Kozel, Daniele Biaggi, and Rolf Weingartner. Typisierung von grundwasserregi- men in der schweiz - konzept und fallbeispiele, 2010."
s41597-026-07353-6_reference.pdf,grobid_tei,target,,url,https://github.com/kermitt2/grobid,https://github.com/kermitt2/grobid,
s41597-026-07353-6_reference.pdf,grobid_tei,target,,url,https://www.hydrol-earth-syst-sci.net/23/3603/2019/hess-23-3603-2019.html,https://www.hydrol-earth-syst-sci.net/23/3603/2019/hess-23-3603-2019.html,
s41597-026-07353-6_reference.pdf,grobid_tei,target,,url,https://doi.org/10.1111/gwat.13195,https://doi.org/10.1111/gwat.13195,
s41597-026-07353-6_reference.pdf,grobid_tei,target,,url,https://doi.org/10.1029/2025JH000703.Publisher,https://doi.org/10.1029/2025JH000703.Publisher,
s41597-026-07353-6_reference.pdf,grobid_tei,target,,url,http://dx.doi.org/10.1016/j.scitotenv.2020.137042.Publisher,http://dx.doi.org/10.1016/j.scitotenv.2020.137042.Publisher,
s41597-026-07353-6_reference.pdf,grobid_tei,target,,url,https://app.readcube.com/library/undefined/item/acdd,https://app.readcube.com/library/undefined/item/acdd,
s41597-026-07353-6_reference.pdf,grobid_tei,target,,url,https://essd.copernicus.org/preprints/essd-2025-321/.Publisher,https://essd.copernicus.org/preprints/essd-2025-321/.Publisher,
s41597-026-07353-6_reference.pdf,grobid_tei,target,,url,https://doi.org/10.58154/6Z0Y-DA34,https://doi.org/10.58154/6Z0Y-DA34,
s41597-026-07353-6_reference.pdf,grobid_tei,target,,url,https://doi.org/10.1029/2006WR005653,https://doi.org/10.1029/2006WR005653,
s41597-026-07353-6_reference.pdf,grobid_tei,target,,url,http://onlinelibrary.wiley.com/doi/10.1029/2004WR003726/abstract,http://onlinelibrary.wiley.com/doi/10.1029/2004WR003726/abstract,
s41597-026-07353-6_reference.pdf,grobid_tei,target,,url,https://doi.org/10.1029/WR020i006p00727,https://doi.org/10.1029/WR020i006p00727,
s41597-026-07353-6_reference.pdf,grobid_tei,target,,url,https://doi.org/10.1111/gwat.13474,https://doi.org/10.1111/gwat.13474,
s41597-026-07353-6_reference.pdf,grobid_tei,target,,url,https://doi.org/10.1371/journal.pone.0169748,https://doi.org/10.1371/journal.pone.0169748,
s41597-026-07353-6_reference.pdf,grobid_tei,target,,url,https://doi.org/10.2909/,https://doi.org/10.2909/,
s41597-026-07353-6_reference.pdf,grobid_tei,target,,url,https://doi.org/10.1111/gwat.13486,https://doi.org/10.1111/gwat.13486,
s41597-026-07353-6_reference.pdf,grobid_tei,idno_doi,,doi,10.1038/s41597-026-07353-6,https://doi.org/10.1038/s41597-026-07353-6,10.1038/s41597-026-07353-6
s41597-026-07353-6_reference.pdf,grobid_tei,idno_doi,,doi,10.5194/hess-23-3603-2019,https://doi.org/10.5194/hess-23-3603-2019,10.5194/hess-23-3603-2019
s41597-026-07353-6_reference.pdf,grobid_tei,idno_doi,,doi,10.1029/2025JH000703,https://doi.org/10.1029/2025JH000703,10.1029/2025JH000703
s41597-026-07353-6_reference.pdf,grobid_tei,idno_doi,,doi,10.5194/hess-21-5293-2017,https://doi.org/10.5194/hess-21-5293-2017,10.5194/hess-21-5293-2017
s41597-026-07353-6_reference.pdf,grobid_tei,idno_doi,,doi,10.5194/essd-15-5755-2023,https://doi.org/10.5194/essd-15-5755-2023,10.5194/essd-15-5755-2023
s41597-026-07353-6_reference.pdf,grobid_tei,idno_doi,,doi,10.1038/s41597-023-01975-w.Publisher,https://doi.org/10.1038/s41597-023-01975-w.Publisher,10.1038/s41597-023-01975-w.Publisher
s41597-026-07353-6_reference.pdf,grobid_tei,idno_doi,,doi,10.1016/j.scitotenv.2020.137042,https://doi.org/10.1016/j.scitotenv.2020.137042,10.1016/j.scitotenv.2020.137042
s41597-026-07353-6_reference.pdf,grobid_tei,idno_doi,,doi,10.1038/s41597-024-03186-3,https://doi.org/10.1038/s41597-024-03186-3,10.1038/s41597-024-03186-3
s41597-026-07353-6_reference.pdf,grobid_tei,idno_doi,,doi,10.5194/essd-2025-321,https://doi.org/10.5194/essd-2025-321,10.5194/essd-2025-321
s41597-026-07353-6_reference.pdf,grobid_tei,idno_doi,,doi,10.5194/tc-19-4391-2025,https://doi.org/10.5194/tc-19-4391-2025,10.5194/tc-19-4391-2025
s41597-026-07353-6_reference.pdf,grobid_tei,idno_doi,,doi,10.1029/2004WR003726,https://doi.org/10.1029/2004WR003726,10.1029/2004WR003726
s41597-026-07353-6_reference.pdf,grobid_tei,idno_doi,,doi,10.5194/hess-29-6221-2025,https://doi.org/10.5194/hess-29-6221-2025,10.5194/hess-29-6221-2025
s41597-026-07353-6_reference.pdf,grobid_tei,idno_doi,,doi,10.5194/gmd-17-7083-2024,https://doi.org/10.5194/gmd-17-7083-2024,10.5194/gmd-17-7083-2024
s41597-026-07353-6_reference.pdf,grobid_tei,idno_doi,,doi,10.1016/j.jhydrol.2023.130120,https://doi.org/10.1016/j.jhydrol.2023.130120,10.1016/j.jhydrol.2023.130120
s41597-026-07353-6_reference.pdf,grobid_tei,idno_doi,,doi,10.1029/2018WR024418,https://doi.org/10.1029/2018WR024418,10.1029/2018WR024418
s41597-026-07353-6_reference.pdf,grobid_tei,full_tei_text,,url,https://boris-portal.unibe.ch/handle/20.500.12422/76902.AcknowledgementsThe,https://boris-portal.unibe.ch/handle/20.500.12422/76902.AcknowledgementsThe,"[40] Marc Schürch, Ronald Kozel, Daniele Biaggi, and Rolf Weingartner. Typisierung von grundwasserregimen in der schweiz -konzept und fallbeispiele, 2010. URL https://boris-portal.unibe.ch/handle/20.500.12422/76902.AcknowledgementsThe authors thank all the cantonal services and the Swiss Federal Office for the Environment for providing groundwater level data. This publication was prepared us"
s41597-026-07353-6_reference.pdf,grobid_tei,full_tei_text,,url,https://doi.org/10.5281/zenodo.14260400.AuthorContributionsRACandCMconceptualizedthe,https://doi.org/10.5281/zenodo.14260400.AuthorContributionsRACandCMconceptualizedthe,nd grant from Eawag. Code AvailabilityAll the code to preprocess the data and reproduce the figures in this paper is available from the Zenodo repository [23]: https://doi.org/10.5281/zenodo.14260400.AuthorContributionsRACandCMconceptualizedthe study and collected and analyzed the data. RAC and CM wrote the first draft of the manuscript. All authors reviewed and edited the manuscript. Competing Intere
s41597-026-07353-6_reference.pdf,grobid_tei,full_tei_text,,url,https://doi.org/10.1038/s41561-024-01483-5.Errorinhydraulicheadand,https://doi.org/10.1038/s41561-024-01483-5.Errorinhydraulicheadand,"rala. Majority of global river flow sustained by groundwater. Nature Geoscience, 17(8):770-777, August 2024. ISSN 1752-0908. doi: 10.1038/s41561-024-01483-5.URLhttps://doi.org/10.1038/s41561-024-01483-5.Errorinhydraulicheadand gradient time-series measurements: a quantitative appraisal CGabriel Rau EAVincent MargaretPost TorstenShanafield EddieWKrekeler PhilippBanks Blum 10.5194/hess"
s41597-026-07353-6_reference.pdf,grobid_tei,full_tei_text,,url,"https://doi.org/10.5194/hess-23-3603-2019.URLhttps://www.hydrol-earth-syst-sci.net/23/3603/2019/hess-23-3603-2019.html.Review:Hydraulicheadmeasurements-newtechnologies,",https://doi.org/10.5194/hess-23-3603-2019.URLhttps://www.hydrol-earth-syst-sci.net/23/3603/2019/hess-23-3603-2019.html.Review:Hydraulicheadmeasurements-newtechnologies,"d and gradient time-series measurements: a quantitative ap- praisal. Hydrology and Earth System Sciences, 23(9):3603-3629, September 2019. ISSN 1027-5606. doi: https://doi.org/10.5194/hess-23-3603-2019.URLhttps://www.hydrol-earth-syst-sci.net/23/3603/2019/hess-23-3603-2019.html.Review:Hydraulicheadmeasurements-newtechnologies, classic pitfalls EAVincent JosRPost Asmuth 10.1007/s10040-013-0969-0HydrogeologyJournal1435-0157214 June 2013 Vincent E. A. Post and Jos R. von Asmuth. Review:"
s41597-026-07353-6_reference.pdf,grobid_tei,full_tei_text,,url,https://doi.org/10.1007/s10040-013-0969-0.Reframinggroundwaterhydrologyasa,https://doi.org/10.1007/s10040-013-0969-0.Reframinggroundwaterhydrologyasa,"aulic head measurements-new tech- nologies, classic pitfalls. Hydrogeology Journal, 21(4):737-750, June 2013. ISSN 1435-0157. doi: 10.1007/s10040-013-0969-0.URLhttps://doi.org/10.1007/s10040-013-0969-0.Reframinggroundwaterhydrologyasa data-driven science AllenMShapiro FrederickDDay-Lewis 10.1111/gwat.13195Groundwater604July2022 Ltd Allen M. Shapiro and Frederick D. Day-Lewis. Reframing groun"
s41597-026-07353-6_reference.pdf,grobid_tei,full_tei_text,,url,https://doi.org/10.1007/s10040-023-02759-7.IncorporatingDeepLearningIntoHydrogeological,https://doi.org/10.1007/s10040-023-02759-7.IncorporatingDeepLearningIntoHydrogeological,"understanding, management and pro- tection of groundwater. Hydrogeology Journal, 32(2):347-352, March 2024. ISSN 1435-0157. doi: 10.1007/s10040-023-02759-7.URLhttps://doi.org/10.1007/s10040-023-02759-7.IncorporatingDeepLearningIntoHydrogeological Modeling: Advancements, Challenges, and Future Directions ZhenxueDai ChuanjunZhan HuichaoYin JunjunChen LuluXu YuzhouXia SonglinYang WeiChen MingxuCao Zhengyan"
s41597-026-07353-6_reference.pdf,grobid_tei,full_tei_text,,url,https://hess.copernicus.org/articles/21/5293/2017/.CAMELS-CH:hydro-meteorologicaltimeseriesand,https://hess.copernicus.org/articles/21/5293/2017/.CAMELS-CH:hydro-meteorologicaltimeseriesand,"atchment at- tributes and meteorology for large-sample studies. Hydrology and Earth System Sciences, 21(10):5293- 5313, 2017. doi: 10.5194/hess-21-5293-2017.URLhttps://hess.copernicus.org/articles/21/5293/2017/.CAMELS-CH:hydro-meteorologicaltimeseriesand landscape attributes for 331 catchments in hydrologic Switzerland MHöge MKauzlaric RSiber USchönenberger PHorton JSchwanbeck MGFloriancic DViviroli SWilhelm AE"
s41597-026-07353-6_reference.pdf,grobid_tei,full_tei_text,,url,https://essd.copernicus.org/articles/15/5755/2023/.FrederikKratzertGreyNearingNansAddorTylerErickson,https://essd.copernicus.org/articles/15/5755/2023/.FrederikKratzertGreyNearingNansAddorTylerErickson,"s and landscape attributes for 331 catchments in hydro- logic Switzerland. Earth System Science Data, 15(12):5755-5784, 2023. doi: 10.5194/essd-15-5755-2023.URLhttps://essd.copernicus.org/articles/15/5755/2023/.FrederikKratzertGreyNearingNansAddorTylerErickson MartinGauch OrenGilon LukasGudmundsson AvinatanHassidim DanielKlotz 10.1038/s41597-023-01975-w.PublisherSellaNevo, and others. Caravan-A global community datas"
s41597-026-07353-6_reference.pdf,grobid_tei,full_tei_text,,url,https://dx.doi.org/10.1016/j.scitotenv.2020.137042.Publisher:ElsevierBV.Globalkarstsprings,https://dx.doi.org/10.1016/j.scitotenv.2020.137042.Publisher:ElsevierBV.Globalkarstsprings,"view of variables, processes and relationships. Science of The Total Environment, 717:137042, May 2020. ISSN 0048-9697. doi: 10.1016/j.scitotenv.2020.137042.URLhttps://dx.doi.org/10.1016/j.scitotenv.2020.137042.Publisher:ElsevierBV.Globalkarstsprings hydrograph dataset for research and management of the world's fastest-flowing groundwater TundeOlarinoye TomGleeson VeraMarx StefanSeeger RouhollahAdinehvand V"
s41597-026-07353-6_reference.pdf,grobid_tei,full_tei_text,,url,https://doi.org/10.1038/s41597-019-0346-5.Chung-YiLinAlexandraMillerMusabWaqarLandonTMarston10.1038/s41597-024-03186-3Adatabaseofgroundwater,https://doi.org/10.1038/s41597-019-0346-5.Chung-YiLinAlexandraMillerMusabWaqarLandonTMarston10.1038/s41597-024-03186-3Adatabaseofgroundwater,"research and management of the world's fastest-flowing groundwater. Scientific Data, 7(1):59, February 2020. ISSN 2052-4463. doi: 10.1038/s41597-019-0346-5.URLhttps://doi.org/10.1038/s41597-019-0346-5.Chung-YiLinAlexandraMillerMusabWaqarLandonTMarston10.1038/s41597-024-03186-3Adatabaseofgroundwater wells in the United States. Scientific Data 2024. 2a94-1f0e-4d64-95cc-beb95236e5b7 11 335 Chung-Yi Lin, Alexandra Miller, Musab Waqar, and Landon T Marston. A"
s41597-026-07353-6_reference.pdf,grobid_tei,full_tei_text,,url,https://app.readcube.com/library/undefined/item/acdd2a94-1f0e-4d64-95cc-beb95236e5b7.DevelopmentofGroundwaterLevels,https://app.readcube.com/library/undefined/item/acdd2a94-1f0e-4d64-95cc-beb95236e5b7.DevelopmentofGroundwaterLevels,", Musab Waqar, and Landon T Marston. A database of groundwater wells in the United States. Scientific Data, 11(1):335, 2024. doi: 10.1038/s41597-024-03186-3.URLhttps://app.readcube.com/library/undefined/item/acdd2a94-1f0e-4d64-95cc-beb95236e5b7.DevelopmentofGroundwaterLevels Dataset for Chile since 1970 LeopoldoHéctor RodrigoVenegas-Quiñones PabloValdés-Pineda JuanBGarcía-Chevesich Valdés VHoshin MarthaP LGupta TyP AWhitaker Ferré"
s41597-026-07353-6_reference.pdf,grobid_tei,full_tei_text,,url,https://doi.org/10.1038/s41597-023-02895-5.Undergroundwellwaterlevelobservation,https://doi.org/10.1038/s41597-023-02895-5.Undergroundwellwaterlevelobservation,". Development of Groundwater Levels Dataset for Chile since 1970. Scientific Data, 11(1):170, February 2024. ISSN 2052-4463. doi: 10.1038/s41597-023-02895-5.URLhttps://doi.org/10.1038/s41597-023-02895-5.Undergroundwellwaterlevelobservation grid dataset from 2005 to 2022 MengranWang JiaqiYao HuanyuChang RongLiu NanXu ZihuaLiu HaiyingGong HengliangZheng JinkeWang XueerGuo YongqiangCao YongZhao HuiL"
s41597-026-07353-6_reference.pdf,grobid_tei,full_tei_text,,url,https://doi.org/10.1038/s41597-025-04799-y.JoséGescilam,https://doi.org/10.1038/s41597-025-04799-y.JoséGescilam,"derground well water level observation grid dataset from 2005 to 2022. Scientific Data, 12(1):728, May 2025. ISSN 2052-4463. doi: 10.1038/s41597-025-04799-y.URLhttps://doi.org/10.1038/s41597-025-04799-y.JoséGescilam SMUchôa PauloTarso SOliveira AndréSBallarin DidierGastmans AAJamil BridgetRAnache ClyvihkRScanlon Camacho JValmor EdsonCFreddo Filho Wendland 10.1038/s41597-02"
s41597-026-07353-6_reference.pdf,grobid_tei,full_tei_text,,url,https://doi.org/10.1038/s41597-025-05843-7.Multi-decadalgroundwaterobservationsrevealsurprisingly,https://doi.org/10.1038/s41597-025-05843-7.Multi-decadalgroundwaterobservationsrevealsurprisingly,". Wendland. A groundwater well database for Brazil (GWDBrazil). Scientific Data, 12(1):1582, September 2025. ISSN 2052-4463. doi: 10.1038/s41597-025-05843-7.URLhttps://doi.org/10.1038/s41597-025-05843-7.Multi-decadalgroundwaterobservationsrevealsurprisingly stable levels in southwest-ern Europe RafaelChávez GarcíaSilva RobertReinecke KNadim DavidACopty EssamBarry DavidHeggy Labat PaoloPier DietrichRoggero Borchard"
s41597-026-07353-6_reference.pdf,grobid_tei,full_tei_text,,url,https://doi.org/10.1038/s43247-024-01554-w.GEMS-GER:AMachineLearningBenchmarkDataset,https://doi.org/10.1038/s43247-024-01554-w.GEMS-GER:AMachineLearningBenchmarkDataset,"urprisingly stable levels in southwest- ern Europe. Communications Earth & Environment, 5(1):387, July 2024. ISSN 2662-4435. doi: 10.1038/s43247-024-01554-w.URLhttps://doi.org/10.1038/s43247-024-01554-w.GEMS-GER:AMachineLearningBenchmarkDataset of Long-Term Groundwater Levels MOhmer TLiesch BHabbel BHeudorfer MGomez PClos MNölscher SBroda 10.5194/essd-2025-321GermanywithMeteorologicalForcingsand Site-"
s41597-026-07353-6_reference.pdf,grobid_tei,full_tei_text,,url,https://essd.copernicus.org/preprints/essd-2025-321/.Publisher:CopernicusPublications.GlobalGroundwater,https://essd.copernicus.org/preprints/essd-2025-321/.Publisher:CopernicusPublications.GlobalGroundwater,"gical Forcings and Site-Specific Environmental Features. Earth Syst. Sci. Data Discuss., 2025: 1-30, August 2025. ISSN 1866-3591. doi: 10.5194/essd-2025-321.URLhttps://essd.copernicus.org/preprints/essd-2025-321/.Publisher:CopernicusPublications.GlobalGroundwater Monitoring Network (GGMN) -IGRAC Igrac 10.58154/6Z0Y-DA342025IGRAC.GlobalGroundwaterMonitoring Network (GGMN) -IGRAC, 2025. URL https://ggmn.un-igrac.org.https"
s41597-026-07353-6_reference.pdf,grobid_tei,full_tei_text,,url,https://ggmn.un-igrac.org.https://doi.org/10.58154/6Z0Y-DA34.GROW:AGlobalTimeSeriesDatasetfor,https://ggmn.un-igrac.org.https://doi.org/10.58154/6Z0Y-DA34.GROW:AGlobalTimeSeriesDatasetfor,"sPublications.GlobalGroundwater Monitoring Network (GGMN) -IGRAC Igrac 10.58154/6Z0Y-DA342025IGRAC.GlobalGroundwaterMonitoring Network (GGMN) -IGRAC, 2025. URL https://ggmn.un-igrac.org.https://doi.org/10.58154/6Z0Y-DA34.GROW:AGlobalTimeSeriesDatasetfor Groundwater Studies within the Earth System AnnemarieBäthge ClaudiaRuzVargas GunnarLischeid RaoulCollenteur MarkCuthbert JanHFleckenstein MartinaFloerke IngeDe"
s41597-026-07353-6_reference.pdf,grobid_tei,full_tei_text,,url,"https://doi.org/10.31223/X5673T.Mountainsoftheworld,",https://doi.org/10.31223/X5673T.Mountainsoftheworld,"dorf, Yoshihide Wada, Thorsten Wagener, and Robert Reinecke. GROW: A Global Time Series Dataset for Groundwater Studies within the Earth System, June 2025. URL https://doi.org/10.31223/X5673T.Mountainsoftheworld, water towers for humanity: Typology, mapping, and global significance DanielViviroli HansHDürr BrunoMesserli MichelMeybeck RolfWeingartner 10.1029/2006WR005653"
s41597-026-07353-6_reference.pdf,grobid_tei,full_tei_text,,url,https://doi.org/10.1007/s10040-006-0136-y.SPASS-newgriddedclimatologicalsnow,https://doi.org/10.1007/s10040-006-0136-y.SPASS-newgriddedclimatologicalsnow,"nd Laurent Jemelin. Hydrogeological mapping in Switzerland. Hydro- geology Journal, 15(4):799-808, June 2007. ISSN 1435-0157. doi: 10.1007/s10040-006-0136-y.URLhttps://doi.org/10.1007/s10040-006-0136-y.SPASS-newgriddedclimatologicalsnow datasets for Switzerland: potential and limitations CMarty AMichel TJonas CSteijn RMuelchi SKotlarski 10.5194/tc-19-4391-2025TheCryosphere19102025 C. Marty, A."
s41597-026-07353-6_reference.pdf,grobid_tei,full_tei_text,,url,https://tc.copernicus.org/articles/19/4391/2025/.Theswissgroundwaterdatabase,https://tc.copernicus.org/articles/19/4391/2025/.Theswissgroundwaterdatabase,"-new gridded clima- tological snow datasets for Switzerland: potential and limitations. The Cryosphere, 19(10):4391-4407, 2025. doi: 10.5194/tc-19-4391-2025.URLhttps://tc.copernicus.org/articles/19/4391/2025/.Theswissgroundwaterdatabase RaoulCollenteur ChristianMoeck 10.5281/zenodo.14260400February2026RaoulCollenteurand Christian Moeck. The swiss groundwater database, February 2026. URL https:"
s41597-026-07353-6_reference.pdf,grobid_tei,full_tei_text,,url,https://doi.org/10.5281/zenodo.14260400.Areviewonmissinghydrologicaldata,https://doi.org/10.5281/zenodo.14260400.Areviewonmissinghydrologicaldata,"tabase RaoulCollenteur ChristianMoeck 10.5281/zenodo.14260400February2026RaoulCollenteurand Christian Moeck. The swiss groundwater database, February 2026. URL https://doi.org/10.5281/zenodo.14260400.Areviewonmissinghydrologicaldata processing YongboGao ChristophMerz GunnarLischeid MichaelSchneider 10.1007/s12665-018-7228-6EnvironmentalEarthSciences1866-629977 2 47 January 2018 Yongbo Gao,"
s41597-026-07353-6_reference.pdf,grobid_tei,full_tei_text,,url,https://doi.org/10.1007/s12665-018-7228-6.Modelingirregularlyspacedresidualseries,https://doi.org/10.1007/s12665-018-7228-6.Modelingirregularlyspacedresidualseries,"er. A review on missing hydro- logical data processing. Environmental Earth Sciences, 77(2):47, January 2018. ISSN 1866-6299. doi: 10.1007/s12665-018-7228-6.URLhttps://doi.org/10.1007/s12665-018-7228-6.Modelingirregularlyspacedresidualseries as a continuous stochastic process JRAsmuth MF PBierkens 10.1029/2004WR003726W12404December200541J. R. von Asmuth and M. F. P. Bierkens. Modeling irregularly s"
s41597-026-07353-6_reference.pdf,grobid_tei,full_tei_text,,url,https://onlinelibrary.wiley.com/doi/10.1029/2004WR003726/abstract.ANonparametricTrendTestfor,https://onlinelibrary.wiley.com/doi/10.1029/2004WR003726/abstract.ANonparametricTrendTestfor,"aced residual series as a continu- ous stochastic process. Water Resources Research, 41(12):W12404, December 2005. ISSN 1944-7973. doi: 10.1029/2004WR003726.URLhttps://onlinelibrary.wiley.com/doi/10.1029/2004WR003726/abstract.ANonparametricTrendTestfor Seasonal Data With Serial Dependence RobertMHirsch JamesRSlack 10.1029/WR020i006p00727WaterResourcesResearch0043-139720 6 June 1984 Ltd Robert M. Hirsch and Ja"
s41597-026-07353-6_reference.pdf,grobid_tei,full_tei_text,,url,https://hess.copernicus.org/articles/29/6221/2025/.ARCHI:ANewRPackage,https://hess.copernicus.org/articles/29/6221/2025/.ARCHI:ANewRPackage,"aring, D. Cohen, and O. Gilon. How to deal w missing input data. Hydrology and Earth System Sciences, 29(21):6221-6235, 2025. doi: 10.5194/hess-29-6221-2025.URLhttps://hess.copernicus.org/articles/29/6221/2025/.ARCHI:ANewRPackage for Automated Imputation of Regionally Correlated Hydrologic Records FZeno RobinLLevy TimothyJGlas NeilStagnitta Terry 10.1111/gwat.13474Groundwater634July2025"
s41597-026-07353-6_reference.pdf,grobid_tei,full_tei_text,,url,https://gmd.copernicus.org/articles/17/7083/2024/.Analysisofnationwide,https://gmd.copernicus.org/articles/17/7083/2024/.Analysisofnationwide,"a Python package for the estimation of potential evapotranspiration. Geoscientific Model Development, 17(18):7083-7103, 2024. doi: 10.5194/gmd-17-7083-2024.URLhttps://gmd.copernicus.org/articles/17/7083/2024/.Analysisofnationwide groundwater monitoring networks using lumped-parameter models RaoulACollenteur ChristianMoeck MarioSchirmer SteffenBirk 10.1016/j.jhydrol.2023.130120JournalofH"
s41597-026-07353-6_reference.pdf,grobid_tei,full_tei_text,,url,https://www.sciencedirect.com/science/article/pii/S0022169423010624.GeologischeKartederSchweiz,https://www.sciencedirect.com/science/article/pii/S0022169423010624.GeologischeKartederSchweiz,"ter monitoring networks using lumped-parameter models. Journal of Hydrology, 626:130120, Novem- ber 2023. ISSN 0022-1694. doi: 10.1016/j.jhydrol.2023.130120.URLhttps://www.sciencedirect.com/science/article/pii/S0022169423010624.GeologischeKartederSchweiz 1:500000 -opendata.swiss Geologische Karte der Schweiz 1:500000 -opendata.swiss, . URL https://opendata.swiss/de/dataset/geologische-karte-der-schweiz-1-500000"
s41597-026-07353-6_reference.pdf,grobid_tei,full_tei_text,,url,https://opendata.swiss/de/dataset/geologische-karte-der-schweiz-1-500000.SoilGrids250m:Global,https://opendata.swiss/de/dataset/geologische-karte-der-schweiz-1-500000.SoilGrids250m:Global,"ect.com/science/article/pii/S0022169423010624.GeologischeKartederSchweiz 1:500000 -opendata.swiss Geologische Karte der Schweiz 1:500000 -opendata.swiss, . URL https://opendata.swiss/de/dataset/geologische-karte-der-schweiz-1-500000.SoilGrids250m:Global gridded soil information based on machine learning TomislavHengl JorgeMendes De Jesus BMGerard MariaRuiperezHeuvelink MilanGonzalez AleksandarKilibarda WeiBlag"
s41597-026-07353-6_reference.pdf,grobid_tei,full_tei_text,,url,https://doi.org/10.1371/journal.pone.0169748.Publisher:PublicLibraryofScience.GeorgeBüttner,https://doi.org/10.1371/journal.pone.0169748.Publisher:PublicLibraryofScience.GeorgeBüttner,"Kempen. SoilGrids250m: Global gridded soil information based on machine learning. PLOS ONE, 12(2):e0169748, February 2017. doi: 10.1371/journal.pone.0169748.URLhttps://doi.org/10.1371/journal.pone.0169748.Publisher:PublicLibraryofScience.GeorgeBüttner JanFeranec GabrielJaffrain LászlóMari GergelyMaucha TomasSoukup The CORINE land cover 2000 project 2004 3 ddacbd5e-068f-4e52-a596-d606e8de7f40 George Büttner,"
s41597-026-07353-6_reference.pdf,grobid_tei,full_tei_text,,url,https://doi.org/10.2909/ddacbd5e-068f-4e52-a596-d606e8de7f40.HydrogeologischeKarteSchweizGrundwasservorkommen1:500000-opendata.swissHydrogeologische,https://doi.org/10.2909/ddacbd5e-068f-4e52-a596-d606e8de7f40.HydrogeologischeKarteSchweizGrundwasservorkommen1:500000-opendata.swissHydrogeologische,"Jan Feranec, Gabriel Jaffrain, László Mari, Gergely Maucha, and Tomas Soukup. The CORINE land cover 2000 project. EARSeL eProceedings, 3(3):331-346, 2004. doi: https://doi.org/10.2909/ddacbd5e-068f-4e52-a596-d606e8de7f40.HydrogeologischeKarteSchweizGrundwasservorkommen1:500000-opendata.swissHydrogeologische Karte der Schweiz: Grundwasservorkommen 1:500000 - opendata.swiss, . URL https://opendata.swiss/de/dataset/hydrogeologische-karte-der-schweiz-grundwasservorkom"
s41597-026-07353-6_reference.pdf,grobid_tei,full_tei_text,,url,https://opendata.swiss/de/dataset/hydrogeologische-karte-der-schweiz-grundwasservorkommen-1-500000.Index-based,https://opendata.swiss/de/dataset/hydrogeologische-karte-der-schweiz-grundwasservorkommen-1-500000.Index-based,"ydrogeologischeKarteSchweizGrundwasservorkommen1:500000-opendata.swissHydrogeologische Karte der Schweiz: Grundwasservorkommen 1:500000 - opendata.swiss, . URL https://opendata.swiss/de/dataset/hydrogeologische-karte-der-schweiz-grundwasservorkommen-1-500000.Index-based characterization and quantification of groundwater dynamics BHeudorfer EHaaf KStahl RBarthel 10.1029/2018WR024418WaterResourcesResearch0043-13970 ja May 2019 B"
s41597-026-07353-6_reference.pdf,grobid_tei,full_tei_text,,url,https://agupubs.onlinelibrary.wiley.com/doi/abs/10.1029/2018WR024418.QuantificationandAnalysisofHydrograph,https://agupubs.onlinelibrary.wiley.com/doi/abs/10.1029/2018WR024418.QuantificationandAnalysisofHydrograph,"ex-based characterization and quantifica- tion of groundwater dynamics. Water Resources Research, 0(ja), May 2019. ISSN 0043-1397. doi: 10.1029/2018WR024418.URLhttps://agupubs.onlinelibrary.wiley.com/doi/abs/10.1029/2018WR024418.QuantificationandAnalysisofHydrograph Behavior Using Groundwater Signatures RaoulACollenteur MartinAVonk EzraHaaf 10.1111/gwat.13486April2025LtdRaoulA. Collenteur, Martin A. Vonk, and Ezra Haaf. Qu"
s41597-026-07353-6_reference.pdf,grobid_tei,full_tei_text,,url,https://www.amtsdruckschriften.bar.admin.ch/detailView.do?id=10045204.PhilipSchuler,https://www.amtsdruckschriften.bar.admin.ch/detailView.do?id=10045204.PhilipSchuler,"rschutzgesetz, GSchG) October 1971 Swiss Federal Assembly Swiss Federal Assembly. Federal Water Protection Act (Gewässerschutzgesetz, GSchG), October 1971. URL https://www.amtsdruckschriften.bar.admin.ch/detailView.do?id=10045204.PhilipSchuler JoanCampanyà HenningMoe DamienDoherty NatalyaHunterWilliams TedMccormack Mapping the groundwater memory across Ireland: A step towards a groundwater Philip Sch"
s41597-026-07353-6_reference.pdf,grobid_tei,full_tei_text,,doi,10.1038/s41561-024-01483-5NatureGeoscience1752-0908178,https://doi.org/10.1038/s41561-024-01483-5NatureGeoscience1752-0908178,"obal river flow sustained by groundwater JiaxinXie XiaomangLiu ScottJasechko RWouter KaiwenBerghuijs ChangmingWang MarkusLiu MartinReichstein SujanJung Koirala 10.1038/s41561-024-01483-5NatureGeoscience1752-0908178 August 2024 Jiaxin Xie, Xiaomang Liu, Scott Jasechko, Wouter R. Berghuijs, Kaiwen Wang, Changming Liu, Markus Reichstein, Martin Jung, and Sujan Koirala. Major"
s41597-026-07353-6_reference.pdf,grobid_tei,full_tei_text,,doi,doi: 10.1038/s41561-024-01483-5.URLhttps://doi.org/10.1038/s41561-024-01483-5.Errorinhydraulicheadand,https://doi.org/10.1038/s41561-024-01483-5.URLhttps://doi.org/10.1038/s41561-024-01483-5.Errorinhydraulicheadand,"chstein, Martin Jung, and Sujan Koirala. Majority of global river flow sustained by groundwater. Nature Geoscience, 17(8):770-777, August 2024. ISSN 1752-0908. doi: 10.1038/s41561-024-01483-5.URLhttps://doi.org/10.1038/s41561-024-01483-5.Errorinhydraulicheadand gradient time-series measurements: a quantitative appraisal CGabriel Rau EAVincent MargaretPost TorstenShanafield EddieWKrekeler PhilippBanks Blum 10.5194/hess"
s41597-026-07353-6_reference.pdf,grobid_tei,full_tei_text,,doi,10.5194/hess-23-3603-2019HydrologyandEarthSystemSciences,https://doi.org/10.5194/hess-23-3603-2019HydrologyandEarthSystemSciences,"aulicheadand gradient time-series measurements: a quantitative appraisal CGabriel Rau EAVincent MargaretPost TorstenShanafield EddieWKrekeler PhilippBanks Blum 10.5194/hess-23-3603-2019HydrologyandEarthSystemSciences 1027-5606 23 9 September 2019 Gabriel C. Rau, Vincent E. A. Post, Margaret Shanafield, Torsten Krekeler, Eddie W. Banks, and Philipp Blum. Error in hydraulic h"
s41597-026-07353-6_reference.pdf,grobid_tei,full_tei_text,,doi,10.1007/s10040-013-0969-0HydrogeologyJournal1435-0157214,https://doi.org/10.1007/s10040-013-0969-0HydrogeologyJournal1435-0157214,"/www.hydrol-earth-syst-sci.net/23/3603/2019/hess-23-3603-2019.html.Review:Hydraulicheadmeasurements-newtechnologies, classic pitfalls EAVincent JosRPost Asmuth 10.1007/s10040-013-0969-0HydrogeologyJournal1435-0157214 June 2013 Vincent E. A. Post and Jos R. von Asmuth. Review: Hydraulic head measurements-new tech- nologies, classic pitfalls. Hydrogeology Journal, 21(4):737-7"
s41597-026-07353-6_reference.pdf,grobid_tei,full_tei_text,,doi,doi: 10.1007/s10040-013-0969-0.URLhttps://doi.org/10.1007/s10040-013-0969-0.Reframinggroundwaterhydrologyasa,https://doi.org/10.1007/s10040-013-0969-0.URLhttps://doi.org/10.1007/s10040-013-0969-0.Reframinggroundwaterhydrologyasa,"nd Jos R. von Asmuth. Review: Hydraulic head measurements-new tech- nologies, classic pitfalls. Hydrogeology Journal, 21(4):737-750, June 2013. ISSN 1435-0157. doi: 10.1007/s10040-013-0969-0.URLhttps://doi.org/10.1007/s10040-013-0969-0.Reframinggroundwaterhydrologyasa data-driven science AllenMShapiro FrederickDDay-Lewis 10.1111/gwat.13195Groundwater604July2022 Ltd Allen M. Shapiro and Frederick D. Day-Lewis. Reframing groun"
s41597-026-07353-6_reference.pdf,grobid_tei,full_tei_text,,doi,10.1111/gwat.13195Groundwater604July2022,https://doi.org/10.1111/gwat.13195Groundwater604July2022,": 10.1007/s10040-013-0969-0.URLhttps://doi.org/10.1007/s10040-013-0969-0.Reframinggroundwaterhydrologyasa data-driven science AllenMShapiro FrederickDDay-Lewis 10.1111/gwat.13195Groundwater604July2022 Ltd Allen M. Shapiro and Frederick D. Day-Lewis. Reframing groundwater hydrology as a data-driven science. Groundwater, 60(4):455-456, July 2022. ISSN 0017-467"
s41597-026-07353-6_reference.pdf,grobid_tei,full_tei_text,,doi,10.1007/s10040-023-02759-7HydrogeologyJournal1435-0157322,https://doi.org/10.1007/s10040-023-02759-7HydrogeologyJournal1435-0157322,"0.1111/gwat.13195.Publisher:JohnWiley & Sons, Ltd. Long datasets for improved understanding, management and protection of groundwater JohnChilton StephenFoster 10.1007/s10040-023-02759-7HydrogeologyJournal1435-0157322 March 2024 John Chilton and Stephen Foster. Long datasets for improved understanding, management and pro- tection of groundwater. Hydrogeology Journal, 32(2):3"
s41597-026-07353-6_reference.pdf,grobid_tei,full_tei_text,,doi,doi: 10.1007/s10040-023-02759-7.URLhttps://doi.org/10.1007/s10040-023-02759-7.IncorporatingDeepLearningIntoHydrogeological,https://doi.org/10.1007/s10040-023-02759-7.URLhttps://doi.org/10.1007/s10040-023-02759-7.IncorporatingDeepLearningIntoHydrogeological,"Foster. Long datasets for improved understanding, management and pro- tection of groundwater. Hydrogeology Journal, 32(2):347-352, March 2024. ISSN 1435-0157. doi: 10.1007/s10040-023-02759-7.URLhttps://doi.org/10.1007/s10040-023-02759-7.IncorporatingDeepLearningIntoHydrogeological Modeling: Advancements, Challenges, and Future Directions ZhenxueDai ChuanjunZhan HuichaoYin JunjunChen LuluXu YuzhouXia SonglinYang WeiChen MingxuCao Zhengyan"
s41597-026-07353-6_reference.pdf,grobid_tei,full_tei_text,,doi,10.1029/2025JH000703JournalofGeophysicalResearch:Machine,https://doi.org/10.1029/2025JH000703JournalofGeophysicalResearch:Machine,"luXu YuzhouXia SonglinYang WeiChen MingxuCao ZhengyangDu XiaoyingZhang BichengYan YueMa HaoWang FarzadMoeini MohamadReza Soltanian HungVo Thanh KennethCCarroll 10.1029/2025JH000703JournalofGeophysicalResearch:Machine Learning and Computation 2993-5210 2 2 2025. June 2025 Ltd Zhenxue Dai, Chuanjun Zhan, Huichao Yin, Junjun Chen, Lulu Xu, Yuzhou Xia, Songlin Yang, Wei Chen, M"
s41597-026-07353-6_reference.pdf,grobid_tei,full_tei_text,,doi,10.5194/hess-21-5293-2017HydrologyandEarthSystemSciences,https://doi.org/10.5194/hess-21-5293-2017HydrologyandEarthSystemSciences,"5JH000703.Publisher:JohnWiley & Sons, Ltd. The CAMELS data set: catchment attributes and meteorology for large-sample studies NAddor AJNewman NMizukami MPClark 10.5194/hess-21-5293-2017HydrologyandEarthSystemSciences 21 10 2017 N. Addor, A. J. Newman, N. Mizukami, and M. P. Clark. The CAMELS data set: catchment at- tributes and meteorology for large-sample studies. Hydrolog"
s41597-026-07353-6_reference.pdf,grobid_tei,full_tei_text,,doi,doi: 10.5194/hess-21-5293-2017.URLhttps://hess.copernicus.org/articles/21/5293/2017/.CAMELS-CH:hydro-meteorologicaltimeseriesand,https://doi.org/10.5194/hess-21-5293-2017.URLhttps://hess.copernicus.org/articles/21/5293/2017/.CAMELS-CH:hydro-meteorologicaltimeseriesand,". P. Clark. The CAMELS data set: catchment at- tributes and meteorology for large-sample studies. Hydrology and Earth System Sciences, 21(10):5293- 5313, 2017. doi: 10.5194/hess-21-5293-2017.URLhttps://hess.copernicus.org/articles/21/5293/2017/.CAMELS-CH:hydro-meteorologicaltimeseriesand landscape attributes for 331 catchments in hydrologic Switzerland MHöge MKauzlaric RSiber USchönenberger PHorton JSchwanbeck MGFloriancic DViviroli SWilhelm AE"
s41597-026-07353-6_reference.pdf,grobid_tei,full_tei_text,,doi,10.5194/essd-15-5755-2023EarthSystemScienceData15,https://doi.org/10.5194/essd-15-5755-2023EarthSystemScienceData15,"Switzerland MHöge MKauzlaric RSiber USchönenberger PHorton JSchwanbeck MGFloriancic DViviroli SWilhelm AESikorska-Senoner NAddor MBrunner SPool MZappa FFenicia 10.5194/essd-15-5755-2023EarthSystemScienceData15 12 2023 M. Höge, M. Kauzlaric, R. Siber, U. Schönenberger, P. Horton, J. Schwanbeck, M. G. Floriancic, D. Vivi- roli, S. Wilhelm, A. E. Sikorska-Senoner, N. Ad"
s41597-026-07353-6_reference.pdf,grobid_tei,full_tei_text,,doi,doi: 10.5194/essd-15-5755-2023.URLhttps://essd.copernicus.org/articles/15/5755/2023/.FrederikKratzertGreyNearingNansAddorTylerErickson,https://doi.org/10.5194/essd-15-5755-2023.URLhttps://essd.copernicus.org/articles/15/5755/2023/.FrederikKratzertGreyNearingNansAddorTylerErickson,"H: hydro-meteorological time series and landscape attributes for 331 catchments in hydro- logic Switzerland. Earth System Science Data, 15(12):5755-5784, 2023. doi: 10.5194/essd-15-5755-2023.URLhttps://essd.copernicus.org/articles/15/5755/2023/.FrederikKratzertGreyNearingNansAddorTylerErickson MartinGauch OrenGilon LukasGudmundsson AvinatanHassidim DanielKlotz 10.1038/s41597-023-01975-w.PublisherSellaNevo, and others. Caravan-A global community datas"
s41597-026-07353-6_reference.pdf,grobid_tei,full_tei_text,,doi,"10.1038/s41597-023-01975-w.PublisherSellaNevo,",https://doi.org/10.1038/s41597-023-01975-w.PublisherSellaNevo,"ssd.copernicus.org/articles/15/5755/2023/.FrederikKratzertGreyNearingNansAddorTylerErickson MartinGauch OrenGilon LukasGudmundsson AvinatanHassidim DanielKlotz 10.1038/s41597-023-01975-w.PublisherSellaNevo, and others. Caravan-A global community dataset for large-sample hydrology. Scientific Data UK London Nature Publishing Group 10 2023 Frederik Kratzert, Grey Ne"
s41597-026-07353-6_reference.pdf,grobid_tei,full_tei_text,,doi,10.1016/j.scitotenv.2020.137042ScienceofTheTotalEnvironment,https://doi.org/10.1016/j.scitotenv.2020.137042ScienceofTheTotalEnvironment,"e rates: A review of variables, processes and relationships ChristianMoeck NicolasGrech-Cumbo JoelPodgorski AnjaBretzler JasonJGurdak MichaelBerg MarioSchirmer 10.1016/j.scitotenv.2020.137042ScienceofTheTotalEnvironment 0048-9697 717 137042 May 2020 Elsevier BV Christian Moeck, Nicolas Grech-Cumbo, Joel Podgorski, Anja Bretzler, Jason J. Gurdak, Michael Berg, and Mario Schirme"
s41597-026-07353-6_reference.pdf,grobid_tei,full_tei_text,,doi,doi: 10.1016/j.scitotenv.2020.137042.URLhttps://dx.doi.org/10.1016/j.scitotenv.2020.137042.Publisher:ElsevierBV.Globalkarstsprings,https://doi.org/10.1016/j.scitotenv.2020.137042.URLhttps://dx.doi.org/10.1016/j.scitotenv.2020.137042.Publisher:ElsevierBV.Globalkarstsprings,"natural groundwater recharge rates: A review of variables, processes and relationships. Science of The Total Environment, 717:137042, May 2020. ISSN 0048-9697. doi: 10.1016/j.scitotenv.2020.137042.URLhttps://dx.doi.org/10.1016/j.scitotenv.2020.137042.Publisher:ElsevierBV.Globalkarstsprings hydrograph dataset for research and management of the world's fastest-flowing groundwater TundeOlarinoye TomGleeson VeraMarx StefanSeeger RouhollahAdinehvand V"
s41597-026-07353-6_reference.pdf,grobid_tei,full_tei_text,,doi,10.1038/s41597-019-0346-5ScientificData2052-446371,https://doi.org/10.1038/s41597-019-0346-5ScientificData2052-446371,"zHidalgoSanchez AntonioSanto MartinSauter Jean-LucSeidel VianneySivelle RannveigØvrevik Skoglund ZoranStevanovic CameronWood StephenWorthington AndreasHartmann 10.1038/s41597-019-0346-5ScientificData2052-446371 59 February 2020 Tunde Olarinoye, Tom Gleeson, Vera Marx, Stefan Seeger, Rouhollah Adinehvand, Vincenzo Allocca, Bartolome Andreo, James Apaéstegui, Christophe"
s41597-026-07353-6_reference.pdf,grobid_tei,full_tei_text,,doi,doi: 10.1038/s41597-019-0346-5.URLhttps://doi.org/10.1038/s41597-019-0346-5.Chung-YiLinAlexandraMillerMusabWaqarLandonTMarston10.1038/s41597-024-03186-3Adatabaseofgroundwater,https://doi.org/10.1038/s41597-019-0346-5.URLhttps://doi.org/10.1038/s41597-019-0346-5.Chung-YiLinAlexandraMillerMusabWaqarLandonTMarston10.1038/s41597-024-03186-3Adatabaseofgroundwater,"rst springs hydrograph dataset for research and management of the world's fastest-flowing groundwater. Scientific Data, 7(1):59, February 2020. ISSN 2052-4463. doi: 10.1038/s41597-019-0346-5.URLhttps://doi.org/10.1038/s41597-019-0346-5.Chung-YiLinAlexandraMillerMusabWaqarLandonTMarston10.1038/s41597-024-03186-3Adatabaseofgroundwater wells in the United States. Scientific Data 2024. 2a94-1f0e-4d64-95cc-beb95236e5b7 11 335 Chung-Yi Lin, Alexandra Miller, Musab Waqar, and Landon T Marston. A"
s41597-026-07353-6_reference.pdf,grobid_tei,full_tei_text,,doi,doi: 10.1038/s41597-024-03186-3.URLhttps://app.readcube.com/library/undefined/item/acdd2a94-1f0e-4d64-95cc-beb95236e5b7.DevelopmentofGroundwaterLevels,https://doi.org/10.1038/s41597-024-03186-3.URLhttps://app.readcube.com/library/undefined/item/acdd2a94-1f0e-4d64-95cc-beb95236e5b7.DevelopmentofGroundwaterLevels,"335 Chung-Yi Lin, Alexandra Miller, Musab Waqar, and Landon T Marston. A database of groundwater wells in the United States. Scientific Data, 11(1):335, 2024. doi: 10.1038/s41597-024-03186-3.URLhttps://app.readcube.com/library/undefined/item/acdd2a94-1f0e-4d64-95cc-beb95236e5b7.DevelopmentofGroundwaterLevels Dataset for Chile since 1970 LeopoldoHéctor RodrigoVenegas-Quiñones PabloValdés-Pineda JuanBGarcía-Chevesich Valdés VHoshin MarthaP LGupta TyP AWhitaker Ferré"
s41597-026-07353-6_reference.pdf,grobid_tei,full_tei_text,,doi,10.1038/s41597-023-02895-5ScientificData2052-4463111,https://doi.org/10.1038/s41597-023-02895-5ScientificData2052-4463111,"Dataset for Chile since 1970 LeopoldoHéctor RodrigoVenegas-Quiñones PabloValdés-Pineda JuanBGarcía-Chevesich Valdés VHoshin MarthaP LGupta TyP AWhitaker Ferré 10.1038/s41597-023-02895-5ScientificData2052-4463111 170 February 2024 Héctor Leopoldo Venegas-Quiñones, Rodrigo Valdés-Pineda, Pablo García-Chevesich, Juan B. Valdés, Hoshin V. Gupta, Martha P. L. Whitaker, and"
s41597-026-07353-6_reference.pdf,grobid_tei,full_tei_text,,doi,doi: 10.1038/s41597-023-02895-5.URLhttps://doi.org/10.1038/s41597-023-02895-5.Undergroundwellwaterlevelobservation,https://doi.org/10.1038/s41597-023-02895-5.URLhttps://doi.org/10.1038/s41597-023-02895-5.Undergroundwellwaterlevelobservation,"P. L. Whitaker, and Ty P. A. Ferré. Development of Groundwater Levels Dataset for Chile since 1970. Scientific Data, 11(1):170, February 2024. ISSN 2052-4463. doi: 10.1038/s41597-023-02895-5.URLhttps://doi.org/10.1038/s41597-023-02895-5.Undergroundwellwaterlevelobservation grid dataset from 2005 to 2022 MengranWang JiaqiYao HuanyuChang RongLiu NanXu ZihuaLiu HaiyingGong HengliangZheng JinkeWang XueerGuo YongqiangCao YongZhao HuiL"
s41597-026-07353-6_reference.pdf,grobid_tei,full_tei_text,,doi,10.1038/s41597-025-04799-yScientificData2052-4463121,https://doi.org/10.1038/s41597-025-04799-yScientificData2052-4463121,"rid dataset from 2005 to 2022 MengranWang JiaqiYao HuanyuChang RongLiu NanXu ZihuaLiu HaiyingGong HengliangZheng JinkeWang XueerGuo YongqiangCao YongZhao HuiLu 10.1038/s41597-025-04799-yScientificData2052-4463121 728 May 2025 Mengran Wang, Jiaqi Yao, Huanyu Chang, Rong Liu, Nan Xu, Zihua Liu, Haiying Gong, Hengliang Zheng, Jinke Wang, Xueer Guo, Yongqiang Cao, Yong Zhao"
s41597-026-07353-6_reference.pdf,grobid_tei,full_tei_text,,doi,doi: 10.1038/s41597-025-04799-y.URLhttps://doi.org/10.1038/s41597-025-04799-y.JoséGescilam,https://doi.org/10.1038/s41597-025-04799-y.URLhttps://doi.org/10.1038/s41597-025-04799-y.JoséGescilam,"iang Cao, Yong Zhao, and Hui Lu. Underground well water level observation grid dataset from 2005 to 2022. Scientific Data, 12(1):728, May 2025. ISSN 2052-4463. doi: 10.1038/s41597-025-04799-y.URLhttps://doi.org/10.1038/s41597-025-04799-y.JoséGescilam SMUchôa PauloTarso SOliveira AndréSBallarin DidierGastmans AAJamil BridgetRAnache ClyvihkRScanlon Camacho JValmor EdsonCFreddo Filho Wendland 10.1038/s41597-02"
s41597-026-07353-6_reference.pdf,grobid_tei,full_tei_text,,doi,10.1038/s41597-025-05843-7Agroundwaterwelldatabasefor,https://doi.org/10.1038/s41597-025-05843-7Agroundwaterwelldatabasefor,"99-y.JoséGescilam SMUchôa PauloTarso SOliveira AndréSBallarin DidierGastmans AAJamil BridgetRAnache ClyvihkRScanlon Camacho JValmor EdsonCFreddo Filho Wendland 10.1038/s41597-025-05843-7Agroundwaterwelldatabasefor Brazil (GWDBrazil). Scientific Data September 2025 12 1582 José Gescilam S. M. Uchôa, Paulo Tarso S. Oliveira, André S. Ballarin, Didier Gastmans, Jamil A. A."
s41597-026-07353-6_reference.pdf,grobid_tei,full_tei_text,,doi,doi: 10.1038/s41597-025-05843-7.URLhttps://doi.org/10.1038/s41597-025-05843-7.Multi-decadalgroundwaterobservationsrevealsurprisingly,https://doi.org/10.1038/s41597-025-05843-7.URLhttps://doi.org/10.1038/s41597-025-05843-7.Multi-decadalgroundwaterobservationsrevealsurprisingly,"Valmor J. Freddo Filho, and Edson C. Wendland. A groundwater well database for Brazil (GWDBrazil). Scientific Data, 12(1):1582, September 2025. ISSN 2052-4463. doi: 10.1038/s41597-025-05843-7.URLhttps://doi.org/10.1038/s41597-025-05843-7.Multi-decadalgroundwaterobservationsrevealsurprisingly stable levels in southwest-ern Europe RafaelChávez GarcíaSilva RobertReinecke KNadim DavidACopty EssamBarry DavidHeggy Labat PaoloPier DietrichRoggero Borchard"
s41597-026-07353-6_reference.pdf,grobid_tei,full_tei_text,,doi,10.1038/s43247-024-01554-wCommunicationsEarth,https://doi.org/10.1038/s43247-024-01554-wCommunicationsEarth,"rcíaSilva RobertReinecke KNadim DavidACopty EssamBarry DavidHeggy Labat PaoloPier DietrichRoggero Borchardt JMichael Rode SeifeddineJaime Gómez-Hernández Jomaa 10.1038/s43247-024-01554-wCommunicationsEarth & Environment 2662-4435 5 1 387 July 2024 Rafael Chávez García Silva, Robert Reinecke, Nadim K. Copty, David A. Barry, Essam Heggy, David Labat, Pier Paolo Rog"
s41597-026-07353-6_reference.pdf,grobid_tei,full_tei_text,,doi,doi: 10.1038/s43247-024-01554-w.URLhttps://doi.org/10.1038/s43247-024-01554-w.GEMS-GER:AMachineLearningBenchmarkDataset,https://doi.org/10.1038/s43247-024-01554-w.URLhttps://doi.org/10.1038/s43247-024-01554-w.GEMS-GER:AMachineLearningBenchmarkDataset,"l groundwater observations reveal surprisingly stable levels in southwest- ern Europe. Communications Earth & Environment, 5(1):387, July 2024. ISSN 2662-4435. doi: 10.1038/s43247-024-01554-w.URLhttps://doi.org/10.1038/s43247-024-01554-w.GEMS-GER:AMachineLearningBenchmarkDataset of Long-Term Groundwater Levels MOhmer TLiesch BHabbel BHeudorfer MGomez PClos MNölscher SBroda 10.5194/essd-2025-321GermanywithMeteorologicalForcingsand Site-"
s41597-026-07353-6_reference.pdf,grobid_tei,full_tei_text,,doi,10.5194/essd-2025-321GermanywithMeteorologicalForcingsand,https://doi.org/10.5194/essd-2025-321GermanywithMeteorologicalForcingsand,"38/s43247-024-01554-w.GEMS-GER:AMachineLearningBenchmarkDataset of Long-Term Groundwater Levels MOhmer TLiesch BHabbel BHeudorfer MGomez PClos MNölscher SBroda 10.5194/essd-2025-321GermanywithMeteorologicalForcingsand Site-Specific Environmental Features Copernicus Publications August 2025 2025 M. Ohmer, T. Liesch, B. Habbel, B. Heudorfer, M. Gomez, P. Clos, M. Nölscher, and"
s41597-026-07353-6_reference.pdf,grobid_tei,full_tei_text,,doi,doi: 10.5194/essd-2025-321.URLhttps://essd.copernicus.org/preprints/essd-2025-321/.Publisher:CopernicusPublications.GlobalGroundwater,https://doi.org/10.5194/essd-2025-321.URLhttps://essd.copernicus.org/preprints/essd-2025-321/.Publisher:CopernicusPublications.GlobalGroundwater,"vels in Germany with Meteorological Forcings and Site-Specific Environmental Features. Earth Syst. Sci. Data Discuss., 2025: 1-30, August 2025. ISSN 1866-3591. doi: 10.5194/essd-2025-321.URLhttps://essd.copernicus.org/preprints/essd-2025-321/.Publisher:CopernicusPublications.GlobalGroundwater Monitoring Network (GGMN) -IGRAC Igrac 10.58154/6Z0Y-DA342025IGRAC.GlobalGroundwaterMonitoring Network (GGMN) -IGRAC, 2025. URL https://ggmn.un-igrac.org.https"
s41597-026-07353-6_reference.pdf,grobid_tei,full_tei_text,,doi,10.58154/6Z0Y-DA342025IGRAC.GlobalGroundwaterMonitoring,https://doi.org/10.58154/6Z0Y-DA342025IGRAC.GlobalGroundwaterMonitoring,"essd-2025-321.URLhttps://essd.copernicus.org/preprints/essd-2025-321/.Publisher:CopernicusPublications.GlobalGroundwater Monitoring Network (GGMN) -IGRAC Igrac 10.58154/6Z0Y-DA342025IGRAC.GlobalGroundwaterMonitoring Network (GGMN) -IGRAC, 2025. URL https://ggmn.un-igrac.org.https://doi.org/10.58154/6Z0Y-DA34.GROW:AGlobalTimeSeriesDatasetfor Groundwater Studies within the E"
s41597-026-07353-6_reference.pdf,grobid_tei,full_tei_text,,doi,"10.31223/X5673TJune2025AnnemarieBäthge,",https://doi.org/10.31223/X5673TJune2025AnnemarieBäthge,"arkCuthbert JanHFleckenstein MartinaFloerke IngeDe Graaf SebastianGnann AndreasHartmann XanderHuggins NilsMoosdorf YoshihideWada ThorstenWagener RobertReinecke 10.31223/X5673TJune2025AnnemarieBäthge, Claudia Ruz Vargas, Gunnar Lischeid, Raoul Collenteur, Mark Cuthbert, Jan H. Fleckenstein, Martina Floerke, Inge De Graaf, Sebastian Gnann, Andreas Hartmann, X"
s41597-026-07353-6_reference.pdf,grobid_tei,full_tei_text,,doi,10.1029/2006WR005653WaterResourcesResearch0043-139743,https://doi.org/10.1029/2006WR005653WaterResourcesResearch0043-139743,"Mountainsoftheworld, water towers for humanity: Typology, mapping, and global significance DanielViviroli HansHDürr BrunoMesserli MichelMeybeck RolfWeingartner 10.1029/2006WR005653WaterResourcesResearch0043-139743 7 July 2007 Ltd Daniel Viviroli, Hans H. Dürr, Bruno Messerli, Michel Meybeck, and Rolf Weingartner. Mountains of the world, water towers for humanity: Typolog"
s41597-026-07353-6_reference.pdf,grobid_tei,full_tei_text,,doi,10.1007/s10040-006-0136-yHydrogeologyJournal1435-0157154,https://doi.org/10.1007/s10040-006-0136-yHydrogeologyJournal1435-0157154,"WR005653.URLhttps://doi.org/10.1029/2006WR005653.Publisher:JohnWiley & Sons, Ltd. Hydrogeological mapping in Switzerland MarcSchürch RonaldKozel LaurentJemelin 10.1007/s10040-006-0136-yHydrogeologyJournal1435-0157154 June 2007 Marc Schürch, Ronald Kozel, and Laurent Jemelin. Hydrogeological mapping in Switzerland. Hydro- geology Journal, 15(4):799-808, June 2007. ISSN 1435-"
s41597-026-07353-6_reference.pdf,grobid_tei,full_tei_text,,doi,doi: 10.1007/s10040-006-0136-y.URLhttps://doi.org/10.1007/s10040-006-0136-y.SPASS-newgriddedclimatologicalsnow,https://doi.org/10.1007/s10040-006-0136-y.URLhttps://doi.org/10.1007/s10040-006-0136-y.SPASS-newgriddedclimatologicalsnow,"2007 Marc Schürch, Ronald Kozel, and Laurent Jemelin. Hydrogeological mapping in Switzerland. Hydro- geology Journal, 15(4):799-808, June 2007. ISSN 1435-0157. doi: 10.1007/s10040-006-0136-y.URLhttps://doi.org/10.1007/s10040-006-0136-y.SPASS-newgriddedclimatologicalsnow datasets for Switzerland: potential and limitations CMarty AMichel TJonas CSteijn RMuelchi SKotlarski 10.5194/tc-19-4391-2025TheCryosphere19102025 C. Marty, A."
s41597-026-07353-6_reference.pdf,grobid_tei,full_tei_text,,doi,10.5194/tc-19-4391-2025TheCryosphere19102025,https://doi.org/10.5194/tc-19-4391-2025TheCryosphere19102025,"1007/s10040-006-0136-y.SPASS-newgriddedclimatologicalsnow datasets for Switzerland: potential and limitations CMarty AMichel TJonas CSteijn RMuelchi SKotlarski 10.5194/tc-19-4391-2025TheCryosphere19102025 C. Marty, A. Michel, T. Jonas, C. Steijn, R. Muelchi, and S. Kotlarski. SPASS -new gridded clima- tological snow datasets for Switzerland: potential and limita"
s41597-026-07353-6_reference.pdf,grobid_tei,full_tei_text,,doi,doi: 10.5194/tc-19-4391-2025.URLhttps://tc.copernicus.org/articles/19/4391/2025/.Theswissgroundwaterdatabase,https://doi.org/10.5194/tc-19-4391-2025.URLhttps://tc.copernicus.org/articles/19/4391/2025/.Theswissgroundwaterdatabase,"uelchi, and S. Kotlarski. SPASS -new gridded clima- tological snow datasets for Switzerland: potential and limitations. The Cryosphere, 19(10):4391-4407, 2025. doi: 10.5194/tc-19-4391-2025.URLhttps://tc.copernicus.org/articles/19/4391/2025/.Theswissgroundwaterdatabase RaoulCollenteur ChristianMoeck 10.5281/zenodo.14260400February2026RaoulCollenteurand Christian Moeck. The swiss groundwater database, February 2026. URL https:"
s41597-026-07353-6_reference.pdf,grobid_tei,full_tei_text,,doi,10.5281/zenodo.14260400February2026RaoulCollenteurand,https://doi.org/10.5281/zenodo.14260400February2026RaoulCollenteurand,"0):4391-4407, 2025. doi: 10.5194/tc-19-4391-2025.URLhttps://tc.copernicus.org/articles/19/4391/2025/.Theswissgroundwaterdatabase RaoulCollenteur ChristianMoeck 10.5281/zenodo.14260400February2026RaoulCollenteurand Christian Moeck. The swiss groundwater database, February 2026. URL https://doi.org/10.5281/zenodo.14260400.Areviewonmissinghydrologicaldata processing YongboG"
s41597-026-07353-6_reference.pdf,grobid_tei,full_tei_text,,doi,10.1007/s12665-018-7228-6EnvironmentalEarthSciences1866-629977,https://doi.org/10.1007/s12665-018-7228-6EnvironmentalEarthSciences1866-629977,"February 2026. URL https://doi.org/10.5281/zenodo.14260400.Areviewonmissinghydrologicaldata processing YongboGao ChristophMerz GunnarLischeid MichaelSchneider 10.1007/s12665-018-7228-6EnvironmentalEarthSciences1866-629977 2 47 January 2018 Yongbo Gao, Christoph Merz, Gunnar Lischeid, and Michael Schneider. A review on missing hydro- logical data processing. Environmental Earth S"
s41597-026-07353-6_reference.pdf,grobid_tei,full_tei_text,,doi,doi: 10.1007/s12665-018-7228-6.URLhttps://doi.org/10.1007/s12665-018-7228-6.Modelingirregularlyspacedresidualseries,https://doi.org/10.1007/s12665-018-7228-6.URLhttps://doi.org/10.1007/s12665-018-7228-6.Modelingirregularlyspacedresidualseries,"nnar Lischeid, and Michael Schneider. A review on missing hydro- logical data processing. Environmental Earth Sciences, 77(2):47, January 2018. ISSN 1866-6299. doi: 10.1007/s12665-018-7228-6.URLhttps://doi.org/10.1007/s12665-018-7228-6.Modelingirregularlyspacedresidualseries as a continuous stochastic process JRAsmuth MF PBierkens 10.1029/2004WR003726W12404December200541J. R. von Asmuth and M. F. P. Bierkens. Modeling irregularly s"
s41597-026-07353-6_reference.pdf,grobid_tei,full_tei_text,,doi,10.1029/2004WR003726W12404December200541J.,https://doi.org/10.1029/2004WR003726W12404December200541J,"s12665-018-7228-6.URLhttps://doi.org/10.1007/s12665-018-7228-6.Modelingirregularlyspacedresidualseries as a continuous stochastic process JRAsmuth MF PBierkens 10.1029/2004WR003726W12404December200541J. R. von Asmuth and M. F. P. Bierkens. Modeling irregularly spaced residual series as a continu- ous stochastic process. Water Resources Research, 41(12):W12404,"
s41597-026-07353-6_reference.pdf,grobid_tei,full_tei_text,,doi,doi: 10.1029/2004WR003726.URLhttps://onlinelibrary.wiley.com/doi/10.1029/2004WR003726/abstract.ANonparametricTrendTestfor,https://doi.org/10.1029/2004WR003726.URLhttps://onlinelibrary.wiley.com/doi/10.1029/2004WR003726/abstract.ANonparametricTrendTestfor,"kens. Modeling irregularly spaced residual series as a continu- ous stochastic process. Water Resources Research, 41(12):W12404, December 2005. ISSN 1944-7973. doi: 10.1029/2004WR003726.URLhttps://onlinelibrary.wiley.com/doi/10.1029/2004WR003726/abstract.ANonparametricTrendTestfor Seasonal Data With Serial Dependence RobertMHirsch JamesRSlack 10.1029/WR020i006p00727WaterResourcesResearch0043-139720 6 June 1984 Ltd Robert M. Hirsch and Ja"
s41597-026-07353-6_reference.pdf,grobid_tei,full_tei_text,,doi,10.1029/WR020i006p00727WaterResourcesResearch0043-139720,https://doi.org/10.1029/WR020i006p00727WaterResourcesResearch0043-139720,".URLhttps://onlinelibrary.wiley.com/doi/10.1029/2004WR003726/abstract.ANonparametricTrendTestfor Seasonal Data With Serial Dependence RobertMHirsch JamesRSlack 10.1029/WR020i006p00727WaterResourcesResearch0043-139720 6 June 1984 Ltd Robert M. Hirsch and James R. Slack. A Nonparametric Trend Test for Seasonal Data With Serial Dependence. Water Resources Research, 20(6):727-7"
s41597-026-07353-6_reference.pdf,grobid_tei,full_tei_text,,doi,10.5194/hess-29-6221-2025HydrologyandEarthSystemSciences,https://doi.org/10.5194/hess-29-6221-2025HydrologyandEarthSystemSciences,"727.URLhttps://doi.org/10.1029/WR020i006p00727.Publisher:JohnWiley & Sons, Ltd. How to deal w missing input data MGauch FKratzert DKlotz GNearing DCohen OGilon 10.5194/hess-29-6221-2025HydrologyandEarthSystemSciences 29 21 2025 M. Gauch, F. Kratzert, D. Klotz, G. Nearing, D. Cohen, and O. Gilon. How to deal w missing input data. Hydrology and Earth System Sciences, 29(21):6"
s41597-026-07353-6_reference.pdf,grobid_tei,full_tei_text,,doi,doi: 10.5194/hess-29-6221-2025.URLhttps://hess.copernicus.org/articles/29/6221/2025/.ARCHI:ANewRPackage,https://doi.org/10.5194/hess-29-6221-2025.URLhttps://hess.copernicus.org/articles/29/6221/2025/.ARCHI:ANewRPackage,"auch, F. Kratzert, D. Klotz, G. Nearing, D. Cohen, and O. Gilon. How to deal w missing input data. Hydrology and Earth System Sciences, 29(21):6221-6235, 2025. doi: 10.5194/hess-29-6221-2025.URLhttps://hess.copernicus.org/articles/29/6221/2025/.ARCHI:ANewRPackage for Automated Imputation of Regionally Correlated Hydrologic Records FZeno RobinLLevy TimothyJGlas NeilStagnitta Terry 10.1111/gwat.13474Groundwater634July2025"
s41597-026-07353-6_reference.pdf,grobid_tei,full_tei_text,,doi,10.1111/gwat.13474Groundwater634July2025,https://doi.org/10.1111/gwat.13474Groundwater634July2025,"rticles/29/6221/2025/.ARCHI:ANewRPackage for Automated Imputation of Regionally Correlated Hydrologic Records FZeno RobinLLevy TimothyJGlas NeilStagnitta Terry 10.1111/gwat.13474Groundwater634July2025 Ltd Zeno F. Levy, Robin L. Glas, Timothy J. Stagnitta, and Neil Terry. ARCHI: A New R Package for Automated Imputation of Regionally Correlated Hydrologic Reco"
s41597-026-07353-6_reference.pdf,grobid_tei,full_tei_text,,doi,10.5194/gmd-17-7083-2024GeoscientificModelDevelopment202417,https://doi.org/10.5194/gmd-17-7083-2024GeoscientificModelDevelopment202417,"61. Publisher: American Society of Civil Engineers. PyEt v1.3.1: a Python package for the estimation of potential evapotranspiration MVremec RACollenteur SBirk 10.5194/gmd-17-7083-2024GeoscientificModelDevelopment202417 M. Vremec, R. A. Collenteur, and S. Birk. PyEt v1.3.1: a Python package for the estimation of potential evapotranspiration. Geoscientific Model Development, 17"
s41597-026-07353-6_reference.pdf,grobid_tei,full_tei_text,,doi,doi: 10.5194/gmd-17-7083-2024.URLhttps://gmd.copernicus.org/articles/17/7083/2024/.Analysisofnationwide,https://doi.org/10.5194/gmd-17-7083-2024.URLhttps://gmd.copernicus.org/articles/17/7083/2024/.Analysisofnationwide,"enteur, and S. Birk. PyEt v1.3.1: a Python package for the estimation of potential evapotranspiration. Geoscientific Model Development, 17(18):7083-7103, 2024. doi: 10.5194/gmd-17-7083-2024.URLhttps://gmd.copernicus.org/articles/17/7083/2024/.Analysisofnationwide groundwater monitoring networks using lumped-parameter models RaoulACollenteur ChristianMoeck MarioSchirmer SteffenBirk 10.1016/j.jhydrol.2023.130120JournalofH"
s41597-026-07353-6_reference.pdf,grobid_tei,full_tei_text,,doi,10.1016/j.jhydrol.2023.130120JournalofHydrology0022-1694626,https://doi.org/10.1016/j.jhydrol.2023.130120JournalofHydrology0022-1694626,"cles/17/7083/2024/.Analysisofnationwide groundwater monitoring networks using lumped-parameter models RaoulACollenteur ChristianMoeck MarioSchirmer SteffenBirk 10.1016/j.jhydrol.2023.130120JournalofHydrology0022-1694626 130120 November 2023 Raoul A. Collenteur, Christian Moeck, Mario Schirmer, and Steffen Birk. Analysis of nationwide ground- water monitoring networks using lum"
s41597-026-07353-6_reference.pdf,grobid_tei,full_tei_text,,doi,doi: 10.1016/j.jhydrol.2023.130120.URLhttps://www.sciencedirect.com/science/article/pii/S0022169423010624.GeologischeKartederSchweiz,https://doi.org/10.1016/j.jhydrol.2023.130120.URLhttps://www.sciencedirect.com/science/article/pii/S0022169423010624.GeologischeKartederSchweiz,"irk. Analysis of nationwide ground- water monitoring networks using lumped-parameter models. Journal of Hydrology, 626:130120, Novem- ber 2023. ISSN 0022-1694. doi: 10.1016/j.jhydrol.2023.130120.URLhttps://www.sciencedirect.com/science/article/pii/S0022169423010624.GeologischeKartederSchweiz 1:500000 -opendata.swiss Geologische Karte der Schweiz 1:500000 -opendata.swiss, . URL https://opendata.swiss/de/dataset/geologische-karte-der-schweiz-1-500000"
s41597-026-07353-6_reference.pdf,grobid_tei,full_tei_text,,doi,10.1371/journal.pone.0169748PLOSONE122169748,https://doi.org/10.1371/journal.pone.0169748PLOSONE122169748,"rdGeng MarioAntonioBauer-Marschallinger RodrigoGuevara RobertAVargas NielsHMacmillan Batjes GBJohan EloiLeenaars IchsaniRibeiro StephanWheeler BasMantel Kempen 10.1371/journal.pone.0169748PLOSONE122169748 February 2017 Publisher: Public Library of Science Tomislav Hengl, Jorge Mendes de Jesus, Gerard B. M. Heuvelink, Maria Ruiperez Gonzalez, Milan Kilibarda, Ale"
s41597-026-07353-6_reference.pdf,grobid_tei,full_tei_text,,doi,doi: 10.1371/journal.pone.0169748.URLhttps://doi.org/10.1371/journal.pone.0169748.Publisher:PublicLibraryofScience.GeorgeBüttner,https://doi.org/10.1371/journal.pone.0169748.URLhttps://doi.org/10.1371/journal.pone.0169748.Publisher:PublicLibraryofScience.GeorgeBüttner,"ani Wheeler, Stephan Mantel, and Bas Kempen. SoilGrids250m: Global gridded soil information based on machine learning. PLOS ONE, 12(2):e0169748, February 2017. doi: 10.1371/journal.pone.0169748.URLhttps://doi.org/10.1371/journal.pone.0169748.Publisher:PublicLibraryofScience.GeorgeBüttner JanFeranec GabrielJaffrain LászlóMari GergelyMaucha TomasSoukup The CORINE land cover 2000 project 2004 3 ddacbd5e-068f-4e52-a596-d606e8de7f40 George Büttner,"
s41597-026-07353-6_reference.pdf,grobid_tei,full_tei_text,,doi,10.1029/2018WR024418WaterResourcesResearch0043-13970,https://doi.org/10.1029/2018WR024418WaterResourcesResearch0043-13970,"gische-karte-der-schweiz-grundwasservorkommen-1-500000.Index-based characterization and quantification of groundwater dynamics BHeudorfer EHaaf KStahl RBarthel 10.1029/2018WR024418WaterResourcesResearch0043-13970 ja May 2019 B. Heudorfer, E. Haaf, K. Stahl, and R. Barthel. Index-based characterization and quantifica- tion of groundwater dynamics. Water Resources Researc"
s41597-026-07353-6_reference.pdf,grobid_tei,full_tei_text,,doi,doi: 10.1029/2018WR024418.URLhttps://agupubs.onlinelibrary.wiley.com/doi/abs/10.1029/2018WR024418.QuantificationandAnalysisofHydrograph,https://doi.org/10.1029/2018WR024418.URLhttps://agupubs.onlinelibrary.wiley.com/doi/abs/10.1029/2018WR024418.QuantificationandAnalysisofHydrograph,"K. Stahl, and R. Barthel. Index-based characterization and quantifica- tion of groundwater dynamics. Water Resources Research, 0(ja), May 2019. ISSN 0043-1397. doi: 10.1029/2018WR024418.URLhttps://agupubs.onlinelibrary.wiley.com/doi/abs/10.1029/2018WR024418.QuantificationandAnalysisofHydrograph Behavior Using Groundwater Signatures RaoulACollenteur MartinAVonk EzraHaaf 10.1111/gwat.13486April2025LtdRaoulA. Collenteur, Martin A. Vonk, and Ezra Haaf. Qu"
s41597-026-07353-6_reference.pdf,grobid_tei,full_tei_text,,doi,10.1111/gwat.13486April2025LtdRaoulA.,https://doi.org/10.1111/gwat.13486April2025LtdRaoulA,"ibrary.wiley.com/doi/abs/10.1029/2018WR024418.QuantificationandAnalysisofHydrograph Behavior Using Groundwater Signatures RaoulACollenteur MartinAVonk EzraHaaf 10.1111/gwat.13486April2025LtdRaoulA. Collenteur, Martin A. Vonk, and Ezra Haaf. Quantification and Analysis of Hydrograph Behavior Using Groundwater Signatures. Groundwater, n/a(n/a), April 2025."
usenixsecurity24-appendix-lopez-morales.pdf,pymupdf,page_text,1,url,https://www.usenix.org/conference/usenixsecurity24/presentation/lopez-morales,https://www.usenix.org/conference/usenixsecurity24/presentation/lopez-morales,"ano, Texas A&M University-Corpus Christi; Ali Abbasi, CISPA Helmholtz Center for Information Security; Alvaro A. Cardenas, University of California, Santa Cruz https://www.usenix.org/conference/usenixsecurity24/presentation/lopez-morales"
usenixsecurity24-appendix-lopez-morales.pdf,pymupdf,page_text,2,url,https://github.com/efrenlopezm/plc-sok-dataset,https://github.com/efrenlopezm/plc-sok-dataset,"rity of PLCs. This SoK produced two ar- tifacts. A systematic literature review dataset and a threat tax- onomy called ICS2 Matrix. The dataset is available at https://github.com/efrenlopezm/plc-sok-dataset and the threat taxonomy is available at https://github.com/efrenlopezm/ics2matrix.A.2 Description & Requirements A.2.1 Security, privacy, and ethical concerns"
usenixsecurity24-appendix-lopez-morales.pdf,pymupdf,page_text,2,url,https://github.com/efrenlopezm/ics2matrix.A.2,https://github.com/efrenlopezm/ics2matrix.A.2,"and a threat tax- onomy called ICS2 Matrix. The dataset is available at https://github.com/efrenlopezm/plc-sok-dataset and the threat taxonomy is available at https://github.com/efrenlopezm/ics2matrix.A.2 Description & Requirements A.2.1 Security, privacy, and ethical concerns Our artifacts do not pose any security or privacy risks because they do not include an"
usenixsecurity24-appendix-lopez-morales.pdf,pymupdf,page_text,2,url,https://github.com/efrenlopezm/plc-sok-dataset/tree/ebeb195e5969d99061302950bb173c6d997be30e.The,https://github.com/efrenlopezm/plc-sok-dataset/tree/ebeb195e5969d99061302950bb173c6d997be30e.The,ts do not pose any security or privacy risks because they do not include any code. A.2.2 How to access The systematic literature review dataset is available at https://github.com/efrenlopezm/plc-sok-dataset/tree/ebeb195e5969d99061302950bb173c6d997be30e.The threat taxonomy ICS2 Matrix is available at https://github.com/efrenlopezm/ics2matrix/tree/e60ba236a45483bec81b16677b8c71314267f235.A.2.3 Hardware dependencies
usenixsecurity24-appendix-lopez-morales.pdf,pymupdf,page_text,2,url,https://github.com/efrenlopezm/ics2matrix/tree/e60ba236a45483bec81b16677b8c71314267f235.A.2.3,https://github.com/efrenlopezm/ics2matrix/tree/e60ba236a45483bec81b16677b8c71314267f235.A.2.3,et is available at https://github.com/efrenlopezm/plc-sok-dataset/tree/ebeb195e5969d99061302950bb173c6d997be30e.The threat taxonomy ICS2 Matrix is available at https://github.com/efrenlopezm/ics2matrix/tree/e60ba236a45483bec81b16677b8c71314267f235.A.2.3 Hardware dependencies None. A.2.4 Software dependencies The dataset is available as a .csv file with no software depen- dencies. The ICS2 Matrix is available a
usenixsecurity24-appendix-lopez-morales.pdf,pymupdf,page_text,2,url,https://secartifacts.github.io/usenixsec2024/.USENIX,https://secartifacts.github.io/usenixsec2024/.USENIX,"LaTeX template for Artifact Evaluation V20231005. Submission, reviewing and badging methodol- ogy followed for the evaluation of this artifact can be found at https://secartifacts.github.io/usenixsec2024/.USENIX Association Artifact Appendices to the Proceedings of the 33rd USENIX Security Symposium 445"
usenixsecurity24-appendix-lopez-morales.pdf,grobid_tei,target,,url,https://github.com/kermitt2/grobid,https://github.com/kermitt2/grobid,
usenixsecurity24-appendix-lopez-morales.pdf,grobid_tei,full_tei_text,,url,https://secartifacts.github.io/usenixsec2024/.,https://secartifacts.github.io/usenixsec2024/,"he LaTeX template for Artifact Evaluation V20231005. Submission, reviewing and badging methodology followed for the evaluation of this artifact can be found at https://secartifacts.github.io/usenixsec2024/."
