paper,section,original_url,normalized_url,domain,extension,heuristica_1_matched,heuristica_1_score,heuristica_1_reason,heuristica_1_direct_extension,heuristica_1_candidate_dataset_links,heuristica_1_external_candidate_links_not_used,heuristica_1_page_context,heuristica_1_is_json_response,heuristica_2_matched,heuristica_2_score,heuristica_2_reason,heuristica_2_content_type,heuristica_2_content_disposition,heuristica_2_final_url,heuristica_2_final_extension,heuristica_2_signals,heuristica_3_matched,heuristica_3_score,heuristica_3_reason,heuristica_3_json_path,heuristica_3_dataset_like_url_count,heuristica_3_sample_dataset_like_urls,heuristica_3_dataset_name_count,heuristica_3_matched_dataset_name,heuristica_3_sample_dataset_names,heuristica_3_signals,heuristica_4_used,heuristica_4_matched,heuristica_4_confidence,heuristica_4_category,heuristica_4_reason,heuristica_4_evidence,heuristica_4_risk_of_false_positive,heuristica_4_signals,total_score,label,decision_reason
1505.04597v1.pdf,target,http://www.codesolorzano.com/celltrackingchallenge/Cell_Tracking_Challenge/Welcome.html,http://codesolorzano.com/celltrackingchallenge/Cell_Tracking_Challenge/Welcome.html,codesolorzano.com,.html,False,0,no_relevant_dataset_download_link_found_in_page,.html,[],[],"{""matched"": false, ""score"": 0, ""text_context"": {""matched"": false, ""score"": 0, ""signals"": [], ""matched_terms"": [], ""local_context_samples"": []}, ""json_context"": {""matched"": false, ""score"": 0, ""signals"": []}, ""ai_context"": {""used"": false, ""matched"": false, ""label"": """", ""score"": 0.0, ""reason"": ""disabled""}}",False,False,0,no_http_metadata_dataset_signal,text/html,,http://codesolorzano.com/celltrackingchallenge/Cell_Tracking_Challenge/Welcome.html,.html,,False,0,dataset_json_does_not_confirm_current_url,pdfs\1505.04597v1.dataset.json,0,[],2,,"[""ImageNet dataset"", ""images""]",,False,False,0.0,not_used,disabled_or_not_needed,[],,,0,not_dataset,no_heuristic_matched
1505.04597v1.pdf,target,http://brainiac2.mit.edu/isbi_challenge/,http://brainiac2.mit.edu/isbi_challenge,brainiac2.mit.edu,,False,0,page_download_error,,[],[],{},,False,0,http_error,,,,,,False,0,dataset_json_does_not_confirm_current_url,pdfs\1505.04597v1.dataset.json,0,[],2,,"[""ImageNet dataset"", ""images""]",,False,False,0.0,not_used,disabled_or_not_needed,[],,,0,not_dataset,no_heuristic_matched
1505.04597v1.pdf,abstract,http://lmb.informatik.uni-freiburg.de/people/ronneber/u-net,http://lmb.informatik.uni-freiburg.de/people/ronneber/u-net,lmb.informatik.uni-freiburg.de,,False,0,no_relevant_dataset_download_link_found_in_page,,[],[],"{""matched"": true, ""score"": 4, ""text_context"": {""matched"": true, ""score"": 4, ""signals"": [""page_has_dataset_terms"", ""page_has_download_terms""], ""matched_terms"": [""available"", ""available at"", ""dataset"", ""datasets"", ""download""], ""local_context_samples"": []}, ""json_context"": {""matched"": false, ""score"": 0, ""signals"": []}, ""ai_context"": {""used"": false, ""matched"": false, ""label"": """", ""score"": 0.0, ""reason"": ""disabled""}}",False,False,0,no_http_metadata_dataset_signal,text/html,,https://lmb.informatik.uni-freiburg.de/people/ronneber/u-net/,,,False,0,dataset_json_does_not_confirm_current_url,pdfs\1505.04597v1.dataset.json,0,[],2,,"[""ImageNet dataset"", ""images""]",,False,False,0.0,not_used,disabled_or_not_needed,[],,,0,not_dataset,no_heuristic_matched
1506.02640v5.pdf,target,https://github.com/BVLC/caffe/wiki/Models-accuracy-on-ImageNet-2012-val.Ac-cessed,https://github.com/BVLC/caffe/wiki/Models-accuracy-on-ImageNet-2012-val,github.com,,False,0,no_relevant_dataset_download_link_found_in_page,,[],[],"{""matched"": false, ""score"": 2, ""text_context"": {""matched"": false, ""score"": 2, ""signals"": [""page_has_dataset_terms"", ""page_has_download_terms""], ""matched_terms"": [""available"", ""features""], ""local_context_samples"": []}, ""json_context"": {""matched"": false, ""score"": 0, ""signals"": []}, ""ai_context"": {""used"": false, ""matched"": false, ""label"": """", ""score"": 0.0, ""reason"": ""disabled""}}",False,False,0,no_http_metadata_dataset_signal,text/html,,https://github.com/BVLC/caffe/wiki/Models-accuracy-on-ImageNet-2012-val,,,True,4,dataset_json_confirms_current_url,pdfs\1506.02640v5.dataset.json,0,[],11,ImageNet 1000-class competition dataset,"[""ImageNet 1000-class competition dataset"", ""ImageNet 2012 valida- tion set"", ""ImageNet 2012 valida-\\ntion set"", ""ImageNet \\n1000-class competition dataset"", ""PASCAL VOC"", ""PASCAL VOC 2007"", ""PASCAL VOC detection dataset"", ""People-Art"", ""People-Art Dataset"", ""Picasso Dataset"", ""YOLO detection""]",dataset_name_from_json_appears_in_input_url,False,False,0.0,not_used,disabled_or_not_needed,[],,,4,dataset,heuristica_3
1506.02640v5.pdf,target,"http://pjreddie.com/darknet/,2013-2016.3",http://pjreddie.com/darknet,pjreddie.com,,False,0,no_relevant_dataset_download_link_found_in_page,,[],[],"{""matched"": false, ""score"": 0, ""text_context"": {""matched"": false, ""score"": 0, ""signals"": [], ""matched_terms"": [], ""local_context_samples"": []}, ""json_context"": {""matched"": false, ""score"": 0, ""signals"": []}, ""ai_context"": {""used"": false, ""matched"": false, ""label"": """", ""score"": 0.0, ""reason"": ""disabled""}}",False,False,0,no_http_metadata_dataset_signal,text/html,,https://pjreddie.com/darknet/,,,False,0,dataset_json_does_not_confirm_current_url,pdfs\1506.02640v5.dataset.json,0,[],11,,"[""ImageNet 1000-class competition dataset"", ""ImageNet 2012 valida- tion set"", ""ImageNet 2012 valida-\\ntion set"", ""ImageNet \\n1000-class competition dataset"", ""PASCAL VOC"", ""PASCAL VOC 2007"", ""PASCAL VOC detection dataset"", ""People-Art"", ""People-Art Dataset"", ""Picasso Dataset"", ""YOLO detection""]",,False,False,0.0,not_used,disabled_or_not_needed,[],,,0,not_dataset,no_heuristic_matched
1506.02640v5.pdf,body,http://pjreddie.com/yolo/.Second,http://pjreddie.com/yolo,pjreddie.com,,False,0,no_relevant_dataset_download_link_found_in_page,,[],[],"{""matched"": false, ""score"": 0, ""text_context"": {""matched"": false, ""score"": 0, ""signals"": [], ""matched_terms"": [], ""local_context_samples"": []}, ""json_context"": {""matched"": false, ""score"": 0, ""signals"": []}, ""ai_context"": {""used"": false, ""matched"": false, ""label"": """", ""score"": 0.0, ""reason"": ""disabled""}}",False,False,0,no_http_metadata_dataset_signal,text/html,,https://pjreddie.com/yolo,,,False,0,dataset_json_does_not_confirm_current_url,pdfs\1506.02640v5.dataset.json,0,[],11,,"[""ImageNet 1000-class competition dataset"", ""ImageNet 2012 valida- tion set"", ""ImageNet 2012 valida-\\ntion set"", ""ImageNet \\n1000-class competition dataset"", ""PASCAL VOC"", ""PASCAL VOC 2007"", ""PASCAL VOC detection dataset"", ""People-Art"", ""People-Art Dataset"", ""Picasso Dataset"", ""YOLO detection""]",,False,False,0.0,not_used,disabled_or_not_needed,[],,,0,not_dataset,no_heuristic_matched
1512.02595v1.pdf,target,http://arxiv.org/abs/1508.04395,https://arxiv.org/abs/1508.04395,arxiv.org,.04395,False,0,no_relevant_dataset_download_link_found_in_page,.04395,[],[],"{""matched"": false, ""score"": 2, ""text_context"": {""matched"": false, ""score"": 2, ""signals"": [""page_has_dataset_terms"", ""page_has_download_terms""], ""matched_terms"": [""access"", ""features""], ""local_context_samples"": []}, ""json_context"": {""matched"": false, ""score"": 0, ""signals"": []}, ""ai_context"": {""used"": false, ""matched"": false, ""label"": """", ""score"": 0.0, ""reason"": ""disabled""}}",False,False,0,no_http_metadata_dataset_signal,text/html,,https://arxiv.org/abs/1508.04395,.04395,has_content_length,False,0,dataset_json_does_not_confirm_current_url,pdfs\1512.02595v1.dataset.json,0,[],22,,"[""CHiME 2015 \\ndevelopment datasets"", ""CHiME 2015 development datasets"", ""Chinese \\ncharacter set"", ""Chinese character set"", ""English (3,600 hours"", ""English dataset"", ""Fisher corpora"", ""LDC catalog"", ""LibriSpeech corpus"", ""LibriSpeech dataset"", ""Mandarin (1,400 hours) datasets"", ""Mandarin dataset"", ""Mandarin datasets"", ""Noisy development sets"", ""Regular"", ""Switchboard"", ""VoxForge data"", ""Wall Street Journal (WSJ"", ""Wall Street Journal (WSJ) corpus"", ""Wall Street Journal \\n(WSJ) corpus""]",,False,False,0.0,not_used,disabled_or_not_needed,[],,,0,not_dataset,no_heuristic_matched
1512.02595v1.pdf,target,https://nvlabs.github.io/moderngpu/,https://nvlabs.github.io/moderngpu,nvlabs.github.io,,False,0,no_relevant_dataset_download_link_found_in_page,,[],[],"{""matched"": false, ""score"": 0, ""text_context"": {""matched"": false, ""score"": 0, ""signals"": [], ""matched_terms"": [], ""local_context_samples"": []}, ""json_context"": {""matched"": false, ""score"": 0, ""signals"": []}, ""ai_context"": {""used"": false, ""matched"": false, ""label"": """", ""score"": 0.0, ""reason"": ""disabled""}}",False,False,0,no_http_metadata_dataset_signal,text/html,,https://nvlabs.github.io/moderngpu,,has_content_length,False,0,dataset_json_does_not_confirm_current_url,pdfs\1512.02595v1.dataset.json,0,[],22,,"[""CHiME 2015 \\ndevelopment datasets"", ""CHiME 2015 development datasets"", ""Chinese \\ncharacter set"", ""Chinese character set"", ""English (3,600 hours"", ""English dataset"", ""Fisher corpora"", ""LDC catalog"", ""LibriSpeech corpus"", ""LibriSpeech dataset"", ""Mandarin (1,400 hours) datasets"", ""Mandarin dataset"", ""Mandarin datasets"", ""Noisy development sets"", ""Regular"", ""Switchboard"", ""VoxForge data"", ""Wall Street Journal (WSJ"", ""Wall Street Journal (WSJ) corpus"", ""Wall Street Journal \\n(WSJ) corpus""]",,False,False,0.0,not_used,disabled_or_not_needed,[],,,0,not_dataset,no_heuristic_matched
1512.02595v1.pdf,target,http://arxiv.org/abs/1508.01211,https://arxiv.org/abs/1508.01211,arxiv.org,.01211,False,0,no_relevant_dataset_download_link_found_in_page,.01211,[],[],"{""matched"": false, ""score"": 2, ""text_context"": {""matched"": false, ""score"": 2, ""signals"": [""page_has_dataset_terms"", ""page_has_download_terms""], ""matched_terms"": [""access"", ""features""], ""local_context_samples"": []}, ""json_context"": {""matched"": false, ""score"": 0, ""signals"": []}, ""ai_context"": {""used"": false, ""matched"": false, ""label"": """", ""score"": 0.0, ""reason"": ""disabled""}}",False,False,0,no_http_metadata_dataset_signal,text/html,,https://arxiv.org/abs/1508.01211,.01211,has_content_length,False,0,dataset_json_does_not_confirm_current_url,pdfs\1512.02595v1.dataset.json,0,[],22,,"[""CHiME 2015 \\ndevelopment datasets"", ""CHiME 2015 development datasets"", ""Chinese \\ncharacter set"", ""Chinese character set"", ""English (3,600 hours"", ""English dataset"", ""Fisher corpora"", ""LDC catalog"", ""LibriSpeech corpus"", ""LibriSpeech dataset"", ""Mandarin (1,400 hours) datasets"", ""Mandarin dataset"", ""Mandarin datasets"", ""Noisy development sets"", ""Regular"", ""Switchboard"", ""VoxForge data"", ""Wall Street Journal (WSJ"", ""Wall Street Journal (WSJ) corpus"", ""Wall Street Journal \\n(WSJ) corpus""]",,False,False,0.0,not_used,disabled_or_not_needed,[],,,0,not_dataset,no_heuristic_matched
1512.02595v1.pdf,target,http://arxiv.org/abs/1412.1602,https://arxiv.org/abs/1412.1602,arxiv.org,.1602,False,0,no_relevant_dataset_download_link_found_in_page,.1602,[],[],"{""matched"": false, ""score"": 3, ""text_context"": {""matched"": false, ""score"": 3, ""signals"": [""page_has_dataset_terms"", ""page_has_download_terms""], ""matched_terms"": [""access"", ""dataset"", ""features""], ""local_context_samples"": []}, ""json_context"": {""matched"": false, ""score"": 0, ""signals"": []}, ""ai_context"": {""used"": false, ""matched"": false, ""label"": """", ""score"": 0.0, ""reason"": ""disabled""}}",False,False,0,no_http_metadata_dataset_signal,text/html,,https://arxiv.org/abs/1412.1602,.1602,has_content_length,False,0,dataset_json_does_not_confirm_current_url,pdfs\1512.02595v1.dataset.json,0,[],22,,"[""CHiME 2015 \\ndevelopment datasets"", ""CHiME 2015 development datasets"", ""Chinese \\ncharacter set"", ""Chinese character set"", ""English (3,600 hours"", ""English dataset"", ""Fisher corpora"", ""LDC catalog"", ""LibriSpeech corpus"", ""LibriSpeech dataset"", ""Mandarin (1,400 hours) datasets"", ""Mandarin dataset"", ""Mandarin datasets"", ""Noisy development sets"", ""Regular"", ""Switchboard"", ""VoxForge data"", ""Wall Street Journal (WSJ"", ""Wall Street Journal (WSJ) corpus"", ""Wall Street Journal \\n(WSJ) corpus""]",,False,False,0.0,not_used,disabled_or_not_needed,[],,,0,not_dataset,no_heuristic_matched
1512.02595v1.pdf,target,http://svail.github.io/rnn_perf,http://svail.github.io/rnn_perf,svail.github.io,,False,0,no_relevant_dataset_download_link_found_in_page,,[],[],"{""matched"": false, ""score"": 3, ""text_context"": {""matched"": false, ""score"": 3, ""signals"": [""page_has_dataset_terms"", ""page_has_download_terms""], ""matched_terms"": [""available"", ""benchmark"", ""training data""], ""local_context_samples"": []}, ""json_context"": {""matched"": false, ""score"": 0, ""signals"": []}, ""ai_context"": {""used"": false, ""matched"": false, ""label"": """", ""score"": 0.0, ""reason"": ""disabled""}}",False,False,0,no_http_metadata_dataset_signal,text/html,,http://svail.github.io/rnn_perf/,,has_content_length,False,0,dataset_json_does_not_confirm_current_url,pdfs\1512.02595v1.dataset.json,0,[],22,,"[""CHiME 2015 \\ndevelopment datasets"", ""CHiME 2015 development datasets"", ""Chinese \\ncharacter set"", ""Chinese character set"", ""English (3,600 hours"", ""English dataset"", ""Fisher corpora"", ""LDC catalog"", ""LibriSpeech corpus"", ""LibriSpeech dataset"", ""Mandarin (1,400 hours) datasets"", ""Mandarin dataset"", ""Mandarin datasets"", ""Noisy development sets"", ""Regular"", ""Switchboard"", ""VoxForge data"", ""Wall Street Journal (WSJ"", ""Wall Street Journal (WSJ) corpus"", ""Wall Street Journal \\n(WSJ) corpus""]",,False,False,0.0,not_used,disabled_or_not_needed,[],,,0,not_dataset,no_heuristic_matched
1512.02595v1.pdf,target,http://arxiv.org/abs/1412.5567,https://arxiv.org/abs/1412.5567,arxiv.org,.5567,False,0,no_relevant_dataset_download_link_found_in_page,.5567,[],[],"{""matched"": false, ""score"": 2, ""text_context"": {""matched"": false, ""score"": 2, ""signals"": [""page_has_dataset_terms"", ""page_has_download_terms""], ""matched_terms"": [""access"", ""features""], ""local_context_samples"": []}, ""json_context"": {""matched"": false, ""score"": 0, ""signals"": []}, ""ai_context"": {""used"": false, ""matched"": false, ""label"": """", ""score"": 0.0, ""reason"": ""disabled""}}",False,False,0,no_http_metadata_dataset_signal,text/html,,https://arxiv.org/abs/1412.5567,.5567,has_content_length,False,0,dataset_json_does_not_confirm_current_url,pdfs\1512.02595v1.dataset.json,0,[],22,,"[""CHiME 2015 \\ndevelopment datasets"", ""CHiME 2015 development datasets"", ""Chinese \\ncharacter set"", ""Chinese character set"", ""English (3,600 hours"", ""English dataset"", ""Fisher corpora"", ""LDC catalog"", ""LibriSpeech corpus"", ""LibriSpeech dataset"", ""Mandarin (1,400 hours) datasets"", ""Mandarin dataset"", ""Mandarin datasets"", ""Noisy development sets"", ""Regular"", ""Switchboard"", ""VoxForge data"", ""Wall Street Journal (WSJ"", ""Wall Street Journal (WSJ) corpus"", ""Wall Street Journal \\n(WSJ) corpus""]",,False,False,0.0,not_used,disabled_or_not_needed,[],,,0,not_dataset,no_heuristic_matched
1512.02595v1.pdf,target,http://arxiv.org/abs/1408.2873,https://arxiv.org/abs/1408.2873,arxiv.org,.2873,False,0,no_relevant_dataset_download_link_found_in_page,.2873,[],[],"{""matched"": false, ""score"": 3, ""text_context"": {""matched"": false, ""score"": 3, ""signals"": [""page_has_dataset_terms"", ""page_has_download_terms""], ""matched_terms"": [""access"", ""corpus"", ""features""], ""local_context_samples"": []}, ""json_context"": {""matched"": false, ""score"": 0, ""signals"": []}, ""ai_context"": {""used"": false, ""matched"": false, ""label"": """", ""score"": 0.0, ""reason"": ""disabled""}}",False,False,0,no_http_metadata_dataset_signal,text/html,,https://arxiv.org/abs/1408.2873,.2873,has_content_length,False,0,dataset_json_does_not_confirm_current_url,pdfs\1512.02595v1.dataset.json,0,[],22,,"[""CHiME 2015 \\ndevelopment datasets"", ""CHiME 2015 development datasets"", ""Chinese \\ncharacter set"", ""Chinese character set"", ""English (3,600 hours"", ""English dataset"", ""Fisher corpora"", ""LDC catalog"", ""LibriSpeech corpus"", ""LibriSpeech dataset"", ""Mandarin (1,400 hours) datasets"", ""Mandarin dataset"", ""Mandarin datasets"", ""Noisy development sets"", ""Regular"", ""Switchboard"", ""VoxForge data"", ""Wall Street Journal (WSJ"", ""Wall Street Journal (WSJ) corpus"", ""Wall Street Journal \\n(WSJ) corpus""]",,False,False,0.0,not_used,disabled_or_not_needed,[],,,0,not_dataset,no_heuristic_matched
1512.02595v1.pdf,target,http://arxiv.org/abs/1510.01378,https://arxiv.org/abs/1510.01378,arxiv.org,.01378,False,0,no_relevant_dataset_download_link_found_in_page,.01378,[],[],"{""matched"": false, ""score"": 2, ""text_context"": {""matched"": false, ""score"": 2, ""signals"": [""page_has_dataset_terms"", ""page_has_download_terms""], ""matched_terms"": [""access"", ""features""], ""local_context_samples"": []}, ""json_context"": {""matched"": false, ""score"": 0, ""signals"": []}, ""ai_context"": {""used"": false, ""matched"": false, ""label"": """", ""score"": 0.0, ""reason"": ""disabled""}}",False,False,0,no_http_metadata_dataset_signal,text/html,,https://arxiv.org/abs/1510.01378,.01378,has_content_length,False,0,dataset_json_does_not_confirm_current_url,pdfs\1512.02595v1.dataset.json,0,[],22,,"[""CHiME 2015 \\ndevelopment datasets"", ""CHiME 2015 development datasets"", ""Chinese \\ncharacter set"", ""Chinese character set"", ""English (3,600 hours"", ""English dataset"", ""Fisher corpora"", ""LDC catalog"", ""LibriSpeech corpus"", ""LibriSpeech dataset"", ""Mandarin (1,400 hours) datasets"", ""Mandarin dataset"", ""Mandarin datasets"", ""Noisy development sets"", ""Regular"", ""Switchboard"", ""VoxForge data"", ""Wall Street Journal (WSJ"", ""Wall Street Journal (WSJ) corpus"", ""Wall Street Journal \\n(WSJ) corpus""]",,False,False,0.0,not_used,disabled_or_not_needed,[],,,0,not_dataset,no_heuristic_matched
1512.02595v1.pdf,target,http://arxiv.org/abs/1211.5063,https://arxiv.org/abs/1211.5063,arxiv.org,.5063,False,0,no_relevant_dataset_download_link_found_in_page,.5063,[],[],"{""matched"": false, ""score"": 2, ""text_context"": {""matched"": false, ""score"": 2, ""signals"": [""page_has_dataset_terms"", ""page_has_download_terms""], ""matched_terms"": [""access"", ""features""], ""local_context_samples"": []}, ""json_context"": {""matched"": false, ""score"": 0, ""signals"": []}, ""ai_context"": {""used"": false, ""matched"": false, ""label"": """", ""score"": 0.0, ""reason"": ""disabled""}}",False,False,0,no_http_metadata_dataset_signal,text/html,,https://arxiv.org/abs/1211.5063,.5063,has_content_length,False,0,dataset_json_does_not_confirm_current_url,pdfs\1512.02595v1.dataset.json,0,[],22,,"[""CHiME 2015 \\ndevelopment datasets"", ""CHiME 2015 development datasets"", ""Chinese \\ncharacter set"", ""Chinese character set"", ""English (3,600 hours"", ""English dataset"", ""Fisher corpora"", ""LDC catalog"", ""LibriSpeech corpus"", ""LibriSpeech dataset"", ""Mandarin (1,400 hours) datasets"", ""Mandarin dataset"", ""Mandarin datasets"", ""Noisy development sets"", ""Regular"", ""Switchboard"", ""VoxForge data"", ""Wall Street Journal (WSJ"", ""Wall Street Journal (WSJ) corpus"", ""Wall Street Journal \\n(WSJ) corpus""]",,False,False,0.0,not_used,disabled_or_not_needed,[],,,0,not_dataset,no_heuristic_matched
1512.02595v1.pdf,target,http://arxiv.org/abs/1507.06947,https://arxiv.org/abs/1507.06947,arxiv.org,.06947,False,0,no_relevant_dataset_download_link_found_in_page,.06947,[],[],"{""matched"": false, ""score"": 2, ""text_context"": {""matched"": false, ""score"": 2, ""signals"": [""page_has_dataset_terms"", ""page_has_download_terms""], ""matched_terms"": [""access"", ""features""], ""local_context_samples"": []}, ""json_context"": {""matched"": false, ""score"": 0, ""signals"": []}, ""ai_context"": {""used"": false, ""matched"": false, ""label"": """", ""score"": 0.0, ""reason"": ""disabled""}}",False,False,0,no_http_metadata_dataset_signal,text/html,,https://arxiv.org/abs/1507.06947,.06947,has_content_length,False,0,dataset_json_does_not_confirm_current_url,pdfs\1512.02595v1.dataset.json,0,[],22,,"[""CHiME 2015 \\ndevelopment datasets"", ""CHiME 2015 development datasets"", ""Chinese \\ncharacter set"", ""Chinese character set"", ""English (3,600 hours"", ""English dataset"", ""Fisher corpora"", ""LDC catalog"", ""LibriSpeech corpus"", ""LibriSpeech dataset"", ""Mandarin (1,400 hours) datasets"", ""Mandarin dataset"", ""Mandarin datasets"", ""Noisy development sets"", ""Regular"", ""Switchboard"", ""VoxForge data"", ""Wall Street Journal (WSJ"", ""Wall Street Journal (WSJ) corpus"", ""Wall Street Journal \\n(WSJ) corpus""]",,False,False,0.0,not_used,disabled_or_not_needed,[],,,0,not_dataset,no_heuristic_matched
1512.02595v1.pdf,target,http://arxiv.org/abs/1409.3215,https://arxiv.org/abs/1409.3215,arxiv.org,.3215,False,0,no_relevant_dataset_download_link_found_in_page,.3215,[],[],"{""matched"": true, ""score"": 4, ""text_context"": {""matched"": true, ""score"": 4, ""signals"": [""page_has_dataset_terms"", ""page_has_download_terms""], ""matched_terms"": [""access"", ""available"", ""dataset"", ""features""], ""local_context_samples"": []}, ""json_context"": {""matched"": false, ""score"": 0, ""signals"": []}, ""ai_context"": {""used"": false, ""matched"": false, ""label"": """", ""score"": 0.0, ""reason"": ""disabled""}}",False,False,0,no_http_metadata_dataset_signal,text/html,,https://arxiv.org/abs/1409.3215,.3215,has_content_length,False,0,dataset_json_does_not_confirm_current_url,pdfs\1512.02595v1.dataset.json,0,[],22,,"[""CHiME 2015 \\ndevelopment datasets"", ""CHiME 2015 development datasets"", ""Chinese \\ncharacter set"", ""Chinese character set"", ""English (3,600 hours"", ""English dataset"", ""Fisher corpora"", ""LDC catalog"", ""LibriSpeech corpus"", ""LibriSpeech dataset"", ""Mandarin (1,400 hours) datasets"", ""Mandarin dataset"", ""Mandarin datasets"", ""Noisy development sets"", ""Regular"", ""Switchboard"", ""VoxForge data"", ""Wall Street Journal (WSJ"", ""Wall Street Journal (WSJ) corpus"", ""Wall Street Journal \\n(WSJ) corpus""]",,False,False,0.0,not_used,disabled_or_not_needed,[],,,0,not_dataset,no_heuristic_matched
1512.02595v1.pdf,target,http://arxiv.org/abs/1502.03167,https://arxiv.org/abs/1502.03167,arxiv.org,.03167,False,0,no_relevant_dataset_download_link_found_in_page,.03167,[],[],"{""matched"": false, ""score"": 2, ""text_context"": {""matched"": false, ""score"": 2, ""signals"": [""page_has_dataset_terms"", ""page_has_download_terms""], ""matched_terms"": [""access"", ""features""], ""local_context_samples"": []}, ""json_context"": {""matched"": false, ""score"": 0, ""signals"": []}, ""ai_context"": {""used"": false, ""matched"": false, ""label"": """", ""score"": 0.0, ""reason"": ""disabled""}}",False,False,0,no_http_metadata_dataset_signal,text/html,,https://arxiv.org/abs/1502.03167,.03167,has_content_length,False,0,dataset_json_does_not_confirm_current_url,pdfs\1512.02595v1.dataset.json,0,[],22,,"[""CHiME 2015 \\ndevelopment datasets"", ""CHiME 2015 development datasets"", ""Chinese \\ncharacter set"", ""Chinese character set"", ""English (3,600 hours"", ""English dataset"", ""Fisher corpora"", ""LDC catalog"", ""LibriSpeech corpus"", ""LibriSpeech dataset"", ""Mandarin (1,400 hours) datasets"", ""Mandarin dataset"", ""Mandarin datasets"", ""Noisy development sets"", ""Regular"", ""Switchboard"", ""VoxForge data"", ""Wall Street Journal (WSJ"", ""Wall Street Journal (WSJ) corpus"", ""Wall Street Journal \\n(WSJ) corpus""]",,False,False,0.0,not_used,disabled_or_not_needed,[],,,0,not_dataset,no_heuristic_matched
1512.02595v1.pdf,target,http://arxiv.org/abs/1410.4615,https://arxiv.org/abs/1410.4615,arxiv.org,.4615,False,0,no_relevant_dataset_download_link_found_in_page,.4615,[],[],"{""matched"": false, ""score"": 2, ""text_context"": {""matched"": false, ""score"": 2, ""signals"": [""page_has_dataset_terms"", ""page_has_download_terms""], ""matched_terms"": [""access"", ""features""], ""local_context_samples"": []}, ""json_context"": {""matched"": false, ""score"": 0, ""signals"": []}, ""ai_context"": {""used"": false, ""matched"": false, ""label"": """", ""score"": 0.0, ""reason"": ""disabled""}}",False,False,0,no_http_metadata_dataset_signal,text/html,,https://arxiv.org/abs/1410.4615,.4615,has_content_length,False,0,dataset_json_does_not_confirm_current_url,pdfs\1512.02595v1.dataset.json,0,[],22,,"[""CHiME 2015 \\ndevelopment datasets"", ""CHiME 2015 development datasets"", ""Chinese \\ncharacter set"", ""Chinese character set"", ""English (3,600 hours"", ""English dataset"", ""Fisher corpora"", ""LDC catalog"", ""LibriSpeech corpus"", ""LibriSpeech dataset"", ""Mandarin (1,400 hours) datasets"", ""Mandarin dataset"", ""Mandarin datasets"", ""Noisy development sets"", ""Regular"", ""Switchboard"", ""VoxForge data"", ""Wall Street Journal (WSJ"", ""Wall Street Journal (WSJ) corpus"", ""Wall Street Journal \\n(WSJ) corpus""]",,False,False,0.0,not_used,disabled_or_not_needed,[],,,0,not_dataset,no_heuristic_matched
1512.02595v1.pdf,body,http://www.voxforge.org,http://voxforge.org,voxforge.org,,False,0,no_relevant_dataset_download_link_found_in_page,,[],[],"{""matched"": false, ""score"": 0, ""text_context"": {""matched"": false, ""score"": 0, ""signals"": [], ""matched_terms"": [], ""local_context_samples"": []}, ""json_context"": {""matched"": false, ""score"": 0, ""signals"": []}, ""ai_context"": {""used"": false, ""matched"": false, ""label"": """", ""score"": 0.0, ""reason"": ""disabled""}}",False,False,0,no_http_metadata_dataset_signal,text/html,,https://voxforge.org/,,,True,4,dataset_json_confirms_current_url,pdfs\1512.02595v1.dataset.json,0,[],22,VoxForge data,"[""CHiME 2015 \\ndevelopment datasets"", ""CHiME 2015 development datasets"", ""Chinese \\ncharacter set"", ""Chinese character set"", ""English (3,600 hours"", ""English dataset"", ""Fisher corpora"", ""LDC catalog"", ""LibriSpeech corpus"", ""LibriSpeech dataset"", ""Mandarin (1,400 hours) datasets"", ""Mandarin dataset"", ""Mandarin datasets"", ""Noisy development sets"", ""Regular"", ""Switchboard"", ""VoxForge data"", ""Wall Street Journal (WSJ"", ""Wall Street Journal (WSJ) corpus"", ""Wall Street Journal \\n(WSJ) corpus""]",dataset_name_from_json_appears_in_input_url,False,False,0.0,not_used,disabled_or_not_needed,[],,,4,dataset,heuristica_3
1512.02595v1.pdf,body,http://commoncrawl.org,http://commoncrawl.org,commoncrawl.org,,False,0,no_relevant_dataset_download_link_found_in_page,,[],[],"{""matched"": true, ""score"": 4, ""text_context"": {""matched"": true, ""score"": 4, ""signals"": [""page_has_dataset_terms"", ""page_has_download_terms""], ""matched_terms"": [""access"", ""benchmark"", ""corpus"", ""database"", ""dataset""], ""local_context_samples"": []}, ""json_context"": {""matched"": false, ""score"": 0, ""signals"": []}, ""ai_context"": {""used"": false, ""matched"": false, ""label"": """", ""score"": 0.0, ""reason"": ""disabled""}}",False,False,0,no_http_metadata_dataset_signal,text/html,,https://commoncrawl.org/,,,False,0,dataset_json_does_not_confirm_current_url,pdfs\1512.02595v1.dataset.json,0,[],22,,"[""CHiME 2015 \\ndevelopment datasets"", ""CHiME 2015 development datasets"", ""Chinese \\ncharacter set"", ""Chinese character set"", ""English (3,600 hours"", ""English dataset"", ""Fisher corpora"", ""LDC catalog"", ""LibriSpeech corpus"", ""LibriSpeech dataset"", ""Mandarin (1,400 hours) datasets"", ""Mandarin dataset"", ""Mandarin datasets"", ""Noisy development sets"", ""Regular"", ""Switchboard"", ""VoxForge data"", ""Wall Street Journal (WSJ"", ""Wall Street Journal (WSJ) corpus"", ""Wall Street Journal \\n(WSJ) corpus""]",,False,False,0.0,not_used,disabled_or_not_needed,[],,,0,not_dataset,no_heuristic_matched
1606.05250v3.pdf,abstract,https://stanford-qa.com,https://stanford-qa.com,stanford-qa.com,,False,0,no_relevant_dataset_download_link_found_in_page,,[],[],"{""matched"": false, ""score"": 0, ""text_context"": {""matched"": false, ""score"": 0, ""signals"": [], ""matched_terms"": [], ""local_context_samples"": []}, ""json_context"": {""matched"": false, ""score"": 0, ""signals"": []}, ""ai_context"": {""used"": false, ""matched"": false, ""label"": """", ""score"": 0.0, ""reason"": ""disabled""}}",False,False,0,no_http_metadata_dataset_signal,text/html,,https://stanford-qa.com/,,has_content_length,True,4,dataset_json_confirms_current_url,pdfs\1606.05250v3.dataset.json,0,[],24,Stanford CoreNLP,"[""ImageNet"", ""MCTest"", ""Penn Treebank"", ""SQuAD's devel- opment and test sets"", ""SQuAD's devel-\\nopment and test sets"", ""Stan- ford Question Answering Dataset"", ""Stan-\\nford Question Answering Dataset"", ""Stanford CoreNLP"", ""Stanford Question An- swering Dataset"", ""Stanford Question An-\\nswering Dataset"", ""Stanford Question Answer- ing Dataset (SQuAD"", ""Stanford Question Answer-\\ning Dataset (SQuAD"", ""WikiQA \\ndataset"", ""WikiQA dataset"", ""develop- ment"", ""develop- ment set"", ""develop-\\nment"", ""develop-\\nment set"", ""edit distance"", ""metrics""]",dataset_name_from_json_appears_in_input_url,False,False,0.0,not_used,disabled_or_not_needed,[],,,4,dataset,heuristica_3
1606.05250v3.pdf,body,https://worksheets.codalab.org/worksheets/0xd53d03a48ef64b329c16b9baf0f99b0c/.Figure,https://worksheets.codalab.org/worksheets/0xd53d03a48ef64b329c16b9baf0f99b0c,worksheets.codalab.org,,False,0,no_relevant_dataset_download_link_found_in_page,,[],[],"{""matched"": false, ""score"": 0, ""text_context"": {""matched"": false, ""score"": 0, ""signals"": [], ""matched_terms"": [], ""local_context_samples"": []}, ""json_context"": {""matched"": false, ""score"": 0, ""signals"": []}, ""ai_context"": {""used"": false, ""matched"": false, ""label"": """", ""score"": 0.0, ""reason"": ""disabled""}}",False,False,0,no_http_metadata_dataset_signal,text/html,"inline; filename=""index.html""",https://worksheets.codalab.org/worksheets/0xd53d03a48ef64b329c16b9baf0f99b0c,,has_content_length,False,0,dataset_json_does_not_confirm_current_url,pdfs\1606.05250v3.dataset.json,0,[],24,,"[""ImageNet"", ""MCTest"", ""Penn Treebank"", ""SQuAD's devel- opment and test sets"", ""SQuAD's devel-\\nopment and test sets"", ""Stan- ford Question Answering Dataset"", ""Stan-\\nford Question Answering Dataset"", ""Stanford CoreNLP"", ""Stanford Question An- swering Dataset"", ""Stanford Question An-\\nswering Dataset"", ""Stanford Question Answer- ing Dataset (SQuAD"", ""Stanford Question Answer-\\ning Dataset (SQuAD"", ""WikiQA \\ndataset"", ""WikiQA dataset"", ""develop- ment"", ""develop- ment set"", ""develop-\\nment"", ""develop-\\nment set"", ""edit distance"", ""metrics""]",,False,False,0.0,not_used,disabled_or_not_needed,[],,,0,not_dataset,no_heuristic_matched
1702.05373v2.pdf,target,http://www.nist.gov/srd/upload/nistsd19.pdf,http://nist.gov/srd/upload/nistsd19.pdf,nist.gov,.pdf,False,0,no_relevant_dataset_download_link_found_in_page,.pdf,[],[],"{""matched"": false, ""score"": 0, ""text_context"": {""matched"": false, ""score"": 0, ""signals"": [], ""matched_terms"": [], ""local_context_samples"": []}, ""json_context"": {""matched"": false, ""score"": 0, ""signals"": []}, ""ai_context"": {""used"": false, ""matched"": false, ""label"": """", ""score"": 0.0, ""reason"": ""disabled""}}",False,False,0,no_http_metadata_dataset_signal,application/pdf,,https://www.nist.gov/system/files/documents/srd/nistsd19.pdf,.pdf,has_content_length,False,0,dataset_json_does_not_confirm_current_url,pdfs\1702.05373v2.dataset.json,0,[],46,,"[""By Class \\ndataset"", ""By Class \\ndatasets"", ""By Merge \\ndataset"", ""By Merge hierarchies"", ""EMNIST Balanced dataset"", ""EMNIST By Class"", ""EMNIST By Class dataset"", ""EMNIST By Class datasets"", ""EMNIST By Merge"", ""EMNIST By Merge dataset"", ""EMNIST By Merge datasets"", ""EMNIST Digits"", ""EMNIST Digits \\ndataset"", ""EMNIST Digits dataset"", ""EMNIST Letter Dataset"", ""EMNIST Letters \\ndataset"", ""EMNIST Letters dataset"", ""EMNIST MNIST"", ""EMNIST MNIST dataset"", ""EMNIST MNIST datasets""]",,False,False,0.0,not_used,disabled_or_not_needed,[],,,0,not_dataset,no_heuristic_matched
1702.05373v2.pdf,target,http://portal.acm.org/citation.cfm?doid=1141277.1141468,http://portal.acm.org/citation.cfm?doid=1141277.1141468,portal.acm.org,.cfm,False,0,no_relevant_dataset_download_link_found_in_page,.cfm,[],[],"{""matched"": true, ""score"": 4, ""text_context"": {""matched"": true, ""score"": 4, ""signals"": [""page_has_dataset_terms"", ""page_has_download_terms""], ""matched_terms"": [""access"", ""available"", ""database"", ""download"", ""downloadable"", ""downloads"", ""features""], ""local_context_samples"": []}, ""json_context"": {""matched"": false, ""score"": 0, ""signals"": []}, ""ai_context"": {""used"": false, ""matched"": false, ""label"": """", ""score"": 0.0, ""reason"": ""disabled""}}",False,False,0,no_http_metadata_dataset_signal,text/html,,https://dl.acm.org/doi/10.1145/1141277.1141468,.1141468,,False,0,dataset_json_does_not_confirm_current_url,pdfs\1702.05373v2.dataset.json,0,[],46,,"[""By Class \\ndataset"", ""By Class \\ndatasets"", ""By Merge \\ndataset"", ""By Merge hierarchies"", ""EMNIST Balanced dataset"", ""EMNIST By Class"", ""EMNIST By Class dataset"", ""EMNIST By Class datasets"", ""EMNIST By Merge"", ""EMNIST By Merge dataset"", ""EMNIST By Merge datasets"", ""EMNIST Digits"", ""EMNIST Digits \\ndataset"", ""EMNIST Digits dataset"", ""EMNIST Letter Dataset"", ""EMNIST Letters \\ndataset"", ""EMNIST Letters dataset"", ""EMNIST MNIST"", ""EMNIST MNIST dataset"", ""EMNIST MNIST datasets""]",,False,False,0.0,not_used,disabled_or_not_needed,[],,,0,not_dataset,no_heuristic_matched
1702.05373v2.pdf,body,https://www.westernsydney.edu.au/bens/home/reproducible,https://westernsydney.edu.au/bens/home/reproducible,westernsydney.edu.au,,False,0,no_relevant_dataset_download_link_found_in_page,,[],[],"{""matched"": false, ""score"": 1, ""text_context"": {""matched"": false, ""score"": 1, ""signals"": [""page_has_download_terms""], ""matched_terms"": [""available""], ""local_context_samples"": []}, ""json_context"": {""matched"": false, ""score"": 0, ""signals"": []}, ""ai_context"": {""used"": false, ""matched"": false, ""label"": """", ""score"": 0.0, ""reason"": ""disabled""}}",False,False,0,no_http_metadata_dataset_signal,text/html,,https://www.westernsydney.edu.au/bens/home/reproducible,,has_content_length,False,0,dataset_json_does_not_confirm_current_url,pdfs\1702.05373v2.dataset.json,0,[],46,,"[""By Class \\ndataset"", ""By Class \\ndatasets"", ""By Merge \\ndataset"", ""By Merge hierarchies"", ""EMNIST Balanced dataset"", ""EMNIST By Class"", ""EMNIST By Class dataset"", ""EMNIST By Class datasets"", ""EMNIST By Merge"", ""EMNIST By Merge dataset"", ""EMNIST By Merge datasets"", ""EMNIST Digits"", ""EMNIST Digits \\ndataset"", ""EMNIST Digits dataset"", ""EMNIST Letter Dataset"", ""EMNIST Letters \\ndataset"", ""EMNIST Letters dataset"", ""EMNIST MNIST"", ""EMNIST MNIST dataset"", ""EMNIST MNIST datasets""]",,False,False,0.0,not_used,disabled_or_not_needed,[],,,0,not_dataset,no_heuristic_matched
1702.05747v2.pdf,target,http://dx.doi.org/10.1109/TMI.2015.2476509,https://doi.org/10.1109/TMI.2015.2476509,doi.org,.2476509,False,0,no_relevant_dataset_download_link_found_in_page,.2476509,[],[],"{""matched"": false, ""score"": 1, ""text_context"": {""matched"": false, ""score"": 1, ""signals"": [""page_has_download_terms""], ""matched_terms"": [""access""], ""local_context_samples"": []}, ""json_context"": {""matched"": false, ""score"": 0, ""signals"": []}, ""ai_context"": {""used"": false, ""matched"": false, ""label"": """", ""score"": 0.0, ""reason"": ""disabled""}}",False,False,0,no_http_metadata_dataset_signal,text/html,,https://ieeexplore.ieee.org/document/7243333/,,,False,0,dataset_json_does_not_confirm_current_url,pdfs\1702.05747v2.dataset.json,0,[],16,,"[""Conference \\nproceedings"", ""Conference proceedings"", ""IEEE Transaction on Medical Imaging"", ""IEEE Transaction on \\nMedical Imaging"", ""ImageNet"", ""ImageNet bench- mark"", ""ImageNet bench-\\nmark"", ""Long Short Term Memory"", ""PubMed"", ""U-Net layout"", ""conference proceedings"", ""edge information"", ""features"", ""papers"", ""pulmonary nodules"", ""references""]",,False,False,0.0,not_used,disabled_or_not_needed,[],,,0,not_dataset,no_heuristic_matched
1702.05747v2.pdf,body,https://github.com/Lasagne/Lasagne,https://github.com/Lasagne/Lasagne,github.com,,False,0,no_relevant_dataset_download_link_found_in_page,,[],[],"{""matched"": false, ""score"": 3, ""text_context"": {""matched"": false, ""score"": 3, ""signals"": [""page_has_dataset_terms"", ""page_has_download_terms""], ""matched_terms"": [""available"", ""features"", ""training data""], ""local_context_samples"": []}, ""json_context"": {""matched"": false, ""score"": 0, ""signals"": []}, ""ai_context"": {""used"": false, ""matched"": false, ""label"": """", ""score"": 0.0, ""reason"": ""disabled""}}",False,False,0,no_http_metadata_dataset_signal,text/html,,https://github.com/Lasagne/Lasagne,,,False,0,dataset_json_does_not_confirm_current_url,pdfs\1702.05747v2.dataset.json,0,[],16,,"[""Conference \\nproceedings"", ""Conference proceedings"", ""IEEE Transaction on Medical Imaging"", ""IEEE Transaction on \\nMedical Imaging"", ""ImageNet"", ""ImageNet bench- mark"", ""ImageNet bench-\\nmark"", ""Long Short Term Memory"", ""PubMed"", ""U-Net layout"", ""conference proceedings"", ""edge information"", ""features"", ""papers"", ""pulmonary nodules"", ""references""]",,False,False,0.0,not_used,disabled_or_not_needed,[],,,0,not_dataset,no_heuristic_matched
1702.05747v2.pdf,body,www.grand-challenge.org.BrainDNNs,https://grand-challenge.org,grand-challenge.org,,False,0,no_relevant_dataset_download_link_found_in_page,,[],[],"{""matched"": true, ""score"": 5, ""text_context"": {""matched"": true, ""score"": 5, ""signals"": [""page_has_dataset_terms"", ""page_has_download_terms""], ""matched_terms"": [""access"", ""annotation"", ""annotations"", ""available"", ""benchmark"", ""data set"", ""data sets"", ""dataset"", ""features"", ""training data"", ""validation data""], ""local_context_samples"": []}, ""json_context"": {""matched"": false, ""score"": 0, ""signals"": []}, ""ai_context"": {""used"": false, ""matched"": false, ""label"": """", ""score"": 0.0, ""reason"": ""disabled""}}",False,False,0,no_http_metadata_dataset_signal,text/html,,https://grand-challenge.org/,,,False,0,dataset_json_does_not_confirm_current_url,pdfs\1702.05747v2.dataset.json,0,[],16,,"[""Conference \\nproceedings"", ""Conference proceedings"", ""IEEE Transaction on Medical Imaging"", ""IEEE Transaction on \\nMedical Imaging"", ""ImageNet"", ""ImageNet bench- mark"", ""ImageNet bench-\\nmark"", ""Long Short Term Memory"", ""PubMed"", ""U-Net layout"", ""conference proceedings"", ""edge information"", ""features"", ""papers"", ""pulmonary nodules"", ""references""]",,False,False,0.0,not_used,disabled_or_not_needed,[],,,0,not_dataset,no_heuristic_matched
1706.03762v7.pdf,body,https://github.com/tensorflow/tensor2tensor.Input-Input,https://github.com/tensorflow/tensor2tensor,github.com,,False,0,no_relevant_dataset_download_link_found_in_page,,[],[],"{""matched"": true, ""score"": 5, ""text_context"": {""matched"": true, ""score"": 5, ""signals"": [""page_has_dataset_terms"", ""page_has_download_terms""], ""matched_terms"": [""access"", ""available"", ""corpus"", ""dataset"", ""datasets"", ""download"", ""downloads"", ""features"", ""test data""], ""local_context_samples"": []}, ""json_context"": {""matched"": false, ""score"": 0, ""signals"": []}, ""ai_context"": {""used"": false, ""matched"": false, ""label"": """", ""score"": 0.0, ""reason"": ""disabled""}}",False,False,0,no_http_metadata_dataset_signal,text/html,,https://github.com/tensorflow/tensor2tensor,,,False,0,dataset_json_does_not_confirm_current_url,pdfs\1706.03762v7.dataset.json,0,[],9,,"[""English-to-French translation"", ""English-to-German"", ""Penn Treebank"", ""Section 22 development set"", ""WMT 2014 English-French dataset"", ""WMT 2014 English-German dataset"", ""WMT \\n2014 English-French dataset"", ""WSJ training set"", ""models""]",,False,False,0.0,not_used,disabled_or_not_needed,[],,,0,not_dataset,no_heuristic_matched
1706.08612v2.pdf,body,http://www.robots.ox.ac.uk/,http://robots.ox.ac.uk/,robots.ox.ac.uk,,False,0,no_relevant_dataset_download_link_found_in_page,,[],[],"{""matched"": false, ""score"": 1, ""text_context"": {""matched"": false, ""score"": 1, ""signals"": [""page_has_download_terms""], ""matched_terms"": [""access""], ""local_context_samples"": []}, ""json_context"": {""matched"": false, ""score"": 0, ""signals"": []}, ""ai_context"": {""used"": false, ""matched"": false, ""label"": """", ""score"": 0.0, ""reason"": ""disabled""}}",False,False,0,no_http_metadata_dataset_signal,text/html,,http://robots.ox.ac.uk/,,has_content_length,False,0,dataset_json_does_not_confirm_current_url,pdfs\1706.08612v2.dataset.json,0,[],17,,"[""CTIMIT"", ""Facial \\nlandmark positions"", ""Facial landmark positions"", ""Freebase knowledge graph"", ""ICSI Meeting Corpus Meetings"", ""ImageNet"", ""Internet Movie Data Base (IMDB"", ""MIT Mobile Mobile Devices"", ""MatConvNet"", ""NIST \\nSRE12"", ""NTIMIT"", ""Speakers in the Wild (SITW) dataset"", ""VoxCeleb"", ""VoxCeleb dataset"", ""metrics"", ""shot boundaries"", ""voxceleb""]",,False,False,0.0,not_used,disabled_or_not_needed,[],,,0,not_dataset,no_heuristic_matched
1707.02919v2.pdf,target,https://doi.org/10.3115/1119176.1119199,https://doi.org/10.3115/1119176.1119199,doi.org,.1119199,False,0,no_relevant_dataset_download_link_found_in_page,.1119199,[],[],"{""matched"": false, ""score"": 0, ""text_context"": {""matched"": false, ""score"": 0, ""signals"": [], ""matched_terms"": [], ""local_context_samples"": []}, ""json_context"": {""matched"": false, ""score"": 0, ""signals"": []}, ""ai_context"": {""used"": false, ""matched"": false, ""label"": """", ""score"": 0.0, ""reason"": ""disabled""}}",False,False,0,no_http_metadata_dataset_signal,text/html,,https://dl.acm.org/doi/10.3115/1119176.1119199,.1119199,,False,0,dataset_json_does_not_confirm_current_url,pdfs\1707.02919v2.dataset.json,0,[],7,,"[""BOW toolkit"", ""GeneRIF data- base"", ""GeneRIF data-\\nbase"", ""Pharmacogenomics Knowledge Base"", ""Pharmacogenomics Knowledge \\nBase"", ""PubMed \\nabstracts"", ""PubMed abstracts""]",,False,False,0.0,not_used,disabled_or_not_needed,[],,,0,not_dataset,no_heuristic_matched
1707.02919v2.pdf,target,https://www.emc.com/collateral/analyst-reports/idc-the-digital-universe-in-2020.pdf,https://emc.com/collateral/analyst-reports/idc-the-digital-universe-in-2020.pdf,emc.com,.pdf,False,0,page_download_error,.pdf,[],[],{},,False,0,http_error,,,,,,False,0,dataset_json_does_not_confirm_current_url,pdfs\1707.02919v2.dataset.json,0,[],7,,"[""BOW toolkit"", ""GeneRIF data- base"", ""GeneRIF data-\\nbase"", ""Pharmacogenomics Knowledge Base"", ""Pharmacogenomics Knowledge \\nBase"", ""PubMed \\nabstracts"", ""PubMed abstracts""]",,False,False,0.0,not_used,disabled_or_not_needed,[],,,0,not_dataset,no_heuristic_matched
1707.02919v2.pdf,body,http://www.lemurproject.org/The,http://lemurproject.org/The,lemurproject.org,,False,0,no_relevant_dataset_download_link_found_in_page,,[],[],"{""matched"": false, ""score"": 1, ""text_context"": {""matched"": false, ""score"": 1, ""signals"": [""page_has_download_terms""], ""matched_terms"": [""access""], ""local_context_samples"": []}, ""json_context"": {""matched"": false, ""score"": 0, ""signals"": []}, ""ai_context"": {""used"": false, ""matched"": false, ""label"": """", ""score"": 0.0, ""reason"": ""disabled""}}",False,False,0,no_http_metadata_dataset_signal,text/html,,http://lemurproject.org/The,,,False,0,dataset_json_does_not_confirm_current_url,pdfs\1707.02919v2.dataset.json,0,[],7,,"[""BOW toolkit"", ""GeneRIF data- base"", ""GeneRIF data-\\nbase"", ""Pharmacogenomics Knowledge Base"", ""Pharmacogenomics Knowledge \\nBase"", ""PubMed \\nabstracts"", ""PubMed abstracts""]",,False,False,0.0,not_used,disabled_or_not_needed,[],,,0,not_dataset,no_heuristic_matched
1707.02919v2.pdf,body,http://www.crisp-dm.org/http://en.wikipedia.org/wiki/Statistics,http://crisp-dm.org/http:/en.wikipedia.org/wiki/Statistics,crisp-dm.org,,False,0,page_download_error,,[],[],{},,False,0,http_error,,,,,,False,0,dataset_json_does_not_confirm_current_url,pdfs\1707.02919v2.dataset.json,0,[],7,,"[""BOW toolkit"", ""GeneRIF data- base"", ""GeneRIF data-\\nbase"", ""Pharmacogenomics Knowledge Base"", ""Pharmacogenomics Knowledge \\nBase"", ""PubMed \\nabstracts"", ""PubMed abstracts""]",,False,False,0.0,not_used,disabled_or_not_needed,[],,,0,not_dataset,no_heuristic_matched
1707.02919v2.pdf,body,http://www.cs.waikato.ac.nz/ml/weka/http://www.w3.org/TR/webont-req/http://www.obofoundry.org/http://www.bioontology.org/http://bioportal.bioontology.org/https://uts.nlm.nih.gov/home.html,http://cs.waikato.ac.nz/ml/weka/http:/www.w3.org/TR/webont-req/http:/www.obofoundry.org/http:/www.bioontology.org/http:/bioportal.bioontology.org/https:/uts.nlm.nih.gov/home.html,cs.waikato.ac.nz,.html,False,0,no_relevant_dataset_download_link_found_in_page,.html,[],[],"{""matched"": false, ""score"": 0, ""text_context"": {""matched"": false, ""score"": 0, ""signals"": [], ""matched_terms"": [], ""local_context_samples"": []}, ""json_context"": {""matched"": false, ""score"": 0, ""signals"": []}, ""ai_context"": {""used"": false, ""matched"": false, ""label"": """", ""score"": 0.0, ""reason"": ""disabled""}}",False,False,0,no_http_metadata_dataset_signal,text/html,,https://www.cs.waikato.ac.nz/ml/weka/http:/www.w3.org/TR/webont-req/http:/www.obofoundry.org/http:/www.bioontology.org/http:/bioportal.bioontology.org/https:/uts.nlm.nih.gov/home.html,.html,,False,0,dataset_json_does_not_confirm_current_url,pdfs\1707.02919v2.dataset.json,0,[],7,,"[""BOW toolkit"", ""GeneRIF data- base"", ""GeneRIF data-\\nbase"", ""Pharmacogenomics Knowledge Base"", ""Pharmacogenomics Knowledge \\nBase"", ""PubMed \\nabstracts"", ""PubMed abstracts""]",,False,False,0.0,not_used,disabled_or_not_needed,[],,,0,not_dataset,no_heuristic_matched
1707.02919v2.pdf,body,http://www.pharmgkb.org/,http://pharmgkb.org/,pharmgkb.org,,False,0,no_relevant_dataset_download_link_found_in_page,,[],[],"{""matched"": false, ""score"": 0, ""text_context"": {""matched"": false, ""score"": 0, ""signals"": [], ""matched_terms"": [], ""local_context_samples"": []}, ""json_context"": {""matched"": false, ""score"": 0, ""signals"": []}, ""ai_context"": {""used"": false, ""matched"": false, ""label"": """", ""score"": 0.0, ""reason"": ""disabled""}}",False,False,0,no_http_metadata_dataset_signal,text/html,,https://www.clinpgx.org/,,,False,0,dataset_json_does_not_confirm_current_url,pdfs\1707.02919v2.dataset.json,0,[],7,,"[""BOW toolkit"", ""GeneRIF data- base"", ""GeneRIF data-\\nbase"", ""Pharmacogenomics Knowledge Base"", ""Pharmacogenomics Knowledge \\nBase"", ""PubMed \\nabstracts"", ""PubMed abstracts""]",,False,False,0.0,not_used,disabled_or_not_needed,[],,,0,not_dataset,no_heuristic_matched
1707.02919v2.pdf,note,http://www.crisp-dm.org/,http://crisp-dm.org/,crisp-dm.org,,False,0,page_download_error,,[],[],{},,False,0,http_error,,,,,,False,0,dataset_json_does_not_confirm_current_url,pdfs\1707.02919v2.dataset.json,0,[],7,,"[""BOW toolkit"", ""GeneRIF data- base"", ""GeneRIF data-\\nbase"", ""Pharmacogenomics Knowledge Base"", ""Pharmacogenomics Knowledge \\nBase"", ""PubMed \\nabstracts"", ""PubMed abstracts""]",,False,False,0.0,not_used,disabled_or_not_needed,[],,,0,not_dataset,no_heuristic_matched
1707.02919v2.pdf,note,http://en.wikipedia.org/wiki/Statistics,http://en.wikipedia.org/wiki/Statistics,en.wikipedia.org,,False,0,no_relevant_dataset_download_link_found_in_page,,[],[],"{""matched"": true, ""score"": 5, ""text_context"": {""matched"": true, ""score"": 5, ""signals"": [""page_has_dataset_terms"", ""page_has_download_terms""], ""matched_terms"": [""available"", ""data set"", ""data sets"", ""database"", ""dataset"", ""download"", ""features"", ""samples""], ""local_context_samples"": []}, ""json_context"": {""matched"": false, ""score"": 0, ""signals"": []}, ""ai_context"": {""used"": false, ""matched"": false, ""label"": """", ""score"": 0.0, ""reason"": ""disabled""}}",False,False,0,no_http_metadata_dataset_signal,text/html,,https://en.wikipedia.org/wiki/Statistics,,has_content_length,False,0,dataset_json_does_not_confirm_current_url,pdfs\1707.02919v2.dataset.json,0,[],7,,"[""BOW toolkit"", ""GeneRIF data- base"", ""GeneRIF data-\\nbase"", ""Pharmacogenomics Knowledge Base"", ""Pharmacogenomics Knowledge \\nBase"", ""PubMed \\nabstracts"", ""PubMed abstracts""]",,False,False,0.0,not_used,disabled_or_not_needed,[],,,0,not_dataset,no_heuristic_matched
1707.02919v2.pdf,note,http://www.obofoundry.org/,http://obofoundry.org/,obofoundry.org,,False,0,no_relevant_dataset_download_link_found_in_page,,[],[],"{""matched"": true, ""score"": 5, ""text_context"": {""matched"": true, ""score"": 5, ""signals"": [""page_has_dataset_terms"", ""page_has_download_terms""], ""matched_terms"": [""access"", ""annotation"", ""annotations"", ""available"", ""database"", ""download"", ""features"", ""records"", ""samples""], ""local_context_samples"": []}, ""json_context"": {""matched"": false, ""score"": 0, ""signals"": []}, ""ai_context"": {""used"": false, ""matched"": false, ""label"": """", ""score"": 0.0, ""reason"": ""disabled""}}",False,False,0,no_http_metadata_dataset_signal,text/html,,http://obofoundry.org/,,has_content_length,False,0,dataset_json_does_not_confirm_current_url,pdfs\1707.02919v2.dataset.json,0,[],7,,"[""BOW toolkit"", ""GeneRIF data- base"", ""GeneRIF data-\\nbase"", ""Pharmacogenomics Knowledge Base"", ""Pharmacogenomics Knowledge \\nBase"", ""PubMed \\nabstracts"", ""PubMed abstracts""]",,False,False,0.0,not_used,disabled_or_not_needed,[],,,0,not_dataset,no_heuristic_matched
1707.02919v2.pdf,note,http://www.bioontology.org/,http://bioontology.org/,bioontology.org,,False,0,no_relevant_dataset_download_link_found_in_page,,[],[],"{""matched"": true, ""score"": 5, ""text_context"": {""matched"": true, ""score"": 5, ""signals"": [""page_has_dataset_terms"", ""page_has_download_terms""], ""matched_terms"": [""access"", ""annotation"", ""dataset"", ""datasets"", ""download""], ""local_context_samples"": []}, ""json_context"": {""matched"": false, ""score"": 0, ""signals"": []}, ""ai_context"": {""used"": false, ""matched"": false, ""label"": """", ""score"": 0.0, ""reason"": ""disabled""}}",False,False,0,no_http_metadata_dataset_signal,text/html,,https://www.bioontology.org/,,,False,0,dataset_json_does_not_confirm_current_url,pdfs\1707.02919v2.dataset.json,0,[],7,,"[""BOW toolkit"", ""GeneRIF data- base"", ""GeneRIF data-\\nbase"", ""Pharmacogenomics Knowledge Base"", ""Pharmacogenomics Knowledge \\nBase"", ""PubMed \\nabstracts"", ""PubMed abstracts""]",,False,False,0.0,not_used,disabled_or_not_needed,[],,,0,not_dataset,no_heuristic_matched
1707.02919v2.pdf,note,http://bioportal.bioontology.org/,http://bioportal.bioontology.org/,bioportal.bioontology.org,,False,0,no_relevant_dataset_download_link_found_in_page,,[],[],"{""matched"": false, ""score"": 0, ""text_context"": {""matched"": false, ""score"": 0, ""signals"": [], ""matched_terms"": [], ""local_context_samples"": []}, ""json_context"": {""matched"": false, ""score"": 0, ""signals"": []}, ""ai_context"": {""used"": false, ""matched"": false, ""label"": """", ""score"": 0.0, ""reason"": ""disabled""}}",False,False,0,no_http_metadata_dataset_signal,text/html,,https://bioportal.bioontology.org/,,,False,0,dataset_json_does_not_confirm_current_url,pdfs\1707.02919v2.dataset.json,0,[],7,,"[""BOW toolkit"", ""GeneRIF data- base"", ""GeneRIF data-\\nbase"", ""Pharmacogenomics Knowledge Base"", ""Pharmacogenomics Knowledge \\nBase"", ""PubMed \\nabstracts"", ""PubMed abstracts""]",,False,False,0.0,not_used,disabled_or_not_needed,[],,,0,not_dataset,no_heuristic_matched
1707.02919v2.pdf,note,https://uts.nlm.nih.gov/home.html,https://uts.nlm.nih.gov/home.html,uts.nlm.nih.gov,.html,False,0,no_relevant_dataset_download_link_found_in_page,.html,[],[],"{""matched"": false, ""score"": 0, ""text_context"": {""matched"": false, ""score"": 0, ""signals"": [], ""matched_terms"": [], ""local_context_samples"": []}, ""json_context"": {""matched"": false, ""score"": 0, ""signals"": []}, ""ai_context"": {""used"": false, ""matched"": false, ""label"": """", ""score"": 0.0, ""reason"": ""disabled""}}",False,False,0,no_http_metadata_dataset_signal,text/html,,https://uts.nlm.nih.gov/home.html,.html,,False,0,dataset_json_does_not_confirm_current_url,pdfs\1707.02919v2.dataset.json,0,[],7,,"[""BOW toolkit"", ""GeneRIF data- base"", ""GeneRIF data-\\nbase"", ""Pharmacogenomics Knowledge Base"", ""Pharmacogenomics Knowledge \\nBase"", ""PubMed \\nabstracts"", ""PubMed abstracts""]",,False,False,0.0,not_used,disabled_or_not_needed,[],,,0,not_dataset,no_heuristic_matched
1708.05031v2.pdf,idno_doi,10.1145/3038912.3052569,https://doi.org/10.1145/3038912.3052569,doi.org,.3052569,False,0,no_relevant_dataset_download_link_found_in_page,.3052569,[],[],"{""matched"": false, ""score"": 0, ""text_context"": {""matched"": false, ""score"": 0, ""signals"": [], ""matched_terms"": [], ""local_context_samples"": []}, ""json_context"": {""matched"": false, ""score"": 0, ""signals"": []}, ""ai_context"": {""used"": false, ""matched"": false, ""label"": """", ""score"": 0.0, ""reason"": ""disabled""}}",False,False,0,no_http_metadata_dataset_signal,text/html,,https://dl.acm.org/doi/10.1145/3038912.3052569,.3052569,,False,0,dataset_json_does_not_confirm_current_url,pdfs\1708.05031v2.dataset.json,0,[],7,,"[""MovieLens 4"", ""MovieLens data"", ""Pinterest 5"", ""average score"", ""metrics"", ""perfor- mance"", ""perfor-\\nmance""]",,False,False,0.0,not_used,disabled_or_not_needed,[],,,0,not_dataset,no_heuristic_matched
1708.05031v2.pdf,body,http://alex.smola.org/teaching/berkeley2012/slides/8_Recommender.pdf,http://alex.smola.org/teaching/berkeley2012/slides/8_Recommender.pdf,alex.smola.org,.pdf,False,0,no_relevant_dataset_download_link_found_in_page,.pdf,[],[],"{""matched"": false, ""score"": 0, ""text_context"": {""matched"": false, ""score"": 0, ""signals"": [], ""matched_terms"": [], ""local_context_samples"": []}, ""json_context"": {""matched"": false, ""score"": 0, ""signals"": []}, ""ai_context"": {""used"": false, ""matched"": false, ""label"": """", ""score"": 0.0, ""reason"": ""disabled""}}",False,False,0,no_http_metadata_dataset_signal,application/pdf,,http://alex.smola.org/teaching/berkeley2012/slides/8_Recommender.pdf,.pdf,has_content_length,False,0,dataset_json_does_not_confirm_current_url,pdfs\1708.05031v2.dataset.json,0,[],7,,"[""MovieLens 4"", ""MovieLens data"", ""Pinterest 5"", ""average score"", ""metrics"", ""perfor- mance"", ""perfor-\\nmance""]",,False,False,0.0,not_used,disabled_or_not_needed,[],,,0,not_dataset,no_heuristic_matched
1708.05031v2.pdf,body,http://grouplens.org/datasets/movielens/1m/https://sites.google.com/site/xueatalphabeta/academic-projects,http://grouplens.org/datasets/movielens/1m/https:/sites.google.com/site/xueatalphabeta/academic-projects,grouplens.org,,False,0,no_relevant_dataset_download_link_found_in_page,,[],[],"{""matched"": false, ""score"": 2, ""text_context"": {""matched"": false, ""score"": 2, ""signals"": [""page_has_dataset_terms""], ""matched_terms"": [""dataset"", ""datasets""], ""local_context_samples"": []}, ""json_context"": {""matched"": false, ""score"": 0, ""signals"": []}, ""ai_context"": {""used"": false, ""matched"": false, ""label"": """", ""score"": 0.0, ""reason"": ""disabled""}}",False,False,0,no_http_metadata_dataset_signal,text/html,,http://grouplens.org/datasets/movielens/1m/https:/sites.google.com/site/xueatalphabeta/academic-projects,,,True,4,dataset_json_confirms_current_url,pdfs\1708.05031v2.dataset.json,0,[],7,MovieLens 4,"[""MovieLens 4"", ""MovieLens data"", ""Pinterest 5"", ""average score"", ""metrics"", ""perfor- mance"", ""perfor-\\nmance""]",dataset_name_from_json_appears_in_input_url,False,False,0.0,not_used,disabled_or_not_needed,[],,,4,dataset,heuristica_3
1708.05031v2.pdf,body,https://github.com/hexiangnan/neural_collaborative_filtering,https://github.com/hexiangnan/neural_collaborative_filtering,github.com,,False,0,no_relevant_dataset_download_link_found_in_page,,[],[],"{""matched"": true, ""score"": 4, ""text_context"": {""matched"": true, ""score"": 4, ""signals"": [""page_has_dataset_terms"", ""page_has_download_terms""], ""matched_terms"": [""available"", ""dataset"", ""datasets"", ""features"", ""instances"", ""samples""], ""local_context_samples"": []}, ""json_context"": {""matched"": false, ""score"": 0, ""signals"": []}, ""ai_context"": {""used"": false, ""matched"": false, ""label"": """", ""score"": 0.0, ""reason"": ""disabled""}}",False,False,0,no_http_metadata_dataset_signal,text/html,,https://github.com/hexiangnan/neural_collaborative_filtering,,,False,0,dataset_json_does_not_confirm_current_url,pdfs\1708.05031v2.dataset.json,0,[],7,,"[""MovieLens 4"", ""MovieLens data"", ""Pinterest 5"", ""average score"", ""metrics"", ""perfor- mance"", ""perfor-\\nmance""]",,False,False,0.0,not_used,disabled_or_not_needed,[],,,0,not_dataset,no_heuristic_matched
1708.05031v2.pdf,note,https://sites.google.com/site/xueatalphabeta/academic-projects,https://sites.google.com/site/xueatalphabeta/academic-projects,sites.google.com,,False,0,no_relevant_dataset_download_link_found_in_page,,[],[],"{""matched"": false, ""score"": 2, ""text_context"": {""matched"": false, ""score"": 2, ""signals"": [""page_has_dataset_terms""], ""matched_terms"": [""dataset"", ""features""], ""local_context_samples"": []}, ""json_context"": {""matched"": false, ""score"": 0, ""signals"": []}, ""ai_context"": {""used"": false, ""matched"": false, ""label"": """", ""score"": 0.0, ""reason"": ""disabled""}}",False,False,0,no_http_metadata_dataset_signal,text/html,,https://sites.google.com/site/xueatalphabeta/academic-projects,,has_content_length,False,0,dataset_json_does_not_confirm_current_url,pdfs\1708.05031v2.dataset.json,0,[],7,,"[""MovieLens 4"", ""MovieLens data"", ""Pinterest 5"", ""average score"", ""metrics"", ""perfor- mance"", ""perfor-\\nmance""]",,False,False,0.0,not_used,disabled_or_not_needed,[],,,0,not_dataset,no_heuristic_matched
1710.10903v3.pdf,target,https://www.tensorflow.org/.Softwareavail-ablefromtensorflow.org,https://tensorflow.org,tensorflow.org,,False,0,no_relevant_dataset_download_link_found_in_page,,[],[],"{""matched"": false, ""score"": 3, ""text_context"": {""matched"": false, ""score"": 3, ""signals"": [""page_has_dataset_terms""], ""matched_terms"": [""dataset"", ""datasets"", ""samples""], ""local_context_samples"": []}, ""json_context"": {""matched"": false, ""score"": 0, ""signals"": []}, ""ai_context"": {""used"": false, ""matched"": false, ""label"": """", ""score"": 0.0, ""reason"": ""disabled""}}",False,False,0,no_http_metadata_dataset_signal,text/html,,https://www.tensorflow.org/,,has_content_length,False,0,dataset_json_does_not_confirm_current_url,pdfs\1710.10903v3.dataset.json,0,[],6,,"[""Citeseer"", ""Molecular Signatures Database"", ""Molecular Signatures \\nDatabase"", ""Pubmed"", ""Pubmed citation network datasets"", ""Pubmed citation networks""]",,False,False,0.0,not_used,disabled_or_not_needed,[],,,0,not_dataset,no_heuristic_matched
1710.10903v3.pdf,target,http://arxiv.org/abs/1611.02344,https://arxiv.org/abs/1611.02344,arxiv.org,.02344,False,0,no_relevant_dataset_download_link_found_in_page,.02344,[],[],"{""matched"": false, ""score"": 2, ""text_context"": {""matched"": false, ""score"": 2, ""signals"": [""page_has_dataset_terms"", ""page_has_download_terms""], ""matched_terms"": [""access"", ""features""], ""local_context_samples"": []}, ""json_context"": {""matched"": false, ""score"": 0, ""signals"": []}, ""ai_context"": {""used"": false, ""matched"": false, ""label"": """", ""score"": 0.0, ""reason"": ""disabled""}}",False,False,0,no_http_metadata_dataset_signal,text/html,,https://arxiv.org/abs/1611.02344,.02344,has_content_length,False,0,dataset_json_does_not_confirm_current_url,pdfs\1710.10903v3.dataset.json,0,[],6,,"[""Citeseer"", ""Molecular Signatures Database"", ""Molecular Signatures \\nDatabase"", ""Pubmed"", ""Pubmed citation network datasets"", ""Pubmed citation networks""]",,False,False,0.0,not_used,disabled_or_not_needed,[],,,0,not_dataset,no_heuristic_matched
1710.10903v3.pdf,target,http://papers.nips.cc/paper/6863-vain-attentional-multi-agent-predictive-modeling.pdf,http://papers.nips.cc/paper/6863-vain-attentional-multi-agent-predictive-modeling.pdf,papers.nips.cc,.pdf,False,0,no_relevant_dataset_download_link_found_in_page,.pdf,[],[],"{""matched"": false, ""score"": 0, ""text_context"": {""matched"": false, ""score"": 0, ""signals"": [], ""matched_terms"": [], ""local_context_samples"": []}, ""json_context"": {""matched"": false, ""score"": 0, ""signals"": []}, ""ai_context"": {""used"": false, ""matched"": false, ""label"": """", ""score"": 0.0, ""reason"": ""disabled""}}",False,False,0,no_http_metadata_dataset_signal,application/pdf,inline; filename=nips-2017-vain-attentional-multi-agent-predictive-modeling-paper.pdf,https://proceedings.neurips.cc/paper_files/paper/2017/file/748ba69d3e8d1af87f84fee909eef339-Paper.pdf,.pdf,has_content_length,False,0,dataset_json_does_not_confirm_current_url,pdfs\1710.10903v3.dataset.json,0,[],6,,"[""Citeseer"", ""Molecular Signatures Database"", ""Molecular Signatures \\nDatabase"", ""Pubmed"", ""Pubmed citation network datasets"", ""Pubmed citation networks""]",,False,False,0.0,not_used,disabled_or_not_needed,[],,,0,not_dataset,no_heuristic_matched
1710.10903v3.pdf,target,http://arxiv.org/abs/1410.3916,https://arxiv.org/abs/1410.3916,arxiv.org,.3916,False,0,no_relevant_dataset_download_link_found_in_page,.3916,[],[],"{""matched"": false, ""score"": 2, ""text_context"": {""matched"": false, ""score"": 2, ""signals"": [""page_has_dataset_terms"", ""page_has_download_terms""], ""matched_terms"": [""access"", ""features""], ""local_context_samples"": []}, ""json_context"": {""matched"": false, ""score"": 0, ""signals"": []}, ""ai_context"": {""used"": false, ""matched"": false, ""label"": """", ""score"": 0.0, ""reason"": ""disabled""}}",False,False,0,no_http_metadata_dataset_signal,text/html,,https://arxiv.org/abs/1410.3916,.3916,has_content_length,False,0,dataset_json_does_not_confirm_current_url,pdfs\1710.10903v3.dataset.json,0,[],6,,"[""Citeseer"", ""Molecular Signatures Database"", ""Molecular Signatures \\nDatabase"", ""Pubmed"", ""Pubmed citation network datasets"", ""Pubmed citation networks""]",,False,False,0.0,not_used,disabled_or_not_needed,[],,,0,not_dataset,no_heuristic_matched
1710.10903v3.pdf,idno_doi,10.1109/72.572108,https://doi.org/10.1109/72.572108,doi.org,.572108,False,0,no_relevant_dataset_download_link_found_in_page,.572108,[],[],"{""matched"": false, ""score"": 1, ""text_context"": {""matched"": false, ""score"": 1, ""signals"": [""page_has_download_terms""], ""matched_terms"": [""access""], ""local_context_samples"": []}, ""json_context"": {""matched"": false, ""score"": 0, ""signals"": []}, ""ai_context"": {""used"": false, ""matched"": false, ""label"": """", ""score"": 0.0, ""reason"": ""disabled""}}",False,False,0,no_http_metadata_dataset_signal,text/html,,https://ieeexplore.ieee.org/document/572108/,,,False,0,dataset_json_does_not_confirm_current_url,pdfs\1710.10903v3.dataset.json,0,[],6,,"[""Citeseer"", ""Molecular Signatures Database"", ""Molecular Signatures \\nDatabase"", ""Pubmed"", ""Pubmed citation network datasets"", ""Pubmed citation networks""]",,False,False,0.0,not_used,disabled_or_not_needed,[],,,0,not_dataset,no_heuristic_matched
1710.10903v3.pdf,body,https://github.com/PetarV-/GAT,https://github.com/PetarV-/GAT,github.com,,False,0,no_relevant_dataset_download_link_found_in_page,,[],[],"{""matched"": true, ""score"": 4, ""text_context"": {""matched"": true, ""score"": 4, ""signals"": [""page_has_dataset_terms"", ""page_has_download_terms""], ""matched_terms"": [""available"", ""benchmark"", ""dataset"", ""features""], ""local_context_samples"": []}, ""json_context"": {""matched"": false, ""score"": 0, ""signals"": []}, ""ai_context"": {""used"": false, ""matched"": false, ""label"": """", ""score"": 0.0, ""reason"": ""disabled""}}",False,False,0,no_http_metadata_dataset_signal,text/html,,https://github.com/PetarV-/GAT,,,False,0,dataset_json_does_not_confirm_current_url,pdfs\1710.10903v3.dataset.json,0,[],6,,"[""Citeseer"", ""Molecular Signatures Database"", ""Molecular Signatures \\nDatabase"", ""Pubmed"", ""Pubmed citation network datasets"", ""Pubmed citation networks""]",,False,False,0.0,not_used,disabled_or_not_needed,[],,,0,not_dataset,no_heuristic_matched
1810.04805v2.pdf,idno_doi,10.18653/v1/S17-2001,https://doi.org/10.18653/v1/S17-2001,doi.org,,False,0,no_relevant_dataset_download_link_found_in_page,,[],[],"{""matched"": false, ""score"": 3, ""text_context"": {""matched"": false, ""score"": 3, ""signals"": [""page_has_dataset_terms"", ""page_has_download_terms""], ""matched_terms"": [""benchmark"", ""corpus"", ""download""], ""local_context_samples"": []}, ""json_context"": {""matched"": false, ""score"": 0, ""signals"": []}, ""ai_context"": {""used"": false, ""matched"": false, ""label"": """", ""score"": 0.0, ""reason"": ""disabled""}}",False,False,0,no_http_metadata_dataset_signal,text/html,,https://aclanthology.org/S17-2001/,,has_content_length,False,0,dataset_json_does_not_confirm_current_url,pdfs\1810.04805v2.dataset.json,0,[],26,,"[""Billion Word Benchmark"", ""Billion \\nWord Benchmark"", ""BooksCor- pus"", ""BooksCor-\\npus"", ""BooksCorpus"", ""English Wikipedia"", ""General Language Understanding Evaluation (GLUE) benchmark"", ""General Language Understanding Evaluation \\n(GLUE) benchmark"", ""LTR system"", ""Linguistic Acceptability"", ""MRPC Microsoft Research Paraphrase Corpus"", ""Situations With Adversarial Generations (SWAG) dataset"", ""Situations With Adversarial Generations \\n(SWAG) dataset"", ""Stanford Question Answering Dataset"", ""Stanford Question Answering \\nDataset"", ""Stanford Sentiment Treebank"", ""Training of BERT BASE"", ""Training of BERT LARGE"", ""TriviaQA"", ""TriviaQA data""]",,False,False,0.0,not_used,disabled_or_not_needed,[],,,0,not_dataset,no_heuristic_matched
1810.04805v2.pdf,body,https://github.com/google-research/bert.Related,https://github.com/google-research/bert,github.com,,False,0,no_relevant_dataset_download_link_found_in_page,,[],"[{""link"": ""https://rajpurkar.github.io/SQuAD-explorer/dataset/dev-v1.1.json"", ""extension"": "".json"", ""score"": 6, ""signals"": [""weak_data_extension_with_dataset_context:.json"", ""dataset_keywords:dataset|dev"", ""external_download_link_not_used_for_label""], ""matched"": true}, {""link"": ""https://rajpurkar.github.io/SQuAD-explorer/dataset/dev-v2.0.json"", ""extension"": "".json"", ""score"": 6, ""signals"": [""weak_data_extension_with_dataset_context:.json"", ""dataset_keywords:dataset|dev"", ""external_download_link_not_used_for_label""], ""matched"": true}, {""link"": ""https://rajpurkar.github.io/SQuAD-explorer/dataset/train-v1.1.json"", ""extension"": "".json"", ""score"": 6, ""signals"": [""weak_data_extension_with_dataset_context:.json"", ""dataset_keywords:dataset|train"", ""external_download_link_not_used_for_label""], ""matched"": true}, {""link"": ""https://rajpurkar.github.io/SQuAD-explorer/dataset/train-v2.0.json"", ""extension"": "".json"", ""score"": 6, ""signals"": [""weak_data_extension_with_dataset_context:.json"", ""dataset_keywords:dataset|train"", ""external_download_link_not_used_for_label""], ""matched"": true}]","{""matched"": true, ""score"": 5, ""text_context"": {""matched"": true, ""score"": 5, ""signals"": [""page_has_dataset_terms"", ""page_has_download_terms""], ""matched_terms"": [""access"", ""annotation"", ""annotations"", ""available"", ""benchmark"", ""corpus"", ""dataset"", ""datasets"", ""download"", ""download the data"", ""features"", ""labels"", ""samples"", ""training data""], ""local_context_samples"": []}, ""json_context"": {""matched"": false, ""score"": 0, ""signals"": []}, ""ai_context"": {""used"": false, ""matched"": false, ""label"": """", ""score"": 0.0, ""reason"": ""disabled""}}",False,False,0,no_http_metadata_dataset_signal,text/html,,https://github.com/google-research/bert,,,True,4,dataset_json_confirms_current_url,pdfs\1810.04805v2.dataset.json,0,[],26,MRPC Microsoft Research Paraphrase Corpus,"[""Billion Word Benchmark"", ""Billion \\nWord Benchmark"", ""BooksCor- pus"", ""BooksCor-\\npus"", ""BooksCorpus"", ""English Wikipedia"", ""General Language Understanding Evaluation (GLUE) benchmark"", ""General Language Understanding Evaluation \\n(GLUE) benchmark"", ""LTR system"", ""Linguistic Acceptability"", ""MRPC Microsoft Research Paraphrase Corpus"", ""Situations With Adversarial Generations (SWAG) dataset"", ""Situations With Adversarial Generations \\n(SWAG) dataset"", ""Stanford Question Answering Dataset"", ""Stanford Question Answering \\nDataset"", ""Stanford Sentiment Treebank"", ""Training of BERT BASE"", ""Training of BERT LARGE"", ""TriviaQA"", ""TriviaQA data""]",dataset_name_from_json_appears_in_input_url,False,False,0.0,not_used,disabled_or_not_needed,[],,,4,dataset,heuristica_3
1810.04805v2.pdf,body,https://gluebenchmark.com/leaderboardWikipedia,https://gluebenchmark.com/leaderboardWikipedia,gluebenchmark.com,,False,0,no_relevant_dataset_download_link_found_in_page,,[],[],"{""matched"": false, ""score"": 1, ""text_context"": {""matched"": false, ""score"": 1, ""signals"": [""page_has_dataset_terms""], ""matched_terms"": [""benchmark""], ""local_context_samples"": []}, ""json_context"": {""matched"": false, ""score"": 0, ""signals"": []}, ""ai_context"": {""used"": false, ""matched"": false, ""label"": """", ""score"": 0.0, ""reason"": ""disabled""}}",False,False,0,no_http_metadata_dataset_signal,text/html,,https://gluebenchmark.com/leaderboardWikipedia,,,True,4,dataset_json_confirms_current_url,pdfs\1810.04805v2.dataset.json,0,[],26,English Wikipedia,"[""Billion Word Benchmark"", ""Billion \\nWord Benchmark"", ""BooksCor- pus"", ""BooksCor-\\npus"", ""BooksCorpus"", ""English Wikipedia"", ""General Language Understanding Evaluation (GLUE) benchmark"", ""General Language Understanding Evaluation \\n(GLUE) benchmark"", ""LTR system"", ""Linguistic Acceptability"", ""MRPC Microsoft Research Paraphrase Corpus"", ""Situations With Adversarial Generations (SWAG) dataset"", ""Situations With Adversarial Generations \\n(SWAG) dataset"", ""Stanford Question Answering Dataset"", ""Stanford Question Answering \\nDataset"", ""Stanford Sentiment Treebank"", ""Training of BERT BASE"", ""Training of BERT LARGE"", ""TriviaQA"", ""TriviaQA data""]",dataset_name_from_json_appears_in_input_url,False,False,0.0,not_used,disabled_or_not_needed,[],,,4,dataset,heuristica_3
1810.04805v2.pdf,body,https://cloudplatform.googleblog.com/2018/06/Cloud-TPU-now-offers-preemptible-pricing-and-globalavailability.html,https://cloudplatform.googleblog.com/2018/06/Cloud-TPU-now-offers-preemptible-pricing-and-globalavailability.html,cloudplatform.googleblog.com,.html,False,0,no_relevant_dataset_download_link_found_in_page,.html,[],[],"{""matched"": true, ""score"": 4, ""text_context"": {""matched"": true, ""score"": 4, ""signals"": [""page_has_dataset_terms"", ""page_has_download_terms""], ""matched_terms"": [""available"", ""database"", ""dataset"", ""labels""], ""local_context_samples"": []}, ""json_context"": {""matched"": false, ""score"": 0, ""signals"": []}, ""ai_context"": {""used"": false, ""matched"": false, ""label"": """", ""score"": 0.0, ""reason"": ""disabled""}}",False,False,0,no_http_metadata_dataset_signal,text/html,,https://cloudplatform.googleblog.com/2018/06/Cloud-TPU-now-offers-preemptible-pricing-and-globalavailability.html,.html,has_content_length,False,0,dataset_json_does_not_confirm_current_url,pdfs\1810.04805v2.dataset.json,0,[],26,,"[""Billion Word Benchmark"", ""Billion \\nWord Benchmark"", ""BooksCor- pus"", ""BooksCor-\\npus"", ""BooksCorpus"", ""English Wikipedia"", ""General Language Understanding Evaluation (GLUE) benchmark"", ""General Language Understanding Evaluation \\n(GLUE) benchmark"", ""LTR system"", ""Linguistic Acceptability"", ""MRPC Microsoft Research Paraphrase Corpus"", ""Situations With Adversarial Generations (SWAG) dataset"", ""Situations With Adversarial Generations \\n(SWAG) dataset"", ""Stanford Question Answering Dataset"", ""Stanford Question Answering \\nDataset"", ""Stanford Sentiment Treebank"", ""Training of BERT BASE"", ""Training of BERT LARGE"", ""TriviaQA"", ""TriviaQA data""]",,False,False,0.0,not_used,disabled_or_not_needed,[],,,0,not_dataset,no_heuristic_matched
1810.04805v2.pdf,body,http://nlp.seas.harvard.edu/2018/04/03/attention.html,http://nlp.seas.harvard.edu/2018/04/03/attention.html,nlp.seas.harvard.edu,.html,False,0,no_relevant_dataset_download_link_found_in_page,.html,[],[],"{""matched"": true, ""score"": 5, ""text_context"": {""matched"": true, ""score"": 5, ""signals"": [""page_has_dataset_terms"", ""page_has_download_terms""], ""matched_terms"": [""access"", ""available"", ""dataset"", ""datasets"", ""download"", ""features"", ""labels"", ""training data""], ""local_context_samples"": []}, ""json_context"": {""matched"": false, ""score"": 0, ""signals"": []}, ""ai_context"": {""used"": false, ""matched"": false, ""label"": """", ""score"": 0.0, ""reason"": ""disabled""}}",False,False,0,no_http_metadata_dataset_signal,text/html,,http://nlp.seas.harvard.edu/2018/04/03/attention.html,.html,has_content_length,False,0,dataset_json_does_not_confirm_current_url,pdfs\1810.04805v2.dataset.json,0,[],26,,"[""Billion Word Benchmark"", ""Billion \\nWord Benchmark"", ""BooksCor- pus"", ""BooksCor-\\npus"", ""BooksCorpus"", ""English Wikipedia"", ""General Language Understanding Evaluation (GLUE) benchmark"", ""General Language Understanding Evaluation \\n(GLUE) benchmark"", ""LTR system"", ""Linguistic Acceptability"", ""MRPC Microsoft Research Paraphrase Corpus"", ""Situations With Adversarial Generations (SWAG) dataset"", ""Situations With Adversarial Generations \\n(SWAG) dataset"", ""Stanford Question Answering Dataset"", ""Stanford Question Answering \\nDataset"", ""Stanford Sentiment Treebank"", ""Training of BERT BASE"", ""Training of BERT LARGE"", ""TriviaQA"", ""TriviaQA data""]",,False,False,0.0,not_used,disabled_or_not_needed,[],,,0,not_dataset,no_heuristic_matched
1810.04805v2.pdf,body,https://gluebenchmark.com/faq.QANet,https://gluebenchmark.com/faq.QANet,gluebenchmark.com,.qanet,False,0,no_relevant_dataset_download_link_found_in_page,.qanet,[],[],"{""matched"": false, ""score"": 1, ""text_context"": {""matched"": false, ""score"": 1, ""signals"": [""page_has_dataset_terms""], ""matched_terms"": [""benchmark""], ""local_context_samples"": []}, ""json_context"": {""matched"": false, ""score"": 0, ""signals"": []}, ""ai_context"": {""used"": false, ""matched"": false, ""label"": """", ""score"": 0.0, ""reason"": ""disabled""}}",False,False,0,no_http_metadata_dataset_signal,text/html,,https://gluebenchmark.com/faq.QANet,.qanet,,False,0,dataset_json_does_not_confirm_current_url,pdfs\1810.04805v2.dataset.json,0,[],26,,"[""Billion Word Benchmark"", ""Billion \\nWord Benchmark"", ""BooksCor- pus"", ""BooksCor-\\npus"", ""BooksCorpus"", ""English Wikipedia"", ""General Language Understanding Evaluation (GLUE) benchmark"", ""General Language Understanding Evaluation \\n(GLUE) benchmark"", ""LTR system"", ""Linguistic Acceptability"", ""MRPC Microsoft Research Paraphrase Corpus"", ""Situations With Adversarial Generations (SWAG) dataset"", ""Situations With Adversarial Generations \\n(SWAG) dataset"", ""Stanford Question Answering Dataset"", ""Stanford Question Answering \\nDataset"", ""Stanford Sentiment Treebank"", ""Training of BERT BASE"", ""Training of BERT LARGE"", ""TriviaQA"", ""TriviaQA data""]",,False,False,0.0,not_used,disabled_or_not_needed,[],,,0,not_dataset,no_heuristic_matched
1812.08434v6.pdf,target,https://doi.org/10.24963/ijcai.2017/250,https://doi.org/10.24963/ijcai.2017/250,doi.org,,False,0,page_download_error,,[],[],{},,False,0,http_error,,,,,,False,0,dataset_json_does_not_confirm_current_url,pdfs\1812.08434v6.dataset.json,0,[],7,,"[""BlogCatalog"", ""Den-\\nseGCN"", ""ImageNet"", ""ResGCN"", ""SAGPool"", ""trajectory \\npredictions"", ""trajectory predictions""]",,False,False,0.0,not_used,disabled_or_not_needed,[],,,0,not_dataset,no_heuristic_matched
1812.08434v6.pdf,target,http://socialcomputing.asu.edu,http://socialcomputing.asu.edu,socialcomputing.asu.edu,,False,0,page_download_error,,[],[],{},,False,0,http_error,,,,,,False,0,dataset_json_does_not_confirm_current_url,pdfs\1812.08434v6.dataset.json,0,[],7,,"[""BlogCatalog"", ""Den-\\nseGCN"", ""ImageNet"", ""ResGCN"", ""SAGPool"", ""trajectory \\npredictions"", ""trajectory predictions""]",,False,False,0.0,not_used,disabled_or_not_needed,[],,,0,not_dataset,no_heuristic_matched
1812.08434v6.pdf,idno_doi,10.1016/j.aiopen.2021.01.001,https://doi.org/10.1016/j.aiopen.2021.01.001,doi.org,.001,False,0,no_relevant_dataset_download_link_found_in_page,.001,[],[],"{""matched"": false, ""score"": 0, ""text_context"": {""matched"": false, ""score"": 0, ""signals"": [], ""matched_terms"": [], ""local_context_samples"": []}, ""json_context"": {""matched"": false, ""score"": 0, ""signals"": []}, ""ai_context"": {""used"": false, ""matched"": false, ""label"": """", ""score"": 0.0, ""reason"": ""disabled""}}",False,False,0,no_http_metadata_dataset_signal,text/html,,https://linkinghub.elsevier.com/retrieve/pii/S2666651021000012,,has_content_length,False,0,dataset_json_does_not_confirm_current_url,pdfs\1812.08434v6.dataset.json,0,[],7,,"[""BlogCatalog"", ""Den-\\nseGCN"", ""ImageNet"", ""ResGCN"", ""SAGPool"", ""trajectory \\npredictions"", ""trajectory predictions""]",,False,False,0.0,not_used,disabled_or_not_needed,[],,,0,not_dataset,no_heuristic_matched
1812.08434v6.pdf,back,https://github.com/ShinKyuY/Representation_Learning_on_Graphs_with_Jumping_Knowledge_Networks,https://github.com/ShinKyuY/Representation_Learning_on_Graphs_with_Jumping_Knowledge_Networks,github.com,,False,0,no_relevant_dataset_download_link_found_in_page,,[],[],"{""matched"": false, ""score"": 2, ""text_context"": {""matched"": false, ""score"": 2, ""signals"": [""page_has_dataset_terms"", ""page_has_download_terms""], ""matched_terms"": [""available"", ""features""], ""local_context_samples"": []}, ""json_context"": {""matched"": false, ""score"": 0, ""signals"": []}, ""ai_context"": {""used"": false, ""matched"": false, ""label"": """", ""score"": 0.0, ""reason"": ""disabled""}}",False,False,0,no_http_metadata_dataset_signal,text/html,,https://github.com/ShinKyuY/Representation_Learning_on_Graphs_with_Jumping_Knowledge_Networks,,,False,0,dataset_json_does_not_confirm_current_url,pdfs\1812.08434v6.dataset.json,0,[],7,,"[""BlogCatalog"", ""Den-\\nseGCN"", ""ImageNet"", ""ResGCN"", ""SAGPool"", ""trajectory \\npredictions"", ""trajectory predictions""]",,False,False,0.0,not_used,disabled_or_not_needed,[],,,0,not_dataset,no_heuristic_matched
1812.08434v6.pdf,back,https://github.com/Hanjun-Dai/steady_state_embedding,https://github.com/Hanjun-Dai/steady_state_embedding,github.com,,False,0,no_relevant_dataset_download_link_found_in_page,,[],[],"{""matched"": false, ""score"": 3, ""text_context"": {""matched"": false, ""score"": 3, ""signals"": [""page_has_dataset_terms"", ""page_has_download_terms""], ""matched_terms"": [""available"", ""download"", ""download the data"", ""features""], ""local_context_samples"": []}, ""json_context"": {""matched"": false, ""score"": 0, ""signals"": []}, ""ai_context"": {""used"": false, ""matched"": false, ""label"": """", ""score"": 0.0, ""reason"": ""disabled""}}",False,False,0,no_http_metadata_dataset_signal,text/html,,https://github.com/Hanjun-Dai/steady_state_embedding,,,False,0,dataset_json_does_not_confirm_current_url,pdfs\1812.08434v6.dataset.json,0,[],7,,"[""BlogCatalog"", ""Den-\\nseGCN"", ""ImageNet"", ""ResGCN"", ""SAGPool"", ""trajectory \\npredictions"", ""trajectory predictions""]",,False,False,0.0,not_used,disabled_or_not_needed,[],,,0,not_dataset,no_heuristic_matched
1812.08434v6.pdf,back,https://github.com/divelab/lgcn/FastGCN,https://github.com/divelab/lgcn/FastGCN,github.com,,False,0,no_relevant_dataset_download_link_found_in_page,,[],[],"{""matched"": false, ""score"": 2, ""text_context"": {""matched"": false, ""score"": 2, ""signals"": [""page_has_dataset_terms"", ""page_has_download_terms""], ""matched_terms"": [""available"", ""features""], ""local_context_samples"": []}, ""json_context"": {""matched"": false, ""score"": 0, ""signals"": []}, ""ai_context"": {""used"": false, ""matched"": false, ""label"": """", ""score"": 0.0, ""reason"": ""disabled""}}",False,False,0,no_http_metadata_dataset_signal,text/plain,,https://github.com/divelab/lgcn/FastGCN,,has_content_length,False,0,dataset_json_does_not_confirm_current_url,pdfs\1812.08434v6.dataset.json,0,[],7,,"[""BlogCatalog"", ""Den-\\nseGCN"", ""ImageNet"", ""ResGCN"", ""SAGPool"", ""trajectory \\npredictions"", ""trajectory predictions""]",,False,False,0.0,not_used,disabled_or_not_needed,[],,,0,not_dataset,no_heuristic_matched
1812.08434v6.pdf,back,https://github.com/matenure/FastGCN,https://github.com/matenure/FastGCN,github.com,,False,0,no_relevant_dataset_download_link_found_in_page,,[],[],"{""matched"": true, ""score"": 4, ""text_context"": {""matched"": true, ""score"": 4, ""signals"": [""page_has_dataset_terms"", ""page_has_download_terms""], ""matched_terms"": [""available"", ""dataset"", ""datasets"", ""features""], ""local_context_samples"": []}, ""json_context"": {""matched"": false, ""score"": 0, ""signals"": []}, ""ai_context"": {""used"": false, ""matched"": false, ""label"": """", ""score"": 0.0, ""reason"": ""disabled""}}",False,False,0,no_http_metadata_dataset_signal,text/html,,https://github.com/matenure/FastGCN,,,False,0,dataset_json_does_not_confirm_current_url,pdfs\1812.08434v6.dataset.json,0,[],7,,"[""BlogCatalog"", ""Den-\\nseGCN"", ""ImageNet"", ""ResGCN"", ""SAGPool"", ""trajectory \\npredictions"", ""trajectory predictions""]",,False,False,0.0,not_used,disabled_or_not_needed,[],,,0,not_dataset,no_heuristic_matched
1812.08434v6.pdf,back,https://github.com/RexYing/diffpool,https://github.com/RexYing/diffpool,github.com,,False,0,no_relevant_dataset_download_link_found_in_page,,[],[],"{""matched"": true, ""score"": 4, ""text_context"": {""matched"": true, ""score"": 4, ""signals"": [""page_has_dataset_terms"", ""page_has_download_terms""], ""matched_terms"": [""available"", ""benchmark"", ""data set"", ""data sets"", ""features""], ""local_context_samples"": []}, ""json_context"": {""matched"": false, ""score"": 0, ""signals"": []}, ""ai_context"": {""used"": false, ""matched"": false, ""label"": """", ""score"": 0.0, ""reason"": ""disabled""}}",False,False,0,no_http_metadata_dataset_signal,text/html,,https://github.com/RexYing/diffpool,,,False,0,dataset_json_does_not_confirm_current_url,pdfs\1812.08434v6.dataset.json,0,[],7,,"[""BlogCatalog"", ""Den-\\nseGCN"", ""ImageNet"", ""ResGCN"", ""SAGPool"", ""trajectory \\npredictions"", ""trajectory predictions""]",,False,False,0.0,not_used,disabled_or_not_needed,[],,,0,not_dataset,no_heuristic_matched
1812.08434v6.pdf,back,https://github.com/snap-stanford/GraphRNN,https://github.com/snap-stanford/GraphRNN,github.com,,False,0,no_relevant_dataset_download_link_found_in_page,,[],[],"{""matched"": true, ""score"": 4, ""text_context"": {""matched"": true, ""score"": 4, ""signals"": [""page_has_dataset_terms"", ""page_has_download_terms""], ""matched_terms"": [""available"", ""dataset"", ""datasets"", ""features""], ""local_context_samples"": []}, ""json_context"": {""matched"": false, ""score"": 0, ""signals"": []}, ""ai_context"": {""used"": false, ""matched"": false, ""label"": """", ""score"": 0.0, ""reason"": ""disabled""}}",False,False,0,no_http_metadata_dataset_signal,text/html,,https://github.com/snap-stanford/GraphRNN,,,False,0,dataset_json_does_not_confirm_current_url,pdfs\1812.08434v6.dataset.json,0,[],7,,"[""BlogCatalog"", ""Den-\\nseGCN"", ""ImageNet"", ""ResGCN"", ""SAGPool"", ""trajectory \\npredictions"", ""trajectory predictions""]",,False,False,0.0,not_used,disabled_or_not_needed,[],,,0,not_dataset,no_heuristic_matched
1812.08434v6.pdf,back,https://github.com/nicola-decao/MolGAN,https://github.com/nicola-decao/MolGAN,github.com,,False,0,no_relevant_dataset_download_link_found_in_page,,[],[],"{""matched"": true, ""score"": 5, ""text_context"": {""matched"": true, ""score"": 5, ""signals"": [""page_has_dataset_terms"", ""page_has_download_terms""], ""matched_terms"": [""available"", ""dataset"", ""datasets"", ""download"", ""download the data"", ""features""], ""local_context_samples"": []}, ""json_context"": {""matched"": false, ""score"": 0, ""signals"": []}, ""ai_context"": {""used"": false, ""matched"": false, ""label"": """", ""score"": 0.0, ""reason"": ""disabled""}}",False,False,0,no_http_metadata_dataset_signal,text/html,,https://github.com/nicola-decao/MolGAN,,,False,0,dataset_json_does_not_confirm_current_url,pdfs\1812.08434v6.dataset.json,0,[],7,,"[""BlogCatalog"", ""Den-\\nseGCN"", ""ImageNet"", ""ResGCN"", ""SAGPool"", ""trajectory \\npredictions"", ""trajectory predictions""]",,False,False,0.0,not_used,disabled_or_not_needed,[],,,0,not_dataset,no_heuristic_matched
1812.08434v6.pdf,back,https://github.com/danielzuegner/netgan,https://github.com/danielzuegner/netgan,github.com,,False,0,no_relevant_dataset_download_link_found_in_page,,[],[],"{""matched"": false, ""score"": 3, ""text_context"": {""matched"": false, ""score"": 3, ""signals"": [""page_has_dataset_terms"", ""page_has_download_terms""], ""matched_terms"": [""available"", ""dataset"", ""features""], ""local_context_samples"": []}, ""json_context"": {""matched"": false, ""score"": 0, ""signals"": []}, ""ai_context"": {""used"": false, ""matched"": false, ""label"": """", ""score"": 0.0, ""reason"": ""disabled""}}",False,False,0,no_http_metadata_dataset_signal,text/html,,https://github.com/danielzuegner/netgan,,,False,0,dataset_json_does_not_confirm_current_url,pdfs\1812.08434v6.dataset.json,0,[],7,,"[""BlogCatalog"", ""Den-\\nseGCN"", ""ImageNet"", ""ResGCN"", ""SAGPool"", ""trajectory \\npredictions"", ""trajectory predictions""]",,False,False,0.0,not_used,disabled_or_not_needed,[],,,0,not_dataset,no_heuristic_matched
1812.08434v6.pdf,back,https://github.com/liyaguang/DCRNN,https://github.com/liyaguang/DCRNN,github.com,,True,10,dataset_download_link_found_and_page_has_dataset_context,,"[{""link"": ""https://github.com/liyaguang/DCRNN/blob/master/data/sensor_graph/graph_sensor_locations.csv"", ""extension"": "".csv"", ""score"": 6, ""signals"": [""strong_data_extension:.csv"", ""dataset_keywords:data""], ""matched"": true}, {""link"": ""https://github.com/liyaguang/DCRNN/blob/master/data/sensor_graph/graph_sensor_locations_bay.csv"", ""extension"": "".csv"", ""score"": 6, ""signals"": [""strong_data_extension:.csv"", ""dataset_keywords:data""], ""matched"": true}]",[],"{""matched"": true, ""score"": 5, ""text_context"": {""matched"": true, ""score"": 5, ""signals"": [""page_has_dataset_terms"", ""page_has_download_terms""], ""matched_terms"": [""available"", ""available at"", ""dataset"", ""datasets"", ""features""], ""local_context_samples"": []}, ""json_context"": {""matched"": false, ""score"": 0, ""signals"": []}, ""ai_context"": {""used"": false, ""matched"": false, ""label"": """", ""score"": 0.0, ""reason"": ""disabled""}}",False,False,0,no_http_metadata_dataset_signal,text/html,,https://github.com/liyaguang/DCRNN,,,False,0,dataset_json_does_not_confirm_current_url,pdfs\1812.08434v6.dataset.json,0,[],7,,"[""BlogCatalog"", ""Den-\\nseGCN"", ""ImageNet"", ""ResGCN"", ""SAGPool"", ""trajectory \\npredictions"", ""trajectory predictions""]",,False,False,0.0,not_used,disabled_or_not_needed,[],,,10,dataset,heuristica_1
1812.08434v6.pdf,back,https://github.com/yysijie/st-gcn,https://github.com/yysijie/st-gcn,github.com,,False,0,no_relevant_dataset_download_link_found_in_page,,[],[],"{""matched"": false, ""score"": 2, ""text_context"": {""matched"": false, ""score"": 2, ""signals"": [""page_has_dataset_terms"", ""page_has_download_terms""], ""matched_terms"": [""available"", ""features""], ""local_context_samples"": []}, ""json_context"": {""matched"": false, ""score"": 0, ""signals"": []}, ""ai_context"": {""used"": false, ""matched"": false, ""label"": """", ""score"": 0.0, ""reason"": ""disabled""}}",False,False,0,no_http_metadata_dataset_signal,text/html,,https://github.com/yysijie/st-gcn,,,False,0,dataset_json_does_not_confirm_current_url,pdfs\1812.08434v6.dataset.json,0,[],7,,"[""BlogCatalog"", ""Den-\\nseGCN"", ""ImageNet"", ""ResGCN"", ""SAGPool"", ""trajectory \\npredictions"", ""trajectory predictions""]",,False,False,0.0,not_used,disabled_or_not_needed,[],,,0,not_dataset,no_heuristic_matched
1812.08434v6.pdf,back,https://github.com/tkipf/relational-gcn,https://github.com/tkipf/relational-gcn,github.com,,False,0,no_relevant_dataset_download_link_found_in_page,,[],[],"{""matched"": false, ""score"": 3, ""text_context"": {""matched"": false, ""score"": 3, ""signals"": [""page_has_dataset_terms"", ""page_has_download_terms""], ""matched_terms"": [""available"", ""dataset"", ""features""], ""local_context_samples"": []}, ""json_context"": {""matched"": false, ""score"": 0, ""signals"": []}, ""ai_context"": {""used"": false, ""matched"": false, ""label"": """", ""score"": 0.0, ""reason"": ""disabled""}}",False,False,0,no_http_metadata_dataset_signal,text/html,,https://github.com/tkipf/relational-gcn,,,False,0,dataset_json_does_not_confirm_current_url,pdfs\1812.08434v6.dataset.json,0,[],7,,"[""BlogCatalog"", ""Den-\\nseGCN"", ""ImageNet"", ""ResGCN"", ""SAGPool"", ""trajectory \\npredictions"", ""trajectory predictions""]",,False,False,0.0,not_used,disabled_or_not_needed,[],,,0,not_dataset,no_heuristic_matched
1812.08434v6.pdf,back,https://github.com/huangwb/AS-GCN,https://github.com/huangwb/AS-GCN,github.com,,False,0,no_relevant_dataset_download_link_found_in_page,,[],[],"{""matched"": true, ""score"": 5, ""text_context"": {""matched"": true, ""score"": 5, ""signals"": [""page_has_dataset_terms"", ""page_has_download_terms""], ""matched_terms"": [""available"", ""dataset"", ""datasets"", ""download"", ""features""], ""local_context_samples"": []}, ""json_context"": {""matched"": false, ""score"": 0, ""signals"": []}, ""ai_context"": {""used"": false, ""matched"": false, ""label"": """", ""score"": 0.0, ""reason"": ""disabled""}}",False,False,0,no_http_metadata_dataset_signal,text/html,,https://github.com/huangwb/AS-GCN,,,False,0,dataset_json_does_not_confirm_current_url,pdfs\1812.08434v6.dataset.json,0,[],7,,"[""BlogCatalog"", ""Den-\\nseGCN"", ""ImageNet"", ""ResGCN"", ""SAGPool"", ""trajectory \\npredictions"", ""trajectory predictions""]",,False,False,0.0,not_used,disabled_or_not_needed,[],,,0,not_dataset,no_heuristic_matched
1812.08434v6.pdf,back,https://github.com/ZhuangCY/DGCN,https://github.com/ZhuangCY/DGCN,github.com,,False,0,no_relevant_dataset_download_link_found_in_page,,[],[],"{""matched"": true, ""score"": 4, ""text_context"": {""matched"": true, ""score"": 4, ""signals"": [""page_has_dataset_terms"", ""page_has_download_terms""], ""matched_terms"": [""available"", ""dataset"", ""datasets"", ""features""], ""local_context_samples"": []}, ""json_context"": {""matched"": false, ""score"": 0, ""signals"": []}, ""ai_context"": {""used"": false, ""matched"": false, ""label"": """", ""score"": 0.0, ""reason"": ""disabled""}}",False,False,0,no_http_metadata_dataset_signal,text/html,,https://github.com/ZhuangCY/DGCN,,,False,0,dataset_json_does_not_confirm_current_url,pdfs\1812.08434v6.dataset.json,0,[],7,,"[""BlogCatalog"", ""Den-\\nseGCN"", ""ImageNet"", ""ResGCN"", ""SAGPool"", ""trajectory \\npredictions"", ""trajectory predictions""]",,False,False,0.0,not_used,disabled_or_not_needed,[],,,0,not_dataset,no_heuristic_matched
1812.08434v6.pdf,back,https://github.com/jennyzhang0215/GaAN,https://github.com/jennyzhang0215/GaAN,github.com,,False,0,no_relevant_dataset_download_link_found_in_page,,[],[],"{""matched"": true, ""score"": 5, ""text_context"": {""matched"": true, ""score"": 5, ""signals"": [""page_has_dataset_terms"", ""page_has_download_terms""], ""matched_terms"": [""available"", ""dataset"", ""datasets"", ""download"", ""download data"", ""download dataset"", ""download the data"", ""features""], ""local_context_samples"": []}, ""json_context"": {""matched"": false, ""score"": 0, ""signals"": []}, ""ai_context"": {""used"": false, ""matched"": false, ""label"": """", ""score"": 0.0, ""reason"": ""disabled""}}",False,False,0,no_http_metadata_dataset_signal,text/html,,https://github.com/jennyzhang0215/GaAN,,,False,0,dataset_json_does_not_confirm_current_url,pdfs\1812.08434v6.dataset.json,0,[],7,,"[""BlogCatalog"", ""Den-\\nseGCN"", ""ImageNet"", ""ResGCN"", ""SAGPool"", ""trajectory \\npredictions"", ""trajectory predictions""]",,False,False,0.0,not_used,disabled_or_not_needed,[],,,0,not_dataset,no_heuristic_matched
1812.08434v6.pdf,back,https://github.com/PetarV-/DGI,https://github.com/PetarV-/DGI,github.com,,False,0,no_relevant_dataset_download_link_found_in_page,,[],[],"{""matched"": false, ""score"": 3, ""text_context"": {""matched"": false, ""score"": 3, ""signals"": [""page_has_dataset_terms"", ""page_has_download_terms""], ""matched_terms"": [""available"", ""dataset"", ""features""], ""local_context_samples"": []}, ""json_context"": {""matched"": false, ""score"": 0, ""signals"": []}, ""ai_context"": {""used"": false, ""matched"": false, ""label"": """", ""score"": 0.0, ""reason"": ""disabled""}}",False,False,0,no_http_metadata_dataset_signal,text/html,,https://github.com/PetarV-/DGI,,,False,0,dataset_json_does_not_confirm_current_url,pdfs\1812.08434v6.dataset.json,0,[],7,,"[""BlogCatalog"", ""Den-\\nseGCN"", ""ImageNet"", ""ResGCN"", ""SAGPool"", ""trajectory \\npredictions"", ""trajectory predictions""]",,False,False,0.0,not_used,disabled_or_not_needed,[],,,0,not_dataset,no_heuristic_matched
1812.08434v6.pdf,back,https://github.com/nnzhan/Graph-WaveNet,https://github.com/nnzhan/Graph-WaveNet,github.com,,False,0,no_relevant_dataset_download_link_found_in_page,,[],[],"{""matched"": false, ""score"": 3, ""text_context"": {""matched"": false, ""score"": 3, ""signals"": [""page_has_dataset_terms"", ""page_has_download_terms""], ""matched_terms"": [""available"", ""download"", ""features""], ""local_context_samples"": []}, ""json_context"": {""matched"": false, ""score"": 0, ""signals"": []}, ""ai_context"": {""used"": false, ""matched"": false, ""label"": """", ""score"": 0.0, ""reason"": ""disabled""}}",False,False,0,no_http_metadata_dataset_signal,text/html,,https://github.com/nnzhan/Graph-WaveNet,,,False,0,dataset_json_does_not_confirm_current_url,pdfs\1812.08434v6.dataset.json,0,[],7,,"[""BlogCatalog"", ""Den-\\nseGCN"", ""ImageNet"", ""ResGCN"", ""SAGPool"", ""trajectory \\npredictions"", ""trajectory predictions""]",,False,False,0.0,not_used,disabled_or_not_needed,[],,,0,not_dataset,no_heuristic_matched
1812.08434v6.pdf,back,https://github.com/Jhy1993/HAN,https://github.com/Jhy1993/HAN,github.com,,False,0,no_relevant_dataset_download_link_found_in_page,,[],[],"{""matched"": true, ""score"": 5, ""text_context"": {""matched"": true, ""score"": 5, ""signals"": [""page_has_dataset_terms"", ""page_has_download_terms""], ""matched_terms"": [""available"", ""dataset"", ""datasets"", ""download"", ""features"", ""labels""], ""local_context_samples"": []}, ""json_context"": {""matched"": false, ""score"": 0, ""signals"": []}, ""ai_context"": {""used"": false, ""matched"": false, ""label"": """", ""score"": 0.0, ""reason"": ""disabled""}}",False,False,0,no_http_metadata_dataset_signal,text/html,,https://github.com/Jhy1993/HAN,,,False,0,dataset_json_does_not_confirm_current_url,pdfs\1812.08434v6.dataset.json,0,[],7,,"[""BlogCatalog"", ""Den-\\nseGCN"", ""ImageNet"", ""ResGCN"", ""SAGPool"", ""trajectory \\npredictions"", ""trajectory predictions""]",,False,False,0.0,not_used,disabled_or_not_needed,[],,,0,not_dataset,no_heuristic_matched
1812.08434v6.pdf,back,https://github.com/thunlp/gnnpapers,https://github.com/thunlp/gnnpapers,github.com,,False,0,no_relevant_dataset_download_link_found_in_page,,[],[],"{""matched"": true, ""score"": 4, ""text_context"": {""matched"": true, ""score"": 4, ""signals"": [""page_has_dataset_terms"", ""page_has_download_terms""], ""matched_terms"": [""annotation"", ""available"", ""benchmark"", ""database"", ""dataset"", ""features"", ""labels"", ""records""], ""local_context_samples"": []}, ""json_context"": {""matched"": false, ""score"": 0, ""signals"": []}, ""ai_context"": {""used"": false, ""matched"": false, ""label"": """", ""score"": 0.0, ""reason"": ""disabled""}}",False,False,0,no_http_metadata_dataset_signal,text/html,,https://github.com/thunlp/gnnpapers,,,False,0,dataset_json_does_not_confirm_current_url,pdfs\1812.08434v6.dataset.json,0,[],7,,"[""BlogCatalog"", ""Den-\\nseGCN"", ""ImageNet"", ""ResGCN"", ""SAGPool"", ""trajectory \\npredictions"", ""trajectory predictions""]",,False,False,0.0,not_used,disabled_or_not_needed,[],,,0,not_dataset,no_heuristic_matched
1907.07374v5.pdf,target,http://www.heatmapping.org/slides/2018WCCI.pdf,http://heatmapping.org/slides/2018WCCI.pdf,heatmapping.org,.pdf,False,0,no_relevant_dataset_download_link_found_in_page,.pdf,[],[],"{""matched"": false, ""score"": 0, ""text_context"": {""matched"": false, ""score"": 0, ""signals"": [], ""matched_terms"": [], ""local_context_samples"": []}, ""json_context"": {""matched"": false, ""score"": 0, ""signals"": []}, ""ai_context"": {""used"": false, ""matched"": false, ""label"": """", ""score"": 0.0, ""reason"": ""disabled""}}",False,False,0,no_http_metadata_dataset_signal,text/html,,http://heatmapping.org/slides/2018WCCI.pdf,.pdf,has_content_length,False,0,dataset_json_does_not_confirm_current_url,pdfs\1907.07374v5.dataset.json,0,[],11,,"[""ACHINE LEARNING"", ""Alzheimers \\ndisease and"", ""Alzheimers disease and"", ""Asymptomatic Carotid Stenosis and Risk of Stroke (ACSRS) dataset"", ""Asymptomatic Carotid \\nStenosis and Risk of Stroke (ACSRS) dataset"", ""AudioMNIST"", ""DBN (Deep Belief Network"", ""GoogLeNet"", ""feature relevance scores"", ""schizophrenia dataset"", ""training images""]",,False,False,0.0,not_used,disabled_or_not_needed,[],,,0,not_dataset,no_heuristic_matched
1907.07374v5.pdf,target,http://iphome.hhi.de/samek/pdf/MonICML16.pdf,http://iphome.hhi.de/samek/pdf/MonICML16.pdf,iphome.hhi.de,.pdf,False,0,page_download_error,.pdf,[],[],{},,False,0,no_http_metadata_dataset_signal,application/pdf,,https://iphome.hhi.de/samek/pdf/MonICML16.pdf,.pdf,has_content_length,False,0,dataset_json_does_not_confirm_current_url,pdfs\1907.07374v5.dataset.json,0,[],11,,"[""ACHINE LEARNING"", ""Alzheimers \\ndisease and"", ""Alzheimers disease and"", ""Asymptomatic Carotid Stenosis and Risk of Stroke (ACSRS) dataset"", ""Asymptomatic Carotid \\nStenosis and Risk of Stroke (ACSRS) dataset"", ""AudioMNIST"", ""DBN (Deep Belief Network"", ""GoogLeNet"", ""feature relevance scores"", ""schizophrenia dataset"", ""training images""]",,False,False,0.0,not_used,disabled_or_not_needed,[],,,0,not_dataset,no_heuristic_matched
1907.07374v5.pdf,target,https://pair-code.github.io/saliency/,https://pair-code.github.io/saliency,pair-code.github.io,,False,0,no_relevant_dataset_download_link_found_in_page,,[],[],"{""matched"": false, ""score"": 0, ""text_context"": {""matched"": false, ""score"": 0, ""signals"": [], ""matched_terms"": [], ""local_context_samples"": []}, ""json_context"": {""matched"": false, ""score"": 0, ""signals"": []}, ""ai_context"": {""used"": false, ""matched"": false, ""label"": """", ""score"": 0.0, ""reason"": ""disabled""}}",False,False,0,no_http_metadata_dataset_signal,text/html,,https://pair-code.github.io/saliency/,,has_content_length,False,0,dataset_json_does_not_confirm_current_url,pdfs\1907.07374v5.dataset.json,0,[],11,,"[""ACHINE LEARNING"", ""Alzheimers \\ndisease and"", ""Alzheimers disease and"", ""Asymptomatic Carotid Stenosis and Risk of Stroke (ACSRS) dataset"", ""Asymptomatic Carotid \\nStenosis and Risk of Stroke (ACSRS) dataset"", ""AudioMNIST"", ""DBN (Deep Belief Network"", ""GoogLeNet"", ""feature relevance scores"", ""schizophrenia dataset"", ""training images""]",,False,False,0.0,not_used,disabled_or_not_needed,[],,,0,not_dataset,no_heuristic_matched
1907.07374v5.pdf,target,https://cs.stanford.edu/people/karpathy/cnnembed,https://cs.stanford.edu/people/karpathy/cnnembed,cs.stanford.edu,,False,0,no_relevant_dataset_download_link_found_in_page,,[],[],"{""matched"": false, ""score"": 1, ""text_context"": {""matched"": false, ""score"": 1, ""signals"": [""page_has_dataset_terms""], ""matched_terms"": [""features""], ""local_context_samples"": []}, ""json_context"": {""matched"": false, ""score"": 0, ""signals"": []}, ""ai_context"": {""used"": false, ""matched"": false, ""label"": """", ""score"": 0.0, ""reason"": ""disabled""}}",False,False,0,no_http_metadata_dataset_signal,text/html,,https://cs.stanford.edu/people/karpathy/cnnembed/,,has_content_length,False,0,dataset_json_does_not_confirm_current_url,pdfs\1907.07374v5.dataset.json,0,[],11,,"[""ACHINE LEARNING"", ""Alzheimers \\ndisease and"", ""Alzheimers disease and"", ""Asymptomatic Carotid Stenosis and Risk of Stroke (ACSRS) dataset"", ""Asymptomatic Carotid \\nStenosis and Risk of Stroke (ACSRS) dataset"", ""AudioMNIST"", ""DBN (Deep Belief Network"", ""GoogLeNet"", ""feature relevance scores"", ""schizophrenia dataset"", ""training images""]",,False,False,0.0,not_used,disabled_or_not_needed,[],,,0,not_dataset,no_heuristic_matched
1907.07374v5.pdf,target,https://distill.pub/2019/activation-atlas,https://distill.pub/2019/activation-atlas,distill.pub,,False,0,no_relevant_dataset_download_link_found_in_page,,[],[],"{""matched"": true, ""score"": 4, ""text_context"": {""matched"": true, ""score"": 4, ""signals"": [""page_has_dataset_terms"", ""page_has_download_terms""], ""matched_terms"": [""available"", ""corpus"", ""database"", ""dataset"", ""datasets"", ""features"", ""labels"", ""samples"", ""training data""], ""local_context_samples"": []}, ""json_context"": {""matched"": false, ""score"": 0, ""signals"": []}, ""ai_context"": {""used"": false, ""matched"": false, ""label"": """", ""score"": 0.0, ""reason"": ""disabled""}}",False,False,0,no_http_metadata_dataset_signal,text/html,,https://distill.pub/2019/activation-atlas/,,has_content_length,False,0,dataset_json_does_not_confirm_current_url,pdfs\1907.07374v5.dataset.json,0,[],11,,"[""ACHINE LEARNING"", ""Alzheimers \\ndisease and"", ""Alzheimers disease and"", ""Asymptomatic Carotid Stenosis and Risk of Stroke (ACSRS) dataset"", ""Asymptomatic Carotid \\nStenosis and Risk of Stroke (ACSRS) dataset"", ""AudioMNIST"", ""DBN (Deep Belief Network"", ""GoogLeNet"", ""feature relevance scores"", ""schizophrenia dataset"", ""training images""]",,False,False,0.0,not_used,disabled_or_not_needed,[],,,0,not_dataset,no_heuristic_matched
1907.07374v5.pdf,body,https://distill.pub/2018/building-blocks/with,https://distill.pub/2018/building-blocks/with,distill.pub,,False,0,no_relevant_dataset_download_link_found_in_page,,[],[],"{""matched"": false, ""score"": 0, ""text_context"": {""matched"": false, ""score"": 0, ""signals"": [], ""matched_terms"": [], ""local_context_samples"": []}, ""json_context"": {""matched"": false, ""score"": 0, ""signals"": []}, ""ai_context"": {""used"": false, ""matched"": false, ""label"": """", ""score"": 0.0, ""reason"": ""disabled""}}",False,False,0,no_http_metadata_dataset_signal,text/html,,https://distill.pub/2018/building-blocks/with,,has_content_length,False,0,dataset_json_does_not_confirm_current_url,pdfs\1907.07374v5.dataset.json,0,[],11,,"[""ACHINE LEARNING"", ""Alzheimers \\ndisease and"", ""Alzheimers disease and"", ""Asymptomatic Carotid Stenosis and Risk of Stroke (ACSRS) dataset"", ""Asymptomatic Carotid \\nStenosis and Risk of Stroke (ACSRS) dataset"", ""AudioMNIST"", ""DBN (Deep Belief Network"", ""GoogLeNet"", ""feature relevance scores"", ""schizophrenia dataset"", ""training images""]",,False,False,0.0,not_used,disabled_or_not_needed,[],,,0,not_dataset,no_heuristic_matched
1908.04515v1.pdf,idno_doi,10.1364/optica.XX.XXXXXX,https://doi.org/10.1364/optica.XX.XXXXXX,doi.org,.xxxxxx,False,0,no_relevant_dataset_download_link_found_in_page,.xxxxxx,[],[],"{""matched"": false, ""score"": 0, ""text_context"": {""matched"": false, ""score"": 0, ""signals"": [], ""matched_terms"": [], ""local_context_samples"": []}, ""json_context"": {""matched"": false, ""score"": 0, ""signals"": []}, ""ai_context"": {""used"": false, ""matched"": false, ""label"": """", ""score"": 0.0, ""reason"": ""disabled""}}",False,False,0,no_http_metadata_dataset_signal,text/html,,https://doi.org/10.1364/optica.XX.XXXXXX,.xxxxxx,,False,0,dataset_json_does_not_confirm_current_url,pdfs\1908.04515v1.dataset.json,0,[],2,,"[""output state"", ""tomography""]",,False,False,0.0,not_used,disabled_or_not_needed,[],,,0,not_dataset,no_heuristic_matched
2004.03597v2.pdf,abstract,http://www.crowd-counting.com.Furthermore,http://crowd-counting.com,crowd-counting.com,,False,0,no_relevant_dataset_download_link_found_in_page,,[],[],"{""matched"": true, ""score"": 5, ""text_context"": {""matched"": true, ""score"": 5, ""signals"": [""page_has_dataset_terms"", ""page_has_download_terms""], ""matched_terms"": [""annotation"", ""annotations"", ""benchmark"", ""dataset"", ""datasets"", ""download"", ""download data"", ""download dataset"", ""labels""], ""local_context_samples"": []}, ""json_context"": {""matched"": false, ""score"": 0, ""signals"": []}, ""ai_context"": {""used"": false, ""matched"": false, ""label"": """", ""score"": 0.0, ""reason"": ""disabled""}}",False,False,0,no_http_metadata_dataset_signal,text/html,,http://www.crowd-counting.com/,,has_content_length,False,0,dataset_json_does_not_confirm_current_url,pdfs\2004.03597v2.dataset.json,0,[],10,,"[""JHU-CROWD++ train \\ndataset"", ""JHU-CROWD++ train dataset"", ""ShanghaiTech"", ""ShanghaiTech dataset"", ""ShanghaiTech dataset \\n"", ""VGG16 net-\\nwork"", ""WorldExpo"", ""annotated images"", ""images"", ""metrics""]",,False,False,0.0,not_used,disabled_or_not_needed,[],,,0,not_dataset,no_heuristic_matched
2101.00027v1.pdf,target,http://Skylion007.github.io/OpenWebTextCorpus,http://skylion007.github.io/OpenWebTextCorpus,skylion007.github.io,,False,0,no_relevant_dataset_download_link_found_in_page,,[],[],"{""matched"": false, ""score"": 3, ""text_context"": {""matched"": false, ""score"": 3, ""signals"": [""page_has_dataset_terms"", ""page_has_download_terms""], ""matched_terms"": [""corpus"", ""dataset"", ""download""], ""local_context_samples"": []}, ""json_context"": {""matched"": false, ""score"": 0, ""signals"": []}, ""ai_context"": {""used"": false, ""matched"": false, ""label"": """", ""score"": 0.0, ""reason"": ""disabled""}}",False,False,0,no_http_metadata_dataset_signal,text/html,,https://skylion007.github.io/OpenWebTextCorpus/,,has_content_length,True,4,dataset_json_confirms_current_url,pdfs\2101.00027v1.dataset.json,1,"[""https://www.tensorflow.org/datasets""]",111,OpenWeb- TextCorpus,"[""Bibliotik"", ""Bibliotik private tracker"", ""BigQuery \\ndataset"", ""BigQuery dataset"", ""Book- Corpus2"", ""Book-\\nCorpus2"", ""BookCorpus"", ""BookCorpus datasets"", ""BookCorpus2"", ""Books3"", ""Common Crawl"", ""Common Crawl-based dataset"", ""Common \\nCrawl"", ""DM Mathematics"", ""DM \\nMathematics"", ""Dedupli- cation"", ""Dedupli-\\ncation"", ""DeepMind Mathematics dataset"", ""DragNet"", ""English Wikipedia""]",dataset_name_from_json_appears_in_input_url,False,False,0.0,not_used,disabled_or_not_needed,[],,,4,dataset,heuristica_3
2101.00027v1.pdf,target,https://github.com/BIGBALLON/cifar-10-cnn,https://github.com/BIGBALLON/cifar-10-cnn,github.com,,False,0,no_relevant_dataset_download_link_found_in_page,,[],[],"{""matched"": true, ""score"": 5, ""text_context"": {""matched"": true, ""score"": 5, ""signals"": [""page_has_dataset_terms"", ""page_has_download_terms""], ""matched_terms"": [""available"", ""available at"", ""dataset"", ""datasets"", ""features"", ""samples""], ""local_context_samples"": []}, ""json_context"": {""matched"": false, ""score"": 0, ""signals"": []}, ""ai_context"": {""used"": false, ""matched"": false, ""label"": """", ""score"": 0.0, ""reason"": ""disabled""}}",False,False,0,no_http_metadata_dataset_signal,text/html,,https://github.com/BIGBALLON/cifar-10-cnn,,,False,0,dataset_json_does_not_confirm_current_url,pdfs\2101.00027v1.dataset.json,1,"[""https://www.tensorflow.org/datasets""]",111,,"[""Bibliotik"", ""Bibliotik private tracker"", ""BigQuery \\ndataset"", ""BigQuery dataset"", ""Book- Corpus2"", ""Book-\\nCorpus2"", ""BookCorpus"", ""BookCorpus datasets"", ""BookCorpus2"", ""Books3"", ""Common Crawl"", ""Common Crawl-based dataset"", ""Common \\nCrawl"", ""DM Mathematics"", ""DM \\nMathematics"", ""Dedupli- cation"", ""Dedupli-\\ncation"", ""DeepMind Mathematics dataset"", ""DragNet"", ""English Wikipedia""]",,False,False,0.0,not_used,disabled_or_not_needed,[],,,0,not_dataset,no_heuristic_matched
2101.00027v1.pdf,target,http://arXiv.org/abs/cs/0205028,http://arxiv.org/abs/cs/0205028,arxiv.org,,False,0,no_relevant_dataset_download_link_found_in_page,,[],[],"{""matched"": false, ""score"": 2, ""text_context"": {""matched"": false, ""score"": 2, ""signals"": [""page_has_dataset_terms"", ""page_has_download_terms""], ""matched_terms"": [""access"", ""features""], ""local_context_samples"": []}, ""json_context"": {""matched"": false, ""score"": 0, ""signals"": []}, ""ai_context"": {""used"": false, ""matched"": false, ""label"": """", ""score"": 0.0, ""reason"": ""disabled""}}",False,False,0,no_http_metadata_dataset_signal,text/html,,https://arxiv.org/abs/cs/0205028,,has_content_length,False,0,dataset_json_does_not_confirm_current_url,pdfs\2101.00027v1.dataset.json,1,"[""https://www.tensorflow.org/datasets""]",111,,"[""Bibliotik"", ""Bibliotik private tracker"", ""BigQuery \\ndataset"", ""BigQuery dataset"", ""Book- Corpus2"", ""Book-\\nCorpus2"", ""BookCorpus"", ""BookCorpus datasets"", ""BookCorpus2"", ""Books3"", ""Common Crawl"", ""Common Crawl-based dataset"", ""Common \\nCrawl"", ""DM Mathematics"", ""DM \\nMathematics"", ""Dedupli- cation"", ""Dedupli-\\ncation"", ""DeepMind Mathematics dataset"", ""DragNet"", ""English Wikipedia""]",,False,False,0.0,not_used,disabled_or_not_needed,[],,,0,not_dataset,no_heuristic_matched
2101.00027v1.pdf,target,https://twitter.com/theshawwn/status/1320282149329784833,https://twitter.com/theshawwn/status/1320282149329784833,twitter.com,,False,0,no_relevant_dataset_download_link_found_in_page,,[],[],"{""matched"": false, ""score"": 1, ""text_context"": {""matched"": false, ""score"": 1, ""signals"": [""page_has_download_terms""], ""matched_terms"": [""available""], ""local_context_samples"": []}, ""json_context"": {""matched"": false, ""score"": 0, ""signals"": []}, ""ai_context"": {""used"": false, ""matched"": false, ""label"": """", ""score"": 0.0, ""reason"": ""disabled""}}",False,False,0,no_http_metadata_dataset_signal,text/html,,https://x.com/theshawwn/status/1320282149329784833,,,False,0,dataset_json_does_not_confirm_current_url,pdfs\2101.00027v1.dataset.json,1,"[""https://www.tensorflow.org/datasets""]",111,,"[""Bibliotik"", ""Bibliotik private tracker"", ""BigQuery \\ndataset"", ""BigQuery dataset"", ""Book- Corpus2"", ""Book-\\nCorpus2"", ""BookCorpus"", ""BookCorpus datasets"", ""BookCorpus2"", ""Books3"", ""Common Crawl"", ""Common Crawl-based dataset"", ""Common \\nCrawl"", ""DM Mathematics"", ""DM \\nMathematics"", ""Dedupli- cation"", ""Dedupli-\\ncation"", ""DeepMind Mathematics dataset"", ""DragNet"", ""English Wikipedia""]",,False,False,0.0,not_used,disabled_or_not_needed,[],,,0,not_dataset,no_heuristic_matched
2101.00027v1.pdf,idno_doi,10.5281/zenodo.2591652,https://doi.org/10.5281/zenodo.2591652,doi.org,.2591652,False,0,no_relevant_dataset_download_link_found_in_page,.2591652,[],[],"{""matched"": false, ""score"": 2, ""text_context"": {""matched"": false, ""score"": 2, ""signals"": [""page_has_download_terms""], ""matched_terms"": [""available"", ""download"", ""downloads""], ""local_context_samples"": []}, ""json_context"": {""matched"": false, ""score"": 0, ""signals"": []}, ""ai_context"": {""used"": false, ""matched"": false, ""label"": """", ""score"": 0.0, ""reason"": ""disabled""}}",False,False,0,no_http_metadata_dataset_signal,text/html,,https://zenodo.org/records/2591652,,,False,0,dataset_json_does_not_confirm_current_url,pdfs\2101.00027v1.dataset.json,1,"[""https://www.tensorflow.org/datasets""]",111,,"[""Bibliotik"", ""Bibliotik private tracker"", ""BigQuery \\ndataset"", ""BigQuery dataset"", ""Book- Corpus2"", ""Book-\\nCorpus2"", ""BookCorpus"", ""BookCorpus datasets"", ""BookCorpus2"", ""Books3"", ""Common Crawl"", ""Common Crawl-based dataset"", ""Common \\nCrawl"", ""DM Mathematics"", ""DM \\nMathematics"", ""Dedupli- cation"", ""Dedupli-\\ncation"", ""DeepMind Mathematics dataset"", ""DragNet"", ""English Wikipedia""]",,False,False,0.0,not_used,disabled_or_not_needed,[],,,0,not_dataset,no_heuristic_matched
2101.00027v1.pdf,body,https://pile.eleuther.ai/versity,https://pile.eleuther.ai/versity,pile.eleuther.ai,,False,0,no_relevant_dataset_download_link_found_in_page,,[],[],"{""matched"": false, ""score"": 0, ""text_context"": {""matched"": false, ""score"": 0, ""signals"": [], ""matched_terms"": [], ""local_context_samples"": []}, ""json_context"": {""matched"": false, ""score"": 0, ""signals"": []}, ""ai_context"": {""used"": false, ""matched"": false, ""label"": """", ""score"": 0.0, ""reason"": ""disabled""}}",False,False,0,no_http_metadata_dataset_signal,text/html,,https://pile.eleuther.ai/versity,,has_content_length,False,0,dataset_json_does_not_confirm_current_url,pdfs\2101.00027v1.dataset.json,1,"[""https://www.tensorflow.org/datasets""]",111,,"[""Bibliotik"", ""Bibliotik private tracker"", ""BigQuery \\ndataset"", ""BigQuery dataset"", ""Book- Corpus2"", ""Book-\\nCorpus2"", ""BookCorpus"", ""BookCorpus datasets"", ""BookCorpus2"", ""Books3"", ""Common Crawl"", ""Common Crawl-based dataset"", ""Common \\nCrawl"", ""DM Mathematics"", ""DM \\nMathematics"", ""Dedupli- cation"", ""Dedupli-\\ncation"", ""DeepMind Mathematics dataset"", ""DragNet"", ""English Wikipedia""]",,False,False,0.0,not_used,disabled_or_not_needed,[],,,0,not_dataset,no_heuristic_matched
2101.00027v1.pdf,body,www.fanfiction.net,https://fanfiction.net,fanfiction.net,,False,0,page_download_error,,[],[],{},,False,0,http_error,,,,,,False,0,dataset_json_does_not_confirm_current_url,pdfs\2101.00027v1.dataset.json,1,"[""https://www.tensorflow.org/datasets""]",111,,"[""Bibliotik"", ""Bibliotik private tracker"", ""BigQuery \\ndataset"", ""BigQuery dataset"", ""Book- Corpus2"", ""Book-\\nCorpus2"", ""BookCorpus"", ""BookCorpus datasets"", ""BookCorpus2"", ""Books3"", ""Common Crawl"", ""Common Crawl-based dataset"", ""Common \\nCrawl"", ""DM Mathematics"", ""DM \\nMathematics"", ""Dedupli- cation"", ""Dedupli-\\ncation"", ""DeepMind Mathematics dataset"", ""DragNet"", ""English Wikipedia""]",,False,False,0.0,not_used,disabled_or_not_needed,[],,,0,not_dataset,no_heuristic_matched
2101.00027v1.pdf,body,https://github.com/SpamScope/mail-parser,https://github.com/SpamScope/mail-parser,github.com,,False,0,no_relevant_dataset_download_link_found_in_page,,[],[],"{""matched"": true, ""score"": 4, ""text_context"": {""matched"": true, ""score"": 4, ""signals"": [""page_has_dataset_terms"", ""page_has_download_terms""], ""matched_terms"": [""access"", ""available"", ""database"", ""download"", ""features""], ""local_context_samples"": []}, ""json_context"": {""matched"": false, ""score"": 0, ""signals"": []}, ""ai_context"": {""used"": false, ""matched"": false, ""label"": """", ""score"": 0.0, ""reason"": ""disabled""}}",False,False,0,no_http_metadata_dataset_signal,text/html,,https://github.com/SpamScope/mail-parser,,,False,0,dataset_json_does_not_confirm_current_url,pdfs\2101.00027v1.dataset.json,1,"[""https://www.tensorflow.org/datasets""]",111,,"[""Bibliotik"", ""Bibliotik private tracker"", ""BigQuery \\ndataset"", ""BigQuery dataset"", ""Book- Corpus2"", ""Book-\\nCorpus2"", ""BookCorpus"", ""BookCorpus datasets"", ""BookCorpus2"", ""Books3"", ""Common Crawl"", ""Common Crawl-based dataset"", ""Common \\nCrawl"", ""DM Mathematics"", ""DM \\nMathematics"", ""Dedupli- cation"", ""Dedupli-\\ncation"", ""DeepMind Mathematics dataset"", ""DragNet"", ""English Wikipedia""]",,False,False,0.0,not_used,disabled_or_not_needed,[],,,0,not_dataset,no_heuristic_matched
2101.00027v1.pdf,body,https://www.google.com/recaptcha/api.js?render=*site,https://google.com/recaptcha/api.js?render=%2Asite,google.com,.js,False,0,direct_technical_file_ignored,.js,[],[],{},,False,0,no_http_metadata_dataset_signal,text/javascript,,https://google.com/recaptcha/api.js?render=%2Asite,.js,has_content_length,True,4,dataset_json_confirms_current_url,pdfs\2101.00027v1.dataset.json,1,"[""https://www.tensorflow.org/datasets""]",111,Google News corpus,"[""Bibliotik"", ""Bibliotik private tracker"", ""BigQuery \\ndataset"", ""BigQuery dataset"", ""Book- Corpus2"", ""Book-\\nCorpus2"", ""BookCorpus"", ""BookCorpus datasets"", ""BookCorpus2"", ""Books3"", ""Common Crawl"", ""Common Crawl-based dataset"", ""Common \\nCrawl"", ""DM Mathematics"", ""DM \\nMathematics"", ""Dedupli- cation"", ""Dedupli-\\ncation"", ""DeepMind Mathematics dataset"", ""DragNet"", ""English Wikipedia""]",dataset_name_from_json_appears_in_input_url,False,False,0.0,not_used,disabled_or_not_needed,[],,,4,dataset,heuristica_3
2101.00027v1.pdf,body,https://arxiv.org/help/stats/2019_by_area/Figure,https://arxiv.org/help/stats/2019_by_area/Figure,arxiv.org,,False,0,no_relevant_dataset_download_link_found_in_page,,[],[],"{""matched"": false, ""score"": 3, ""text_context"": {""matched"": false, ""score"": 3, ""signals"": [""page_has_dataset_terms"", ""page_has_download_terms""], ""matched_terms"": [""access"", ""available"", ""available at"", ""download"", ""records""], ""local_context_samples"": []}, ""json_context"": {""matched"": false, ""score"": 0, ""signals"": []}, ""ai_context"": {""used"": false, ""matched"": false, ""label"": """", ""score"": 0.0, ""reason"": ""disabled""}}",False,False,0,no_http_metadata_dataset_signal,text/html,,https://info.arxiv.org/help/stats/2019_by_area/Figure,,has_content_length,False,0,dataset_json_does_not_confirm_current_url,pdfs\2101.00027v1.dataset.json,1,"[""https://www.tensorflow.org/datasets""]",111,,"[""Bibliotik"", ""Bibliotik private tracker"", ""BigQuery \\ndataset"", ""BigQuery dataset"", ""Book- Corpus2"", ""Book-\\nCorpus2"", ""BookCorpus"", ""BookCorpus datasets"", ""BookCorpus2"", ""Books3"", ""Common Crawl"", ""Common Crawl-based dataset"", ""Common \\nCrawl"", ""DM Mathematics"", ""DM \\nMathematics"", ""Dedupli- cation"", ""Dedupli-\\ncation"", ""DeepMind Mathematics dataset"", ""DragNet"", ""English Wikipedia""]",,False,False,0.0,not_used,disabled_or_not_needed,[],,,0,not_dataset,no_heuristic_matched
2101.00027v1.pdf,body,https://launchpad.net/bugs/1627643,https://launchpad.net/bugs/1627643,launchpad.net,,False,0,no_relevant_dataset_download_link_found_in_page,,[],[],"{""matched"": false, ""score"": 2, ""text_context"": {""matched"": false, ""score"": 2, ""signals"": [""page_has_download_terms""], ""matched_terms"": [""access"", ""available"", ""download""], ""local_context_samples"": []}, ""json_context"": {""matched"": false, ""score"": 0, ""signals"": []}, ""ai_context"": {""used"": false, ""matched"": false, ""label"": """", ""score"": 0.0, ""reason"": ""disabled""}}",False,False,0,no_http_metadata_dataset_signal,text/html,,https://bugs.launchpad.net/ubuntu/+source/linux-raspi2/+bug/1627643,,has_content_length,False,0,dataset_json_does_not_confirm_current_url,pdfs\2101.00027v1.dataset.json,1,"[""https://www.tensorflow.org/datasets""]",111,,"[""Bibliotik"", ""Bibliotik private tracker"", ""BigQuery \\ndataset"", ""BigQuery dataset"", ""Book- Corpus2"", ""Book-\\nCorpus2"", ""BookCorpus"", ""BookCorpus datasets"", ""BookCorpus2"", ""Books3"", ""Common Crawl"", ""Common Crawl-based dataset"", ""Common \\nCrawl"", ""DM Mathematics"", ""DM \\nMathematics"", ""Dedupli- cation"", ""Dedupli-\\ncation"", ""DeepMind Mathematics dataset"", ""DragNet"", ""English Wikipedia""]",,False,False,0.0,not_used,disabled_or_not_needed,[],,,0,not_dataset,no_heuristic_matched
2101.00027v1.pdf,body,https://github.com/EleutherAI/the-pile,https://github.com/EleutherAI/the-pile,github.com,,False,0,no_relevant_dataset_download_link_found_in_page,,[],[],"{""matched"": true, ""score"": 5, ""text_context"": {""matched"": true, ""score"": 5, ""signals"": [""page_has_dataset_terms"", ""page_has_download_terms""], ""matched_terms"": [""available"", ""corpus"", ""data set"", ""dataset"", ""datasets"", ""download"", ""features"", ""training data""], ""local_context_samples"": []}, ""json_context"": {""matched"": false, ""score"": 0, ""signals"": []}, ""ai_context"": {""used"": false, ""matched"": false, ""label"": """", ""score"": 0.0, ""reason"": ""disabled""}}",False,False,0,no_http_metadata_dataset_signal,text/html,,https://github.com/EleutherAI/the-pile,,,False,0,dataset_json_does_not_confirm_current_url,pdfs\2101.00027v1.dataset.json,1,"[""https://www.tensorflow.org/datasets""]",111,,"[""Bibliotik"", ""Bibliotik private tracker"", ""BigQuery \\ndataset"", ""BigQuery dataset"", ""Book- Corpus2"", ""Book-\\nCorpus2"", ""BookCorpus"", ""BookCorpus datasets"", ""BookCorpus2"", ""Books3"", ""Common Crawl"", ""Common Crawl-based dataset"", ""Common \\nCrawl"", ""DM Mathematics"", ""DM \\nMathematics"", ""Dedupli- cation"", ""Dedupli-\\ncation"", ""DeepMind Mathematics dataset"", ""DragNet"", ""English Wikipedia""]",,False,False,0.0,not_used,disabled_or_not_needed,[],,,0,not_dataset,no_heuristic_matched
2101.00027v1.pdf,body,https://www.courtlistener.com/https://archive.org/details/stackexchange,https://courtlistener.com/https:/archive.org/details/stackexchange,courtlistener.com,,False,0,no_relevant_dataset_download_link_found_in_page,,[],[],"{""matched"": false, ""score"": 0, ""text_context"": {""matched"": false, ""score"": 0, ""signals"": [], ""matched_terms"": [], ""local_context_samples"": []}, ""json_context"": {""matched"": false, ""score"": 0, ""signals"": []}, ""ai_context"": {""used"": false, ""matched"": false, ""label"": """", ""score"": 0.0, ""reason"": ""disabled""}}",False,False,0,no_http_metadata_dataset_signal,text/html,,https://courtlistener.com/https:/archive.org/details/stackexchange,,has_content_length,True,4,dataset_json_confirms_current_url,pdfs\2101.00027v1.dataset.json,1,"[""https://www.tensorflow.org/datasets""]",111,Stack Exchange,"[""Bibliotik"", ""Bibliotik private tracker"", ""BigQuery \\ndataset"", ""BigQuery dataset"", ""Book- Corpus2"", ""Book-\\nCorpus2"", ""BookCorpus"", ""BookCorpus datasets"", ""BookCorpus2"", ""Books3"", ""Common Crawl"", ""Common Crawl-based dataset"", ""Common \\nCrawl"", ""DM Mathematics"", ""DM \\nMathematics"", ""Dedupli- cation"", ""Dedupli-\\ncation"", ""DeepMind Mathematics dataset"", ""DragNet"", ""English Wikipedia""]",dataset_name_from_json_appears_in_input_url,False,False,0.0,not_used,disabled_or_not_needed,[],,,4,dataset,heuristica_3
2101.00027v1.pdf,body,https://bulkdata.uspto.gov/https://irclogs.ubuntu.com/https://philpapers.org/https://exporter.nih.gov/https://news.ycombinator.com,https://bulkdata.uspto.gov/https:/irclogs.ubuntu.com/https:/philpapers.org/https:/exporter.nih.gov/https:/news.ycombinator.com,bulkdata.uspto.gov,.com,False,0,page_download_error,.com,[],[],{},,False,0,http_error,,,,,,True,4,dataset_json_confirms_current_url,pdfs\2101.00027v1.dataset.json,1,"[""https://www.tensorflow.org/datasets""]",111,NIH ExPorter,"[""Bibliotik"", ""Bibliotik private tracker"", ""BigQuery \\ndataset"", ""BigQuery dataset"", ""Book- Corpus2"", ""Book-\\nCorpus2"", ""BookCorpus"", ""BookCorpus datasets"", ""BookCorpus2"", ""Books3"", ""Common Crawl"", ""Common Crawl-based dataset"", ""Common \\nCrawl"", ""DM Mathematics"", ""DM \\nMathematics"", ""Dedupli- cation"", ""Dedupli-\\ncation"", ""DeepMind Mathematics dataset"", ""DragNet"", ""English Wikipedia""]",dataset_name_from_json_appears_in_input_url,False,False,0.0,not_used,disabled_or_not_needed,[],,,4,dataset,heuristica_3
2101.00027v1.pdf,body,http://data.statmt.org/cc-100/.cantly,http://data.statmt.org/cc-100,data.statmt.org,,False,0,no_relevant_dataset_download_link_found_in_page,,[],[],"{""matched"": true, ""score"": 4, ""text_context"": {""matched"": true, ""score"": 4, ""signals"": [""page_has_dataset_terms"", ""page_has_download_terms""], ""matched_terms"": [""corpus"", ""dataset"", ""datasets"", ""download""], ""local_context_samples"": []}, ""json_context"": {""matched"": false, ""score"": 0, ""signals"": []}, ""ai_context"": {""used"": false, ""matched"": false, ""label"": """", ""score"": 0.0, ""reason"": ""disabled""}}",False,False,0,no_http_metadata_dataset_signal,text/html,,https://data.statmt.org/cc-100/,,has_content_length,False,0,dataset_json_does_not_confirm_current_url,pdfs\2101.00027v1.dataset.json,1,"[""https://www.tensorflow.org/datasets""]",111,,"[""Bibliotik"", ""Bibliotik private tracker"", ""BigQuery \\ndataset"", ""BigQuery dataset"", ""Book- Corpus2"", ""Book-\\nCorpus2"", ""BookCorpus"", ""BookCorpus datasets"", ""BookCorpus2"", ""Books3"", ""Common Crawl"", ""Common Crawl-based dataset"", ""Common \\nCrawl"", ""DM Mathematics"", ""DM \\nMathematics"", ""Dedupli- cation"", ""Dedupli-\\ncation"", ""DeepMind Mathematics dataset"", ""DragNet"", ""English Wikipedia""]",,False,False,0.0,not_used,disabled_or_not_needed,[],,,0,not_dataset,no_heuristic_matched
2101.00027v1.pdf,body,https://www.tensorflow.org/datasets/catalog/c4,https://tensorflow.org/datasets/catalog/c4,tensorflow.org,,False,0,no_relevant_dataset_download_link_found_in_page,,[],[],"{""matched"": true, ""score"": 5, ""text_context"": {""matched"": true, ""score"": 5, ""signals"": [""page_has_dataset_terms"", ""page_has_download_terms""], ""matched_terms"": [""corpus"", ""dataset"", ""datasets"", ""download"", ""downloads"", ""features"", ""labels"", ""samples""], ""local_context_samples"": []}, ""json_context"": {""matched"": false, ""score"": 0, ""signals"": []}, ""ai_context"": {""used"": false, ""matched"": false, ""label"": """", ""score"": 0.0, ""reason"": ""disabled""}}",False,False,0,no_http_metadata_dataset_signal,text/html,,https://www.tensorflow.org/datasets/catalog/c4,,has_content_length,True,4,dataset_json_confirms_current_url,pdfs\2101.00027v1.dataset.json,1,"[""https://www.tensorflow.org/datasets""]",111,,"[""Bibliotik"", ""Bibliotik private tracker"", ""BigQuery \\ndataset"", ""BigQuery dataset"", ""Book- Corpus2"", ""Book-\\nCorpus2"", ""BookCorpus"", ""BookCorpus datasets"", ""BookCorpus2"", ""Books3"", ""Common Crawl"", ""Common Crawl-based dataset"", ""Common \\nCrawl"", ""DM Mathematics"", ""DM \\nMathematics"", ""Dedupli- cation"", ""Dedupli-\\ncation"", ""DeepMind Mathematics dataset"", ""DragNet"", ""English Wikipedia""]",same_domain_as_dataset_like_url_and_input_has_dataset_signal,False,False,0.0,not_used,disabled_or_not_needed,[],,,4,dataset,heuristica_3
2101.00027v1.pdf,body,https://arxiv.org/help/bulk_data_s3,https://arxiv.org/help/bulk_data_s3,arxiv.org,,False,0,no_relevant_dataset_download_link_found_in_page,,[],[],"{""matched"": false, ""score"": 3, ""text_context"": {""matched"": false, ""score"": 3, ""signals"": [""page_has_dataset_terms"", ""page_has_download_terms""], ""matched_terms"": [""access"", ""available"", ""available at"", ""download"", ""records""], ""local_context_samples"": []}, ""json_context"": {""matched"": false, ""score"": 0, ""signals"": []}, ""ai_context"": {""used"": false, ""matched"": false, ""label"": """", ""score"": 0.0, ""reason"": ""disabled""}}",False,False,0,no_http_metadata_dataset_signal,text/html,,https://info.arxiv.org/help/bulk_data_s3,,has_content_length,True,4,dataset_json_confirms_current_url,pdfs\2101.00027v1.dataset.json,1,"[""https://www.tensorflow.org/datasets""]",111,,"[""Bibliotik"", ""Bibliotik private tracker"", ""BigQuery \\ndataset"", ""BigQuery dataset"", ""Book- Corpus2"", ""Book-\\nCorpus2"", ""BookCorpus"", ""BookCorpus datasets"", ""BookCorpus2"", ""Books3"", ""Common Crawl"", ""Common Crawl-based dataset"", ""Common \\nCrawl"", ""DM Mathematics"", ""DM \\nMathematics"", ""Dedupli- cation"", ""Dedupli-\\ncation"", ""DeepMind Mathematics dataset"", ""DragNet"", ""English Wikipedia""]",exact_raw_url_appears_in_dataset_json_and_input_has_dataset_signal,False,False,0.0,not_used,disabled_or_not_needed,[],,,4,dataset,heuristica_3
2101.00027v1.pdf,body,https://www.courtlistener.com/api/bulk-info/https://www.tensorflow.org/datasets/catalog/wikipedia#wikipedia20200301enC.15,https://courtlistener.com/api/bulk-info/https:/www.tensorflow.org/datasets/catalog/wikipedia,courtlistener.com,,False,0,no_relevant_dataset_download_link_found_in_page,,[],[],"{""matched"": false, ""score"": 0, ""text_context"": {""matched"": false, ""score"": 0, ""signals"": [], ""matched_terms"": [], ""local_context_samples"": []}, ""json_context"": {""matched"": false, ""score"": 0, ""signals"": []}, ""ai_context"": {""used"": false, ""matched"": false, ""label"": """", ""score"": 0.0, ""reason"": ""disabled""}}",False,False,0,no_http_metadata_dataset_signal,text/html,,https://courtlistener.com/api/bulk-info/https:/www.tensorflow.org/datasets/catalog/wikipedia,,has_content_length,True,4,dataset_json_confirms_current_url,pdfs\2101.00027v1.dataset.json,1,"[""https://www.tensorflow.org/datasets""]",111,English Wikipedia,"[""Bibliotik"", ""Bibliotik private tracker"", ""BigQuery \\ndataset"", ""BigQuery dataset"", ""Book- Corpus2"", ""Book-\\nCorpus2"", ""BookCorpus"", ""BookCorpus datasets"", ""BookCorpus2"", ""Books3"", ""Common Crawl"", ""Common Crawl-based dataset"", ""Common \\nCrawl"", ""DM Mathematics"", ""DM \\nMathematics"", ""Dedupli- cation"", ""Dedupli-\\ncation"", ""DeepMind Mathematics dataset"", ""DragNet"", ""English Wikipedia""]",dataset_name_from_json_appears_in_input_url,False,False,0.0,not_used,disabled_or_not_needed,[],,,4,dataset,heuristica_3
2101.00027v1.pdf,body,http://www.statmt.org/europarl/https://github.com/jdepoix/youtube-transcript-api,http://statmt.org/europarl/https:/github.com/jdepoix/youtube-transcript-api,statmt.org,,False,0,no_relevant_dataset_download_link_found_in_page,,[],[],"{""matched"": false, ""score"": 0, ""text_context"": {""matched"": false, ""score"": 0, ""signals"": [], ""matched_terms"": [], ""local_context_samples"": []}, ""json_context"": {""matched"": false, ""score"": 0, ""signals"": []}, ""ai_context"": {""used"": false, ""matched"": false, ""label"": """", ""score"": 0.0, ""reason"": ""disabled""}}",False,False,0,no_http_metadata_dataset_signal,text/html,,https://statmt.org/europarl/https:/github.com/jdepoix/youtube-transcript-api,,has_content_length,True,4,dataset_json_confirms_current_url,pdfs\2101.00027v1.dataset.json,1,"[""https://www.tensorflow.org/datasets""]",111,EuroParl,"[""Bibliotik"", ""Bibliotik private tracker"", ""BigQuery \\ndataset"", ""BigQuery dataset"", ""Book- Corpus2"", ""Book-\\nCorpus2"", ""BookCorpus"", ""BookCorpus datasets"", ""BookCorpus2"", ""Books3"", ""Common Crawl"", ""Common Crawl-based dataset"", ""Common \\nCrawl"", ""DM Mathematics"", ""DM \\nMathematics"", ""Dedupli- cation"", ""Dedupli-\\ncation"", ""DeepMind Mathematics dataset"", ""DragNet"", ""English Wikipedia""]",dataset_name_from_json_appears_in_input_url,False,False,0.0,not_used,disabled_or_not_needed,[],,,4,dataset,heuristica_3
2101.00027v1.pdf,body,https://github.com/vphill/pyoaiharvester/https://github.com/sdtblck/PDFextract,https://github.com/vphill/pyoaiharvester/https:/github.com/sdtblck/PDFextract,github.com,,False,0,no_relevant_dataset_download_link_found_in_page,,[],[],"{""matched"": false, ""score"": 2, ""text_context"": {""matched"": false, ""score"": 2, ""signals"": [""page_has_dataset_terms"", ""page_has_download_terms""], ""matched_terms"": [""available"", ""features""], ""local_context_samples"": []}, ""json_context"": {""matched"": false, ""score"": 0, ""signals"": []}, ""ai_context"": {""used"": false, ""matched"": false, ""label"": """", ""score"": 0.0, ""reason"": ""disabled""}}",False,False,0,no_http_metadata_dataset_signal,text/plain,,https://github.com/vphill/pyoaiharvester/https:/github.com/sdtblck/PDFextract,,has_content_length,False,0,dataset_json_does_not_confirm_current_url,pdfs\2101.00027v1.dataset.json,1,"[""https://www.tensorflow.org/datasets""]",111,,"[""Bibliotik"", ""Bibliotik private tracker"", ""BigQuery \\ndataset"", ""BigQuery dataset"", ""Book- Corpus2"", ""Book-\\nCorpus2"", ""BookCorpus"", ""BookCorpus datasets"", ""BookCorpus2"", ""Books3"", ""Common Crawl"", ""Common Crawl-based dataset"", ""Common \\nCrawl"", ""DM Mathematics"", ""DM \\nMathematics"", ""Dedupli- cation"", ""Dedupli-\\ncation"", ""DeepMind Mathematics dataset"", ""DragNet"", ""English Wikipedia""]",,False,False,0.0,not_used,disabled_or_not_needed,[],,,0,not_dataset,no_heuristic_matched
2101.00027v1.pdf,body,https://github.com/ekzhu/datasketch,https://github.com/ekzhu/datasketch,github.com,,False,0,no_relevant_dataset_download_link_found_in_page,,[],[],"{""matched"": false, ""score"": 3, ""text_context"": {""matched"": false, ""score"": 3, ""signals"": [""page_has_dataset_terms"", ""page_has_download_terms""], ""matched_terms"": [""available"", ""benchmark"", ""features""], ""local_context_samples"": []}, ""json_context"": {""matched"": false, ""score"": 0, ""signals"": []}, ""ai_context"": {""used"": false, ""matched"": false, ""label"": """", ""score"": 0.0, ""reason"": ""disabled""}}",False,False,0,no_http_metadata_dataset_signal,text/html,,https://github.com/ekzhu/datasketch,,,False,0,dataset_json_does_not_confirm_current_url,pdfs\2101.00027v1.dataset.json,1,"[""https://www.tensorflow.org/datasets""]",111,,"[""Bibliotik"", ""Bibliotik private tracker"", ""BigQuery \\ndataset"", ""BigQuery dataset"", ""Book- Corpus2"", ""Book-\\nCorpus2"", ""BookCorpus"", ""BookCorpus datasets"", ""BookCorpus2"", ""Books3"", ""Common Crawl"", ""Common Crawl-based dataset"", ""Common \\nCrawl"", ""DM Mathematics"", ""DM \\nMathematics"", ""Dedupli- cation"", ""Dedupli-\\ncation"", ""DeepMind Mathematics dataset"", ""DragNet"", ""English Wikipedia""]",,False,False,0.0,not_used,disabled_or_not_needed,[],,,0,not_dataset,no_heuristic_matched
2101.00027v1.pdf,note,https://www.courtlistener.com/,https://courtlistener.com/,courtlistener.com,,False,0,no_relevant_dataset_download_link_found_in_page,,[],[],"{""matched"": false, ""score"": 0, ""text_context"": {""matched"": false, ""score"": 0, ""signals"": [], ""matched_terms"": [], ""local_context_samples"": []}, ""json_context"": {""matched"": false, ""score"": 0, ""signals"": []}, ""ai_context"": {""used"": false, ""matched"": false, ""label"": """", ""score"": 0.0, ""reason"": ""disabled""}}",False,False,0,no_http_metadata_dataset_signal,text/html,,https://courtlistener.com/,,has_content_length,False,0,dataset_json_does_not_confirm_current_url,pdfs\2101.00027v1.dataset.json,1,"[""https://www.tensorflow.org/datasets""]",111,,"[""Bibliotik"", ""Bibliotik private tracker"", ""BigQuery \\ndataset"", ""BigQuery dataset"", ""Book- Corpus2"", ""Book-\\nCorpus2"", ""BookCorpus"", ""BookCorpus datasets"", ""BookCorpus2"", ""Books3"", ""Common Crawl"", ""Common Crawl-based dataset"", ""Common \\nCrawl"", ""DM Mathematics"", ""DM \\nMathematics"", ""Dedupli- cation"", ""Dedupli-\\ncation"", ""DeepMind Mathematics dataset"", ""DragNet"", ""English Wikipedia""]",,False,False,0.0,not_used,disabled_or_not_needed,[],,,0,not_dataset,no_heuristic_matched
2101.00027v1.pdf,note,https://archive.org/details/stackexchange,https://archive.org/details/stackexchange,archive.org,,False,0,no_relevant_dataset_download_link_found_in_page,,[],[],"{""matched"": true, ""score"": 5, ""text_context"": {""matched"": true, ""score"": 5, ""signals"": [""page_has_dataset_terms"", ""page_has_download_terms""], ""matched_terms"": [""access"", ""dataset"", ""datasets"", ""download"", ""labels""], ""local_context_samples"": []}, ""json_context"": {""matched"": false, ""score"": 0, ""signals"": []}, ""ai_context"": {""used"": false, ""matched"": false, ""label"": """", ""score"": 0.0, ""reason"": ""disabled""}}",False,False,0,no_http_metadata_dataset_signal,text/html,,https://archive.org/details/stackexchange,,,True,4,dataset_json_confirms_current_url,pdfs\2101.00027v1.dataset.json,1,"[""https://www.tensorflow.org/datasets""]",111,Stack Exchange,"[""Bibliotik"", ""Bibliotik private tracker"", ""BigQuery \\ndataset"", ""BigQuery dataset"", ""Book- Corpus2"", ""Book-\\nCorpus2"", ""BookCorpus"", ""BookCorpus datasets"", ""BookCorpus2"", ""Books3"", ""Common Crawl"", ""Common Crawl-based dataset"", ""Common \\nCrawl"", ""DM Mathematics"", ""DM \\nMathematics"", ""Dedupli- cation"", ""Dedupli-\\ncation"", ""DeepMind Mathematics dataset"", ""DragNet"", ""English Wikipedia""]",dataset_name_from_json_appears_in_input_url,False,False,0.0,not_used,disabled_or_not_needed,[],,,4,dataset,heuristica_3
2101.00027v1.pdf,note,https://bulkdata.uspto.gov/,https://bulkdata.uspto.gov/,bulkdata.uspto.gov,,False,0,page_download_error,,[],[],{},,False,0,http_error,,,,,,False,0,dataset_json_does_not_confirm_current_url,pdfs\2101.00027v1.dataset.json,1,"[""https://www.tensorflow.org/datasets""]",111,,"[""Bibliotik"", ""Bibliotik private tracker"", ""BigQuery \\ndataset"", ""BigQuery dataset"", ""Book- Corpus2"", ""Book-\\nCorpus2"", ""BookCorpus"", ""BookCorpus datasets"", ""BookCorpus2"", ""Books3"", ""Common Crawl"", ""Common Crawl-based dataset"", ""Common \\nCrawl"", ""DM Mathematics"", ""DM \\nMathematics"", ""Dedupli- cation"", ""Dedupli-\\ncation"", ""DeepMind Mathematics dataset"", ""DragNet"", ""English Wikipedia""]",,False,False,0.0,not_used,disabled_or_not_needed,[],,,0,not_dataset,no_heuristic_matched
2101.00027v1.pdf,note,https://irclogs.ubuntu.com/,https://irclogs.ubuntu.com/,irclogs.ubuntu.com,,False,0,no_relevant_dataset_download_link_found_in_page,,[],[],"{""matched"": false, ""score"": 0, ""text_context"": {""matched"": false, ""score"": 0, ""signals"": [], ""matched_terms"": [], ""local_context_samples"": []}, ""json_context"": {""matched"": false, ""score"": 0, ""signals"": []}, ""ai_context"": {""used"": false, ""matched"": false, ""label"": """", ""score"": 0.0, ""reason"": ""disabled""}}",False,False,0,no_http_metadata_dataset_signal,text/html,,https://irclogs.ubuntu.com/,,,True,4,dataset_json_confirms_current_url,pdfs\2101.00027v1.dataset.json,1,"[""https://www.tensorflow.org/datasets""]",111,Ubuntu IRC,"[""Bibliotik"", ""Bibliotik private tracker"", ""BigQuery \\ndataset"", ""BigQuery dataset"", ""Book- Corpus2"", ""Book-\\nCorpus2"", ""BookCorpus"", ""BookCorpus datasets"", ""BookCorpus2"", ""Books3"", ""Common Crawl"", ""Common Crawl-based dataset"", ""Common \\nCrawl"", ""DM Mathematics"", ""DM \\nMathematics"", ""Dedupli- cation"", ""Dedupli-\\ncation"", ""DeepMind Mathematics dataset"", ""DragNet"", ""English Wikipedia""]",dataset_name_from_json_appears_in_input_url,False,False,0.0,not_used,disabled_or_not_needed,[],,,4,dataset,heuristica_3
2101.00027v1.pdf,note,https://philpapers.org/,https://philpapers.org/,philpapers.org,,False,0,no_relevant_dataset_download_link_found_in_page,,[],[],"{""matched"": false, ""score"": 0, ""text_context"": {""matched"": false, ""score"": 0, ""signals"": [], ""matched_terms"": [], ""local_context_samples"": []}, ""json_context"": {""matched"": false, ""score"": 0, ""signals"": []}, ""ai_context"": {""used"": false, ""matched"": false, ""label"": """", ""score"": 0.0, ""reason"": ""disabled""}}",False,False,0,no_http_metadata_dataset_signal,text/html,,https://philpapers.org/,,,True,4,dataset_json_confirms_current_url,pdfs\2101.00027v1.dataset.json,1,"[""https://www.tensorflow.org/datasets""]",111,PhilPapers,"[""Bibliotik"", ""Bibliotik private tracker"", ""BigQuery \\ndataset"", ""BigQuery dataset"", ""Book- Corpus2"", ""Book-\\nCorpus2"", ""BookCorpus"", ""BookCorpus datasets"", ""BookCorpus2"", ""Books3"", ""Common Crawl"", ""Common Crawl-based dataset"", ""Common \\nCrawl"", ""DM Mathematics"", ""DM \\nMathematics"", ""Dedupli- cation"", ""Dedupli-\\ncation"", ""DeepMind Mathematics dataset"", ""DragNet"", ""English Wikipedia""]",dataset_name_from_json_appears_in_input_url,False,False,0.0,not_used,disabled_or_not_needed,[],,,4,dataset,heuristica_3
2101.00027v1.pdf,note,https://exporter.nih.gov/,https://exporter.nih.gov/,exporter.nih.gov,,False,0,page_download_error,,[],[],{},,False,0,http_error,,,,,,True,4,dataset_json_confirms_current_url,pdfs\2101.00027v1.dataset.json,1,"[""https://www.tensorflow.org/datasets""]",111,NIH ExPorter,"[""Bibliotik"", ""Bibliotik private tracker"", ""BigQuery \\ndataset"", ""BigQuery dataset"", ""Book- Corpus2"", ""Book-\\nCorpus2"", ""BookCorpus"", ""BookCorpus datasets"", ""BookCorpus2"", ""Books3"", ""Common Crawl"", ""Common Crawl-based dataset"", ""Common \\nCrawl"", ""DM Mathematics"", ""DM \\nMathematics"", ""Dedupli- cation"", ""Dedupli-\\ncation"", ""DeepMind Mathematics dataset"", ""DragNet"", ""English Wikipedia""]",dataset_name_from_json_appears_in_input_url,False,False,0.0,not_used,disabled_or_not_needed,[],,,4,dataset,heuristica_3
2101.00027v1.pdf,note,https://news.ycombinator.com,https://news.ycombinator.com,news.ycombinator.com,,False,0,no_relevant_dataset_download_link_found_in_page,,[],[],"{""matched"": false, ""score"": 0, ""text_context"": {""matched"": false, ""score"": 0, ""signals"": [], ""matched_terms"": [], ""local_context_samples"": []}, ""json_context"": {""matched"": false, ""score"": 0, ""signals"": []}, ""ai_context"": {""used"": false, ""matched"": false, ""label"": """", ""score"": 0.0, ""reason"": ""disabled""}}",False,False,0,no_http_metadata_dataset_signal,text/html,,https://news.ycombinator.com/,,,False,0,dataset_json_does_not_confirm_current_url,pdfs\2101.00027v1.dataset.json,1,"[""https://www.tensorflow.org/datasets""]",111,,"[""Bibliotik"", ""Bibliotik private tracker"", ""BigQuery \\ndataset"", ""BigQuery dataset"", ""Book- Corpus2"", ""Book-\\nCorpus2"", ""BookCorpus"", ""BookCorpus datasets"", ""BookCorpus2"", ""Books3"", ""Common Crawl"", ""Common Crawl-based dataset"", ""Common \\nCrawl"", ""DM Mathematics"", ""DM \\nMathematics"", ""Dedupli- cation"", ""Dedupli-\\ncation"", ""DeepMind Mathematics dataset"", ""DragNet"", ""English Wikipedia""]",,False,False,0.0,not_used,disabled_or_not_needed,[],,,0,not_dataset,no_heuristic_matched
2101.00027v1.pdf,note,https://www.tensorflow.org/datasets/catalog/wikipedia#wikipedia20200301enC.15,https://tensorflow.org/datasets/catalog/wikipedia,tensorflow.org,,False,0,no_relevant_dataset_download_link_found_in_page,,[],[],"{""matched"": true, ""score"": 5, ""text_context"": {""matched"": true, ""score"": 5, ""signals"": [""page_has_dataset_terms"", ""page_has_download_terms""], ""matched_terms"": [""dataset"", ""datasets"", ""download"", ""downloads"", ""features"", ""labels""], ""local_context_samples"": []}, ""json_context"": {""matched"": false, ""score"": 0, ""signals"": []}, ""ai_context"": {""used"": false, ""matched"": false, ""label"": """", ""score"": 0.0, ""reason"": ""disabled""}}",False,False,0,no_http_metadata_dataset_signal,text/html,,https://www.tensorflow.org/datasets/catalog/wikipedia,,has_content_length,True,8,dataset_json_confirms_current_url,pdfs\2101.00027v1.dataset.json,1,"[""https://www.tensorflow.org/datasets""]",111,English Wikipedia,"[""Bibliotik"", ""Bibliotik private tracker"", ""BigQuery \\ndataset"", ""BigQuery dataset"", ""Book- Corpus2"", ""Book-\\nCorpus2"", ""BookCorpus"", ""BookCorpus datasets"", ""BookCorpus2"", ""Books3"", ""Common Crawl"", ""Common Crawl-based dataset"", ""Common \\nCrawl"", ""DM Mathematics"", ""DM \\nMathematics"", ""Dedupli- cation"", ""Dedupli-\\ncation"", ""DeepMind Mathematics dataset"", ""DragNet"", ""English Wikipedia""]",same_domain_as_dataset_like_url_and_input_has_dataset_signal|dataset_name_from_json_appears_in_input_url,False,False,0.0,not_used,disabled_or_not_needed,[],,,8,dataset,heuristica_3
2101.00027v1.pdf,note,https://github.com/jdepoix/youtube-transcript-api,https://github.com/jdepoix/youtube-transcript-api,github.com,,False,0,no_relevant_dataset_download_link_found_in_page,,[],[],"{""matched"": true, ""score"": 4, ""text_context"": {""matched"": true, ""score"": 4, ""signals"": [""page_has_dataset_terms"", ""page_has_download_terms""], ""matched_terms"": [""access"", ""available"", ""features"", ""instances""], ""local_context_samples"": []}, ""json_context"": {""matched"": false, ""score"": 0, ""signals"": []}, ""ai_context"": {""used"": false, ""matched"": false, ""label"": """", ""score"": 0.0, ""reason"": ""disabled""}}",False,False,0,no_http_metadata_dataset_signal,text/html,,https://github.com/jdepoix/youtube-transcript-api,,,True,4,dataset_json_confirms_current_url,pdfs\2101.00027v1.dataset.json,1,"[""https://www.tensorflow.org/datasets""]",111,YouTube,"[""Bibliotik"", ""Bibliotik private tracker"", ""BigQuery \\ndataset"", ""BigQuery dataset"", ""Book- Corpus2"", ""Book-\\nCorpus2"", ""BookCorpus"", ""BookCorpus datasets"", ""BookCorpus2"", ""Books3"", ""Common Crawl"", ""Common Crawl-based dataset"", ""Common \\nCrawl"", ""DM Mathematics"", ""DM \\nMathematics"", ""Dedupli- cation"", ""Dedupli-\\ncation"", ""DeepMind Mathematics dataset"", ""DragNet"", ""English Wikipedia""]",dataset_name_from_json_appears_in_input_url,False,False,0.0,not_used,disabled_or_not_needed,[],,,4,dataset,heuristica_3
2105.03011v1.pdf,idno_doi,10.18653/v1/2020.findings-emnlp.66,https://doi.org/10.18653/v1/2020.findings-emnlp.66,doi.org,.66,False,0,no_relevant_dataset_download_link_found_in_page,.66,[],[],"{""matched"": false, ""score"": 3, ""text_context"": {""matched"": false, ""score"": 3, ""signals"": [""page_has_dataset_terms"", ""page_has_download_terms""], ""matched_terms"": [""corpus"", ""dataset"", ""download""], ""local_context_samples"": []}, ""json_context"": {""matched"": false, ""score"": 0, ""signals"": []}, ""ai_context"": {""used"": false, ""matched"": false, ""label"": """", ""score"": 0.0, ""reason"": ""disabled""}}",False,False,0,no_http_metadata_dataset_signal,text/html,,https://aclanthology.org/2020.findings-emnlp.66/,,has_content_length,False,0,dataset_json_does_not_confirm_current_url,pdfs\2105.03011v1.dataset.json,0,[],21,,"[""BioAsq"", ""BioAsq benchmarks"", ""DrugBank"", ""NarrativeQA"", ""Natural Ques- tions"", ""Natural Ques-\\ntions"", ""NewsQA"", ""PubmedQA"", ""QASPER"", ""QASPER dataset"", ""QUASAR-S dataset"", ""Quasar-S"", ""TriviaQA"", ""TyDiQA"", ""WikiHop"", ""WikiQA"", ""Workers"", ""graduate stu- dents"", ""graduate stu-\\ndents"", ""human performance estimates""]",,False,False,0.0,not_used,disabled_or_not_needed,[],,,0,not_dataset,no_heuristic_matched
2105.03011v1.pdf,idno_doi,10.18653/v1/D18-1241,https://doi.org/10.18653/v1/D18-1241,doi.org,,False,0,page_download_error,,[],[],{},,False,0,no_http_metadata_dataset_signal,text/html,,https://aclanthology.org/D18-1241/,,has_content_length,False,0,dataset_json_does_not_confirm_current_url,pdfs\2105.03011v1.dataset.json,0,[],21,,"[""BioAsq"", ""BioAsq benchmarks"", ""DrugBank"", ""NarrativeQA"", ""Natural Ques- tions"", ""Natural Ques-\\ntions"", ""NewsQA"", ""PubmedQA"", ""QASPER"", ""QASPER dataset"", ""QUASAR-S dataset"", ""Quasar-S"", ""TriviaQA"", ""TyDiQA"", ""WikiHop"", ""WikiQA"", ""Workers"", ""graduate stu- dents"", ""graduate stu-\\ndents"", ""human performance estimates""]",,False,False,0.0,not_used,disabled_or_not_needed,[],,,0,not_dataset,no_heuristic_matched
2105.03011v1.pdf,idno_doi,10.1162/tacl_a_00317,https://doi.org/10.1162/tacl_a_00317,doi.org,,False,0,no_relevant_dataset_download_link_found_in_page,,[],[],"{""matched"": false, ""score"": 0, ""text_context"": {""matched"": false, ""score"": 0, ""signals"": [], ""matched_terms"": [], ""local_context_samples"": []}, ""json_context"": {""matched"": false, ""score"": 0, ""signals"": []}, ""ai_context"": {""used"": false, ""matched"": false, ""label"": """", ""score"": 0.0, ""reason"": ""disabled""}}",False,False,0,no_http_metadata_dataset_signal,text/html,,https://direct.mit.edu/tacl/article/96451,,,False,0,dataset_json_does_not_confirm_current_url,pdfs\2105.03011v1.dataset.json,0,[],21,,"[""BioAsq"", ""BioAsq benchmarks"", ""DrugBank"", ""NarrativeQA"", ""Natural Ques- tions"", ""Natural Ques-\\ntions"", ""NewsQA"", ""PubmedQA"", ""QASPER"", ""QASPER dataset"", ""QUASAR-S dataset"", ""Quasar-S"", ""TriviaQA"", ""TyDiQA"", ""WikiHop"", ""WikiQA"", ""Workers"", ""graduate stu- dents"", ""graduate stu-\\ndents"", ""human performance estimates""]",,False,False,0.0,not_used,disabled_or_not_needed,[],,,0,not_dataset,no_heuristic_matched
2105.03011v1.pdf,idno_doi,10.18653/v1/D19-1606,https://doi.org/10.18653/v1/D19-1606,doi.org,,False,0,no_relevant_dataset_download_link_found_in_page,,[],[],"{""matched"": false, ""score"": 3, ""text_context"": {""matched"": false, ""score"": 3, ""signals"": [""page_has_dataset_terms"", ""page_has_download_terms""], ""matched_terms"": [""benchmark"", ""dataset"", ""download""], ""local_context_samples"": []}, ""json_context"": {""matched"": false, ""score"": 0, ""signals"": []}, ""ai_context"": {""used"": false, ""matched"": false, ""label"": """", ""score"": 0.0, ""reason"": ""disabled""}}",False,False,0,no_http_metadata_dataset_signal,text/html,,https://aclanthology.org/D19-1606/,,has_content_length,False,0,dataset_json_does_not_confirm_current_url,pdfs\2105.03011v1.dataset.json,0,[],21,,"[""BioAsq"", ""BioAsq benchmarks"", ""DrugBank"", ""NarrativeQA"", ""Natural Ques- tions"", ""Natural Ques-\\ntions"", ""NewsQA"", ""PubmedQA"", ""QASPER"", ""QASPER dataset"", ""QUASAR-S dataset"", ""Quasar-S"", ""TriviaQA"", ""TyDiQA"", ""WikiHop"", ""WikiQA"", ""Workers"", ""graduate stu- dents"", ""graduate stu-\\ndents"", ""human performance estimates""]",,False,False,0.0,not_used,disabled_or_not_needed,[],,,0,not_dataset,no_heuristic_matched
2105.03011v1.pdf,idno_doi,10.18653/v1/N19-1423,https://doi.org/10.18653/v1/N19-1423,doi.org,,False,0,page_download_error,,[],[],{},,False,0,no_http_metadata_dataset_signal,text/html,,https://aclanthology.org/N19-1423/,,has_content_length,False,0,dataset_json_does_not_confirm_current_url,pdfs\2105.03011v1.dataset.json,0,[],21,,"[""BioAsq"", ""BioAsq benchmarks"", ""DrugBank"", ""NarrativeQA"", ""Natural Ques- tions"", ""Natural Ques-\\ntions"", ""NewsQA"", ""PubmedQA"", ""QASPER"", ""QASPER dataset"", ""QUASAR-S dataset"", ""Quasar-S"", ""TriviaQA"", ""TyDiQA"", ""WikiHop"", ""WikiQA"", ""Workers"", ""graduate stu- dents"", ""graduate stu-\\ndents"", ""human performance estimates""]",,False,False,0.0,not_used,disabled_or_not_needed,[],,,0,not_dataset,no_heuristic_matched
2105.03011v1.pdf,idno_doi,10.18653/v1/2020.emnlp-main.86,https://doi.org/10.18653/v1/2020.emnlp-main.86,doi.org,.86,False,0,no_relevant_dataset_download_link_found_in_page,.86,[],[],"{""matched"": true, ""score"": 4, ""text_context"": {""matched"": true, ""score"": 4, ""signals"": [""page_has_dataset_terms"", ""page_has_download_terms""], ""matched_terms"": [""access"", ""dataset"", ""datasets"", ""download""], ""local_context_samples"": []}, ""json_context"": {""matched"": false, ""score"": 0, ""signals"": []}, ""ai_context"": {""used"": false, ""matched"": false, ""label"": """", ""score"": 0.0, ""reason"": ""disabled""}}",False,False,0,no_http_metadata_dataset_signal,text/html,,https://aclanthology.org/2020.emnlp-main.86/,,has_content_length,False,0,dataset_json_does_not_confirm_current_url,pdfs\2105.03011v1.dataset.json,0,[],21,,"[""BioAsq"", ""BioAsq benchmarks"", ""DrugBank"", ""NarrativeQA"", ""Natural Ques- tions"", ""Natural Ques-\\ntions"", ""NewsQA"", ""PubmedQA"", ""QASPER"", ""QASPER dataset"", ""QUASAR-S dataset"", ""Quasar-S"", ""TriviaQA"", ""TyDiQA"", ""WikiHop"", ""WikiQA"", ""Workers"", ""graduate stu- dents"", ""graduate stu-\\ndents"", ""human performance estimates""]",,False,False,0.0,not_used,disabled_or_not_needed,[],,,0,not_dataset,no_heuristic_matched
2105.03011v1.pdf,idno_doi,10.18653/v1/P18-1031,https://doi.org/10.18653/v1/P18-1031,doi.org,,False,0,no_relevant_dataset_download_link_found_in_page,,[],[],"{""matched"": false, ""score"": 3, ""text_context"": {""matched"": false, ""score"": 3, ""signals"": [""page_has_dataset_terms"", ""page_has_download_terms""], ""matched_terms"": [""dataset"", ""datasets"", ""download""], ""local_context_samples"": []}, ""json_context"": {""matched"": false, ""score"": 0, ""signals"": []}, ""ai_context"": {""used"": false, ""matched"": false, ""label"": """", ""score"": 0.0, ""reason"": ""disabled""}}",False,False,0,no_http_metadata_dataset_signal,text/html,,https://aclanthology.org/P18-1031/,,has_content_length,False,0,dataset_json_does_not_confirm_current_url,pdfs\2105.03011v1.dataset.json,0,[],21,,"[""BioAsq"", ""BioAsq benchmarks"", ""DrugBank"", ""NarrativeQA"", ""Natural Ques- tions"", ""Natural Ques-\\ntions"", ""NewsQA"", ""PubmedQA"", ""QASPER"", ""QASPER dataset"", ""QUASAR-S dataset"", ""Quasar-S"", ""TriviaQA"", ""TyDiQA"", ""WikiHop"", ""WikiQA"", ""Workers"", ""graduate stu- dents"", ""graduate stu-\\ndents"", ""human performance estimates""]",,False,False,0.0,not_used,disabled_or_not_needed,[],,,0,not_dataset,no_heuristic_matched
2105.03011v1.pdf,idno_doi,10.18653/v1/D19-1259,https://doi.org/10.18653/v1/D19-1259,doi.org,,False,0,no_relevant_dataset_download_link_found_in_page,,[],[],"{""matched"": true, ""score"": 4, ""text_context"": {""matched"": true, ""score"": 4, ""signals"": [""page_has_dataset_terms"", ""page_has_download_terms""], ""matched_terms"": [""available"", ""available at"", ""dataset"", ""download"", ""instances""], ""local_context_samples"": []}, ""json_context"": {""matched"": false, ""score"": 0, ""signals"": []}, ""ai_context"": {""used"": false, ""matched"": false, ""label"": """", ""score"": 0.0, ""reason"": ""disabled""}}",False,False,0,no_http_metadata_dataset_signal,text/html,,https://aclanthology.org/D19-1259/,,has_content_length,False,0,dataset_json_does_not_confirm_current_url,pdfs\2105.03011v1.dataset.json,0,[],21,,"[""BioAsq"", ""BioAsq benchmarks"", ""DrugBank"", ""NarrativeQA"", ""Natural Ques- tions"", ""Natural Ques-\\ntions"", ""NewsQA"", ""PubmedQA"", ""QASPER"", ""QASPER dataset"", ""QUASAR-S dataset"", ""Quasar-S"", ""TriviaQA"", ""TyDiQA"", ""WikiHop"", ""WikiQA"", ""Workers"", ""graduate stu- dents"", ""graduate stu-\\ndents"", ""human performance estimates""]",,False,False,0.0,not_used,disabled_or_not_needed,[],,,0,not_dataset,no_heuristic_matched
2105.03011v1.pdf,idno_doi,10.18653/v1/P17-1147,https://doi.org/10.18653/v1/P17-1147,doi.org,,False,0,no_relevant_dataset_download_link_found_in_page,,[],[],"{""matched"": false, ""score"": 3, ""text_context"": {""matched"": false, ""score"": 3, ""signals"": [""page_has_dataset_terms"", ""page_has_download_terms""], ""matched_terms"": [""dataset"", ""datasets"", ""download""], ""local_context_samples"": []}, ""json_context"": {""matched"": false, ""score"": 0, ""signals"": []}, ""ai_context"": {""used"": false, ""matched"": false, ""label"": """", ""score"": 0.0, ""reason"": ""disabled""}}",False,False,0,no_http_metadata_dataset_signal,text/html,,https://aclanthology.org/P17-1147/,,has_content_length,False,0,dataset_json_does_not_confirm_current_url,pdfs\2105.03011v1.dataset.json,0,[],21,,"[""BioAsq"", ""BioAsq benchmarks"", ""DrugBank"", ""NarrativeQA"", ""Natural Ques- tions"", ""Natural Ques-\\ntions"", ""NewsQA"", ""PubmedQA"", ""QASPER"", ""QASPER dataset"", ""QUASAR-S dataset"", ""Quasar-S"", ""TriviaQA"", ""TyDiQA"", ""WikiHop"", ""WikiQA"", ""Workers"", ""graduate stu- dents"", ""graduate stu-\\ndents"", ""human performance estimates""]",,False,False,0.0,not_used,disabled_or_not_needed,[],,,0,not_dataset,no_heuristic_matched
2105.03011v1.pdf,idno_doi,10.18653/v1/2020.acl-main.703,https://doi.org/10.18653/v1/2020.acl-main.703,doi.org,.703,False,0,no_relevant_dataset_download_link_found_in_page,.703,[],[],"{""matched"": false, ""score"": 1, ""text_context"": {""matched"": false, ""score"": 1, ""signals"": [""page_has_download_terms""], ""matched_terms"": [""download""], ""local_context_samples"": []}, ""json_context"": {""matched"": false, ""score"": 0, ""signals"": []}, ""ai_context"": {""used"": false, ""matched"": false, ""label"": """", ""score"": 0.0, ""reason"": ""disabled""}}",False,False,0,no_http_metadata_dataset_signal,text/html,,https://aclanthology.org/2020.acl-main.703/,,has_content_length,False,0,dataset_json_does_not_confirm_current_url,pdfs\2105.03011v1.dataset.json,0,[],21,,"[""BioAsq"", ""BioAsq benchmarks"", ""DrugBank"", ""NarrativeQA"", ""Natural Ques- tions"", ""Natural Ques-\\ntions"", ""NewsQA"", ""PubmedQA"", ""QASPER"", ""QASPER dataset"", ""QUASAR-S dataset"", ""Quasar-S"", ""TriviaQA"", ""TyDiQA"", ""WikiHop"", ""WikiQA"", ""Workers"", ""graduate stu- dents"", ""graduate stu-\\ndents"", ""human performance estimates""]",,False,False,0.0,not_used,disabled_or_not_needed,[],,,0,not_dataset,no_heuristic_matched
2105.03011v1.pdf,idno_doi,10.18653/v1/W18-5301,https://doi.org/10.18653/v1/W18-5301,doi.org,,False,0,no_relevant_dataset_download_link_found_in_page,,[],[],"{""matched"": false, ""score"": 1, ""text_context"": {""matched"": false, ""score"": 1, ""signals"": [""page_has_download_terms""], ""matched_terms"": [""download""], ""local_context_samples"": []}, ""json_context"": {""matched"": false, ""score"": 0, ""signals"": []}, ""ai_context"": {""used"": false, ""matched"": false, ""label"": """", ""score"": 0.0, ""reason"": ""disabled""}}",False,False,0,no_http_metadata_dataset_signal,text/html,,https://aclanthology.org/W18-5301/,,has_content_length,False,0,dataset_json_does_not_confirm_current_url,pdfs\2105.03011v1.dataset.json,0,[],21,,"[""BioAsq"", ""BioAsq benchmarks"", ""DrugBank"", ""NarrativeQA"", ""Natural Ques- tions"", ""Natural Ques-\\ntions"", ""NewsQA"", ""PubmedQA"", ""QASPER"", ""QASPER dataset"", ""QUASAR-S dataset"", ""Quasar-S"", ""TriviaQA"", ""TyDiQA"", ""WikiHop"", ""WikiQA"", ""Workers"", ""graduate stu- dents"", ""graduate stu-\\ndents"", ""human performance estimates""]",,False,False,0.0,not_used,disabled_or_not_needed,[],,,0,not_dataset,no_heuristic_matched
2105.03011v1.pdf,idno_doi,10.18653/v1/2020.emnlp-demos.17,https://doi.org/10.18653/v1/2020.emnlp-demos.17,doi.org,.17,False,0,no_relevant_dataset_download_link_found_in_page,.17,[],[],"{""matched"": false, ""score"": 2, ""text_context"": {""matched"": false, ""score"": 2, ""signals"": [""page_has_dataset_terms"", ""page_has_download_terms""], ""matched_terms"": [""annotation"", ""download""], ""local_context_samples"": []}, ""json_context"": {""matched"": false, ""score"": 0, ""signals"": []}, ""ai_context"": {""used"": false, ""matched"": false, ""label"": """", ""score"": 0.0, ""reason"": ""disabled""}}",False,False,0,no_http_metadata_dataset_signal,text/html,,https://aclanthology.org/2020.emnlp-demos.17/,,has_content_length,False,0,dataset_json_does_not_confirm_current_url,pdfs\2105.03011v1.dataset.json,0,[],21,,"[""BioAsq"", ""BioAsq benchmarks"", ""DrugBank"", ""NarrativeQA"", ""Natural Ques- tions"", ""Natural Ques-\\ntions"", ""NewsQA"", ""PubmedQA"", ""QASPER"", ""QASPER dataset"", ""QUASAR-S dataset"", ""Quasar-S"", ""TriviaQA"", ""TyDiQA"", ""WikiHop"", ""WikiQA"", ""Workers"", ""graduate stu- dents"", ""graduate stu-\\ndents"", ""human performance estimates""]",,False,False,0.0,not_used,disabled_or_not_needed,[],,,0,not_dataset,no_heuristic_matched
2105.03011v1.pdf,idno_doi,10.18653/v1/2020.bionlp-1.15,https://doi.org/10.18653/v1/2020.bionlp-1.15,doi.org,.15,False,0,no_relevant_dataset_download_link_found_in_page,.15,[],[],"{""matched"": false, ""score"": 3, ""text_context"": {""matched"": false, ""score"": 3, ""signals"": [""page_has_dataset_terms"", ""page_has_download_terms""], ""matched_terms"": [""available"", ""dataset"", ""download""], ""local_context_samples"": []}, ""json_context"": {""matched"": false, ""score"": 0, ""signals"": []}, ""ai_context"": {""used"": false, ""matched"": false, ""label"": """", ""score"": 0.0, ""reason"": ""disabled""}}",False,False,0,no_http_metadata_dataset_signal,text/html,,https://aclanthology.org/2020.bionlp-1.15/,,has_content_length,False,0,dataset_json_does_not_confirm_current_url,pdfs\2105.03011v1.dataset.json,0,[],21,,"[""BioAsq"", ""BioAsq benchmarks"", ""DrugBank"", ""NarrativeQA"", ""Natural Ques- tions"", ""Natural Ques-\\ntions"", ""NewsQA"", ""PubmedQA"", ""QASPER"", ""QASPER dataset"", ""QUASAR-S dataset"", ""Quasar-S"", ""TriviaQA"", ""TyDiQA"", ""WikiHop"", ""WikiQA"", ""Workers"", ""graduate stu- dents"", ""graduate stu-\\ndents"", ""human performance estimates""]",,False,False,0.0,not_used,disabled_or_not_needed,[],,,0,not_dataset,no_heuristic_matched
2105.03011v1.pdf,idno_doi,10.1162/tacl_a_00266,https://doi.org/10.1162/tacl_a_00266,doi.org,,False,0,no_relevant_dataset_download_link_found_in_page,,[],[],"{""matched"": false, ""score"": 0, ""text_context"": {""matched"": false, ""score"": 0, ""signals"": [], ""matched_terms"": [], ""local_context_samples"": []}, ""json_context"": {""matched"": false, ""score"": 0, ""signals"": []}, ""ai_context"": {""used"": false, ""matched"": false, ""label"": """", ""score"": 0.0, ""reason"": ""disabled""}}",False,False,0,no_http_metadata_dataset_signal,text/html,,https://direct.mit.edu/tacl/article/43511,,,False,0,dataset_json_does_not_confirm_current_url,pdfs\2105.03011v1.dataset.json,0,[],21,,"[""BioAsq"", ""BioAsq benchmarks"", ""DrugBank"", ""NarrativeQA"", ""Natural Ques- tions"", ""Natural Ques-\\ntions"", ""NewsQA"", ""PubmedQA"", ""QASPER"", ""QASPER dataset"", ""QUASAR-S dataset"", ""Quasar-S"", ""TriviaQA"", ""TyDiQA"", ""WikiHop"", ""WikiQA"", ""Workers"", ""graduate stu- dents"", ""graduate stu-\\ndents"", ""human performance estimates""]",,False,False,0.0,not_used,disabled_or_not_needed,[],,,0,not_dataset,no_heuristic_matched
2105.03011v1.pdf,idno_doi,10.18653/v1/W17-2623,https://doi.org/10.18653/v1/W17-2623,doi.org,,False,0,no_relevant_dataset_download_link_found_in_page,,[],[],"{""matched"": false, ""score"": 3, ""text_context"": {""matched"": false, ""score"": 3, ""signals"": [""page_has_dataset_terms"", ""page_has_download_terms""], ""matched_terms"": [""available"", ""dataset"", ""download""], ""local_context_samples"": []}, ""json_context"": {""matched"": false, ""score"": 0, ""signals"": []}, ""ai_context"": {""used"": false, ""matched"": false, ""label"": """", ""score"": 0.0, ""reason"": ""disabled""}}",False,False,0,no_http_metadata_dataset_signal,text/html,,https://aclanthology.org/W17-2623/,,has_content_length,False,0,dataset_json_does_not_confirm_current_url,pdfs\2105.03011v1.dataset.json,0,[],21,,"[""BioAsq"", ""BioAsq benchmarks"", ""DrugBank"", ""NarrativeQA"", ""Natural Ques- tions"", ""Natural Ques-\\ntions"", ""NewsQA"", ""PubmedQA"", ""QASPER"", ""QASPER dataset"", ""QUASAR-S dataset"", ""Quasar-S"", ""TriviaQA"", ""TyDiQA"", ""WikiHop"", ""WikiQA"", ""Workers"", ""graduate stu- dents"", ""graduate stu-\\ndents"", ""human performance estimates""]",,False,False,0.0,not_used,disabled_or_not_needed,[],,,0,not_dataset,no_heuristic_matched
2105.03011v1.pdf,idno_doi,10.18653/v1/D15-1237,https://doi.org/10.18653/v1/D15-1237,doi.org,,False,0,no_relevant_dataset_download_link_found_in_page,,[],[],"{""matched"": false, ""score"": 2, ""text_context"": {""matched"": false, ""score"": 2, ""signals"": [""page_has_dataset_terms"", ""page_has_download_terms""], ""matched_terms"": [""dataset"", ""download""], ""local_context_samples"": []}, ""json_context"": {""matched"": false, ""score"": 0, ""signals"": []}, ""ai_context"": {""used"": false, ""matched"": false, ""label"": """", ""score"": 0.0, ""reason"": ""disabled""}}",False,False,0,no_http_metadata_dataset_signal,text/html,,https://aclanthology.org/D15-1237/,,has_content_length,False,0,dataset_json_does_not_confirm_current_url,pdfs\2105.03011v1.dataset.json,0,[],21,,"[""BioAsq"", ""BioAsq benchmarks"", ""DrugBank"", ""NarrativeQA"", ""Natural Ques- tions"", ""Natural Ques-\\ntions"", ""NewsQA"", ""PubmedQA"", ""QASPER"", ""QASPER dataset"", ""QUASAR-S dataset"", ""Quasar-S"", ""TriviaQA"", ""TyDiQA"", ""WikiHop"", ""WikiQA"", ""Workers"", ""graduate stu- dents"", ""graduate stu-\\ndents"", ""human performance estimates""]",,False,False,0.0,not_used,disabled_or_not_needed,[],,,0,not_dataset,no_heuristic_matched
2105.03011v1.pdf,body,https://allenai.org/project/qasper.We,https://allenai.org/project/qasper.We,allenai.org,.we,False,0,no_relevant_dataset_download_link_found_in_page,.we,[],[],"{""matched"": false, ""score"": 0, ""text_context"": {""matched"": false, ""score"": 0, ""signals"": [], ""matched_terms"": []}, ""json_context"": {""matched"": false, ""score"": 0, ""signals"": []}, ""ai_context"": {""used"": false, ""matched"": false, ""label"": """", ""score"": 0.0, ""reason"": ""disabled""}}",False,False,0,no_http_metadata_dataset_signal,text/html,,https://allenai.org/project/qasper.We,.we,,True,4,dataset_json_confirms_current_url,pdfs\2105.03011v1.dataset.json,0,[],21,QASPER,"[""BioAsq"", ""BioAsq benchmarks"", ""DrugBank"", ""NarrativeQA"", ""Natural Ques- tions"", ""Natural Ques-\\ntions"", ""NewsQA"", ""PubmedQA"", ""QASPER"", ""QASPER dataset"", ""QUASAR-S dataset"", ""Quasar-S"", ""TriviaQA"", ""TyDiQA"", ""WikiHop"", ""WikiQA"", ""Workers"", ""graduate stu- dents"", ""graduate stu-\\ndents"", ""human performance estimates""]",dataset_name_from_json_appears_in_input_url,False,False,0.0,not_used,disabled_or_not_needed,[],,,4,dataset,heuristica_3
2105.03011v1.pdf,body,http://semanticscholar.org,http://semanticscholar.org,semanticscholar.org,,False,0,no_relevant_dataset_download_link_found_in_page,,[],[],"{""matched"": false, ""score"": 1, ""text_context"": {""matched"": false, ""score"": 1, ""signals"": [""page_has_download_terms""], ""matched_terms"": [""access""], ""local_context_samples"": []}, ""json_context"": {""matched"": false, ""score"": 0, ""signals"": []}, ""ai_context"": {""used"": false, ""matched"": false, ""label"": """", ""score"": 0.0, ""reason"": ""disabled""}}",False,False,0,no_http_metadata_dataset_signal,text/html,,https://www.semanticscholar.org/,,,False,0,dataset_json_does_not_confirm_current_url,pdfs\2105.03011v1.dataset.json,0,[],21,,"[""BioAsq"", ""BioAsq benchmarks"", ""DrugBank"", ""NarrativeQA"", ""Natural Ques- tions"", ""Natural Ques-\\ntions"", ""NewsQA"", ""PubmedQA"", ""QASPER"", ""QASPER dataset"", ""QUASAR-S dataset"", ""Quasar-S"", ""TriviaQA"", ""TyDiQA"", ""WikiHop"", ""WikiQA"", ""Workers"", ""graduate stu- dents"", ""graduate stu-\\ndents"", ""human performance estimates""]",,False,False,0.0,not_used,disabled_or_not_needed,[],,,0,not_dataset,no_heuristic_matched
2105.03011v1.pdf,body,https://www.upwork.com/Two,https://upwork.com/Two,upwork.com,,False,0,no_relevant_dataset_download_link_found_in_page,,[],[],"{""matched"": false, ""score"": 0, ""text_context"": {""matched"": false, ""score"": 0, ""signals"": [], ""matched_terms"": [], ""local_context_samples"": []}, ""json_context"": {""matched"": false, ""score"": 0, ""signals"": []}, ""ai_context"": {""used"": false, ""matched"": false, ""label"": """", ""score"": 0.0, ""reason"": ""disabled""}}",False,False,0,no_http_metadata_dataset_signal,text/html,,https://www.upwork.com/Two,,,False,0,dataset_json_does_not_confirm_current_url,pdfs\2105.03011v1.dataset.json,0,[],21,,"[""BioAsq"", ""BioAsq benchmarks"", ""DrugBank"", ""NarrativeQA"", ""Natural Ques- tions"", ""Natural Ques-\\ntions"", ""NewsQA"", ""PubmedQA"", ""QASPER"", ""QASPER dataset"", ""QUASAR-S dataset"", ""Quasar-S"", ""TriviaQA"", ""TyDiQA"", ""WikiHop"", ""WikiQA"", ""Workers"", ""graduate stu- dents"", ""graduate stu-\\ndents"", ""human performance estimates""]",,False,False,0.0,not_used,disabled_or_not_needed,[],,,0,not_dataset,no_heuristic_matched
2105.03011v1.pdf,body,https://paperswithcode.com/task/question-answering,https://paperswithcode.com/task/question-answering,paperswithcode.com,,False,0,no_relevant_dataset_download_link_found_in_page,,[],[],"{""matched"": false, ""score"": 3, ""text_context"": {""matched"": false, ""score"": 3, ""signals"": [""page_has_dataset_terms""], ""matched_terms"": [""benchmark"", ""dataset"", ""datasets""], ""local_context_samples"": []}, ""json_context"": {""matched"": false, ""score"": 0, ""signals"": []}, ""ai_context"": {""used"": false, ""matched"": false, ""label"": """", ""score"": 0.0, ""reason"": ""disabled""}}",False,False,0,no_http_metadata_dataset_signal,text/html,,https://huggingface.co/papers/trending,,has_content_length,False,0,dataset_json_does_not_confirm_current_url,pdfs\2105.03011v1.dataset.json,0,[],21,,"[""BioAsq"", ""BioAsq benchmarks"", ""DrugBank"", ""NarrativeQA"", ""Natural Ques- tions"", ""Natural Ques-\\ntions"", ""NewsQA"", ""PubmedQA"", ""QASPER"", ""QASPER dataset"", ""QUASAR-S dataset"", ""Quasar-S"", ""TriviaQA"", ""TyDiQA"", ""WikiHop"", ""WikiQA"", ""Workers"", ""graduate stu- dents"", ""graduate stu-\\ndents"", ""human performance estimates""]",,False,False,0.0,not_used,disabled_or_not_needed,[],,,0,not_dataset,no_heuristic_matched
2105.03011v1.pdf,note,https://www.upwork.com/,https://upwork.com/,upwork.com,,False,0,no_relevant_dataset_download_link_found_in_page,,[],[],"{""matched"": true, ""score"": 5, ""text_context"": {""matched"": true, ""score"": 5, ""signals"": [""page_has_dataset_terms"", ""page_has_download_terms""], ""matched_terms"": [""access"", ""annotation"", ""dataset"", ""datasets"", ""download"", ""features""], ""local_context_samples"": []}, ""json_context"": {""matched"": false, ""score"": 0, ""signals"": []}, ""ai_context"": {""used"": false, ""matched"": false, ""label"": """", ""score"": 0.0, ""reason"": ""disabled""}}",False,False,0,no_http_metadata_dataset_signal,text/html,,https://www.upwork.com/,,,False,0,dataset_json_does_not_confirm_current_url,pdfs\2105.03011v1.dataset.json,0,[],21,,"[""BioAsq"", ""BioAsq benchmarks"", ""DrugBank"", ""NarrativeQA"", ""Natural Ques- tions"", ""Natural Ques-\\ntions"", ""NewsQA"", ""PubmedQA"", ""QASPER"", ""QASPER dataset"", ""QUASAR-S dataset"", ""Quasar-S"", ""TriviaQA"", ""TyDiQA"", ""WikiHop"", ""WikiQA"", ""Workers"", ""graduate stu- dents"", ""graduate stu-\\ndents"", ""human performance estimates""]",,False,False,0.0,not_used,disabled_or_not_needed,[],,,0,not_dataset,no_heuristic_matched
2106.04463v3.pdf,target,https://doi.org/10.7303/syn26376615,https://doi.org/10.7303/syn26376615,doi.org,,False,0,no_relevant_dataset_download_link_found_in_page,,[],[],"{""matched"": false, ""score"": 0, ""text_context"": {""matched"": false, ""score"": 0, ""signals"": [], ""matched_terms"": [], ""local_context_samples"": []}, ""json_context"": {""matched"": false, ""score"": 0, ""signals"": []}, ""ai_context"": {""used"": false, ""matched"": false, ""label"": """", ""score"": 0.0, ""reason"": ""disabled""}}",False,False,0,no_http_metadata_dataset_signal,text/html,,https://www.synapse.org/#!Synapse:syn26376615,,,False,0,dataset_json_does_not_confirm_current_url,pdfs\2106.04463v3.dataset.json,0,[],18,,"[""Atlas of GI Endoscope"", ""DeepLabV"", ""El salvador atlas"", ""EndoCV"", ""PSPNet encoder"", ""PolypGen"", ""PolypGen data"", ""PolypGen dataset"", ""Pyramid Scene Parsing Network"", ""ResNetUNet"", ""image samples"", ""patient videos"", ""polyp samples"", ""polypGen dataset"", ""segmentation performances"", ""sequence dataset"", ""sequences"", ""videos""]",,False,False,0.0,not_used,disabled_or_not_needed,[],,,0,not_dataset,no_heuristic_matched
2106.04463v3.pdf,target,http://www.pascal-network.org/challenges/VOC/voc2012/workshop/index.html,http://pascal-network.org/challenges/VOC/voc2012/workshop/index.html,pascal-network.org,.html,False,0,no_relevant_dataset_download_link_found_in_page,.html,[],[],"{""matched"": false, ""score"": 0, ""text_context"": {""matched"": false, ""score"": 0, ""signals"": [], ""matched_terms"": [], ""local_context_samples"": []}, ""json_context"": {""matched"": false, ""score"": 0, ""signals"": []}, ""ai_context"": {""used"": false, ""matched"": false, ""label"": """", ""score"": 0.0, ""reason"": ""disabled""}}",False,False,0,no_http_metadata_dataset_signal,text/html,,http://www.pascal-network.org,,,True,4,dataset_json_confirms_current_url,pdfs\2106.04463v3.dataset.json,0,[],18,Pyramid Scene Parsing Network,"[""Atlas of GI Endoscope"", ""DeepLabV"", ""El salvador atlas"", ""EndoCV"", ""PSPNet encoder"", ""PolypGen"", ""PolypGen data"", ""PolypGen dataset"", ""Pyramid Scene Parsing Network"", ""ResNetUNet"", ""image samples"", ""patient videos"", ""polyp samples"", ""polypGen dataset"", ""segmentation performances"", ""sequence dataset"", ""sequences"", ""videos""]",dataset_name_from_json_appears_in_input_url,False,False,0.0,not_used,disabled_or_not_needed,[],,,4,dataset,heuristica_3
2106.04463v3.pdf,idno_doi,10.1016/S0140-6736(13)61649-9,https://doi.org/10.1016/S0140-6736(13)61649-9,doi.org,,False,0,no_relevant_dataset_download_link_found_in_page,,[],[],"{""matched"": false, ""score"": 0, ""text_context"": {""matched"": false, ""score"": 0, ""signals"": [], ""matched_terms"": [], ""local_context_samples"": []}, ""json_context"": {""matched"": false, ""score"": 0, ""signals"": []}, ""ai_context"": {""used"": false, ""matched"": false, ""label"": """", ""score"": 0.0, ""reason"": ""disabled""}}",False,False,0,no_http_metadata_dataset_signal,text/html,,https://linkinghub.elsevier.com/retrieve/pii/S0140673613616499,,has_content_length,False,0,dataset_json_does_not_confirm_current_url,pdfs\2106.04463v3.dataset.json,0,[],18,,"[""Atlas of GI Endoscope"", ""DeepLabV"", ""El salvador atlas"", ""EndoCV"", ""PSPNet encoder"", ""PolypGen"", ""PolypGen data"", ""PolypGen dataset"", ""Pyramid Scene Parsing Network"", ""ResNetUNet"", ""image samples"", ""patient videos"", ""polyp samples"", ""polypGen dataset"", ""segmentation performances"", ""sequence dataset"", ""sequences"", ""videos""]",,False,False,0.0,not_used,disabled_or_not_needed,[],,,0,not_dataset,no_heuristic_matched
2106.04463v3.pdf,idno_doi,10.1053/j.gastro.2019.01.260,https://doi.org/10.1053/j.gastro.2019.01.260,doi.org,.260,False,0,no_relevant_dataset_download_link_found_in_page,.260,[],[],"{""matched"": false, ""score"": 0, ""text_context"": {""matched"": false, ""score"": 0, ""signals"": [], ""matched_terms"": [], ""local_context_samples"": []}, ""json_context"": {""matched"": false, ""score"": 0, ""signals"": []}, ""ai_context"": {""used"": false, ""matched"": false, ""label"": """", ""score"": 0.0, ""reason"": ""disabled""}}",False,False,0,no_http_metadata_dataset_signal,text/html,,https://linkinghub.elsevier.com/retrieve/pii/S0016508519303609,,has_content_length,False,0,dataset_json_does_not_confirm_current_url,pdfs\2106.04463v3.dataset.json,0,[],18,,"[""Atlas of GI Endoscope"", ""DeepLabV"", ""El salvador atlas"", ""EndoCV"", ""PSPNet encoder"", ""PolypGen"", ""PolypGen data"", ""PolypGen dataset"", ""Pyramid Scene Parsing Network"", ""ResNetUNet"", ""image samples"", ""patient videos"", ""polyp samples"", ""polypGen dataset"", ""segmentation performances"", ""sequence dataset"", ""sequences"", ""videos""]",,False,False,0.0,not_used,disabled_or_not_needed,[],,,0,not_dataset,no_heuristic_matched
2106.04463v3.pdf,idno_doi,10.1001/archsurg.1988.01400320112031,https://doi.org/10.1001/archsurg.1988.01400320112031,doi.org,.01400320112031,False,0,no_relevant_dataset_download_link_found_in_page,.01400320112031,[],[],"{""matched"": false, ""score"": 0, ""text_context"": {""matched"": false, ""score"": 0, ""signals"": [], ""matched_terms"": [], ""local_context_samples"": []}, ""json_context"": {""matched"": false, ""score"": 0, ""signals"": []}, ""ai_context"": {""used"": false, ""matched"": false, ""label"": """", ""score"": 0.0, ""reason"": ""disabled""}}",False,False,0,no_http_metadata_dataset_signal,text/html,,https://jamanetwork.com/article.aspx?doi=10.1001/archsurg.1988.01400320112031,.aspx,,False,0,dataset_json_does_not_confirm_current_url,pdfs\2106.04463v3.dataset.json,0,[],18,,"[""Atlas of GI Endoscope"", ""DeepLabV"", ""El salvador atlas"", ""EndoCV"", ""PSPNet encoder"", ""PolypGen"", ""PolypGen data"", ""PolypGen dataset"", ""Pyramid Scene Parsing Network"", ""ResNetUNet"", ""image samples"", ""patient videos"", ""polyp samples"", ""polypGen dataset"", ""segmentation performances"", ""sequence dataset"", ""sequences"", ""videos""]",,False,False,0.0,not_used,disabled_or_not_needed,[],,,0,not_dataset,no_heuristic_matched
2106.04463v3.pdf,idno_doi,10.1016/j.media.2021.102002,https://doi.org/10.1016/j.media.2021.102002,doi.org,.102002,False,0,no_relevant_dataset_download_link_found_in_page,.102002,[],[],"{""matched"": false, ""score"": 0, ""text_context"": {""matched"": false, ""score"": 0, ""signals"": [], ""matched_terms"": [], ""local_context_samples"": []}, ""json_context"": {""matched"": false, ""score"": 0, ""signals"": []}, ""ai_context"": {""used"": false, ""matched"": false, ""label"": """", ""score"": 0.0, ""reason"": ""disabled""}}",False,False,0,no_http_metadata_dataset_signal,text/html,,https://linkinghub.elsevier.com/retrieve/pii/S1361841521000487,,has_content_length,False,0,dataset_json_does_not_confirm_current_url,pdfs\2106.04463v3.dataset.json,0,[],18,,"[""Atlas of GI Endoscope"", ""DeepLabV"", ""El salvador atlas"", ""EndoCV"", ""PSPNet encoder"", ""PolypGen"", ""PolypGen data"", ""PolypGen dataset"", ""Pyramid Scene Parsing Network"", ""ResNetUNet"", ""image samples"", ""patient videos"", ""polyp samples"", ""polypGen dataset"", ""segmentation performances"", ""sequence dataset"", ""sequences"", ""videos""]",,False,False,0.0,not_used,disabled_or_not_needed,[],,,0,not_dataset,no_heuristic_matched
2106.04463v3.pdf,idno_doi,10.2196/26151,https://doi.org/10.2196/26151,doi.org,,False,0,no_relevant_dataset_download_link_found_in_page,,[],[],"{""matched"": true, ""score"": 5, ""text_context"": {""matched"": true, ""score"": 5, ""signals"": [""page_has_dataset_terms"", ""page_has_download_terms""], ""matched_terms"": [""access"", ""annotation"", ""available"", ""available at"", ""data set"", ""data sets"", ""database"", ""dataset"", ""datasets"", ""download"", ""labels"", ""training data"", ""validation data""], ""local_context_samples"": []}, ""json_context"": {""matched"": false, ""score"": 0, ""signals"": []}, ""ai_context"": {""used"": false, ""matched"": false, ""label"": """", ""score"": 0.0, ""reason"": ""disabled""}}",False,False,0,no_http_metadata_dataset_signal,text/html,,https://www.jmir.org/2021/7/e26151,,has_content_length,False,0,dataset_json_does_not_confirm_current_url,pdfs\2106.04463v3.dataset.json,0,[],18,,"[""Atlas of GI Endoscope"", ""DeepLabV"", ""El salvador atlas"", ""EndoCV"", ""PSPNet encoder"", ""PolypGen"", ""PolypGen data"", ""PolypGen dataset"", ""Pyramid Scene Parsing Network"", ""ResNetUNet"", ""image samples"", ""patient videos"", ""polyp samples"", ""polypGen dataset"", ""segmentation performances"", ""sequence dataset"", ""sequences"", ""videos""]",,False,False,0.0,not_used,disabled_or_not_needed,[],,,0,not_dataset,no_heuristic_matched
2106.04463v3.pdf,idno_doi,10.1038/s41598-020-59413-5,https://doi.org/10.1038/s41598-020-59413-5,doi.org,,False,0,no_relevant_dataset_download_link_found_in_page,,[],[],"{""matched"": true, ""score"": 5, ""text_context"": {""matched"": true, ""score"": 5, ""signals"": [""page_has_dataset_terms"", ""page_has_download_terms""], ""matched_terms"": [""access"", ""annotation"", ""annotations"", ""available"", ""benchmark"", ""data set"", ""data sets"", ""dataset"", ""datasets"", ""download"", ""features"", ""instances"", ""labels""], ""local_context_samples"": []}, ""json_context"": {""matched"": false, ""score"": 0, ""signals"": []}, ""ai_context"": {""used"": false, ""matched"": false, ""label"": """", ""score"": 0.0, ""reason"": ""disabled""}}",False,False,0,no_http_metadata_dataset_signal,text/html,,https://www.nature.com/articles/s41598-020-59413-5,,,False,0,dataset_json_does_not_confirm_current_url,pdfs\2106.04463v3.dataset.json,0,[],18,,"[""Atlas of GI Endoscope"", ""DeepLabV"", ""El salvador atlas"", ""EndoCV"", ""PSPNet encoder"", ""PolypGen"", ""PolypGen data"", ""PolypGen dataset"", ""Pyramid Scene Parsing Network"", ""ResNetUNet"", ""image samples"", ""patient videos"", ""polyp samples"", ""polypGen dataset"", ""segmentation performances"", ""sequence dataset"", ""sequences"", ""videos""]",,False,False,0.0,not_used,disabled_or_not_needed,[],,,0,not_dataset,no_heuristic_matched
2106.04463v3.pdf,body,https://labelbox.com,https://labelbox.com,labelbox.com,,False,0,no_relevant_dataset_download_link_found_in_page,,[],[],"{""matched"": true, ""score"": 4, ""text_context"": {""matched"": true, ""score"": 4, ""signals"": [""page_has_dataset_terms"", ""page_has_download_terms""], ""matched_terms"": [""access"", ""annotation"", ""annotations"", ""benchmark"", ""dataset"", ""datasets""], ""local_context_samples"": []}, ""json_context"": {""matched"": false, ""score"": 0, ""signals"": []}, ""ai_context"": {""used"": false, ""matched"": false, ""label"": """", ""score"": 0.0, ""reason"": ""disabled""}}",False,False,0,no_http_metadata_dataset_signal,text/html,inline,https://labelbox.com/,,,False,0,dataset_json_does_not_confirm_current_url,pdfs\2106.04463v3.dataset.json,0,[],18,,"[""Atlas of GI Endoscope"", ""DeepLabV"", ""El salvador atlas"", ""EndoCV"", ""PSPNet encoder"", ""PolypGen"", ""PolypGen data"", ""PolypGen dataset"", ""Pyramid Scene Parsing Network"", ""ResNetUNet"", ""image samples"", ""patient videos"", ""polyp samples"", ""polypGen dataset"", ""segmentation performances"", ""sequence dataset"", ""sequences"", ""videos""]",,False,False,0.0,not_used,disabled_or_not_needed,[],,,0,not_dataset,no_heuristic_matched
2106.04463v3.pdf,back,https://github.com/sharibox/PolypGen-Benchmark.git.All,https://github.com/sharibox/PolypGen-Benchmark.git.All,github.com,.all,False,0,no_relevant_dataset_download_link_found_in_page,.all,[],[],"{""matched"": false, ""score"": 2, ""text_context"": {""matched"": false, ""score"": 2, ""signals"": [""page_has_dataset_terms"", ""page_has_download_terms""], ""matched_terms"": [""available"", ""features""], ""local_context_samples"": []}, ""json_context"": {""matched"": false, ""score"": 0, ""signals"": []}, ""ai_context"": {""used"": false, ""matched"": false, ""label"": """", ""score"": 0.0, ""reason"": ""disabled""}}",False,False,0,no_http_metadata_dataset_signal,text/html,,https://github.com/sharibox/PolypGen-Benchmark.git.All,.all,,True,4,dataset_json_confirms_current_url,pdfs\2106.04463v3.dataset.json,0,[],18,PolypGen,"[""Atlas of GI Endoscope"", ""DeepLabV"", ""El salvador atlas"", ""EndoCV"", ""PSPNet encoder"", ""PolypGen"", ""PolypGen data"", ""PolypGen dataset"", ""Pyramid Scene Parsing Network"", ""ResNetUNet"", ""image samples"", ""patient videos"", ""polyp samples"", ""polypGen dataset"", ""segmentation performances"", ""sequence dataset"", ""sequences"", ""videos""]",dataset_name_from_json_appears_in_input_url,False,False,0.0,not_used,disabled_or_not_needed,[],,,4,dataset,heuristica_3
2111.02114v1.pdf,body,https://laion.ai/laion-400-open-dataset/Preprint.Under,https://laion.ai/laion-400-open-dataset/Preprint.Under,laion.ai,.under,False,0,no_relevant_dataset_download_link_found_in_page,.under,[],[],"{""matched"": false, ""score"": 0, ""text_context"": {""matched"": false, ""score"": 0, ""signals"": [], ""matched_terms"": [], ""local_context_samples"": []}, ""json_context"": {""matched"": false, ""score"": 0, ""signals"": []}, ""ai_context"": {""used"": false, ""matched"": false, ""label"": """", ""score"": 0.0, ""reason"": ""disabled""}}",False,False,0,no_http_metadata_dataset_signal,text/html,,https://laion.ai/laion-400-open-dataset/Preprint.Under,.under,has_content_length,False,0,dataset_json_does_not_confirm_current_url,pdfs\2111.02114v1.dataset.json,0,[],1,,"[""ImageNet""]",,False,False,0.0,not_used,disabled_or_not_needed,[],,,0,not_dataset,no_heuristic_matched
2111.02114v1.pdf,body,https://rom1504.github.io/clip-retrieval/https://github.com/rom1504/img2dataset,https://rom1504.github.io/clip-retrieval/https:/github.com/rom1504/img2dataset,rom1504.github.io,,False,0,no_relevant_dataset_download_link_found_in_page,,[],[],"{""matched"": false, ""score"": 0, ""text_context"": {""matched"": false, ""score"": 0, ""signals"": [], ""matched_terms"": [], ""local_context_samples"": []}, ""json_context"": {""matched"": false, ""score"": 0, ""signals"": []}, ""ai_context"": {""used"": false, ""matched"": false, ""label"": """", ""score"": 0.0, ""reason"": ""disabled""}}",False,False,0,no_http_metadata_dataset_signal,text/html,,https://rom1504.github.io/clip-retrieval/https:/github.com/rom1504/img2dataset,,has_content_length,False,0,dataset_json_does_not_confirm_current_url,pdfs\2111.02114v1.dataset.json,0,[],1,,"[""ImageNet""]",,False,False,0.0,not_used,disabled_or_not_needed,[],,,0,not_dataset,no_heuristic_matched
2111.02114v1.pdf,note,https://github.com/rom1504/img2dataset,https://github.com/rom1504/img2dataset,github.com,,False,0,no_relevant_dataset_download_link_found_in_page,,[],[],"{""matched"": true, ""score"": 5, ""text_context"": {""matched"": true, ""score"": 5, ""signals"": [""page_has_dataset_terms"", ""page_has_download_terms""], ""matched_terms"": [""access"", ""available"", ""benchmark"", ""dataset"", ""datasets"", ""download"", ""downloads"", ""features"", ""instances"", ""samples""], ""local_context_samples"": []}, ""json_context"": {""matched"": false, ""score"": 0, ""signals"": []}, ""ai_context"": {""used"": false, ""matched"": false, ""label"": """", ""score"": 0.0, ""reason"": ""disabled""}}",False,False,0,no_http_metadata_dataset_signal,text/html,,https://github.com/rom1504/img2dataset,,,False,0,dataset_json_does_not_confirm_current_url,pdfs\2111.02114v1.dataset.json,0,[],1,,"[""ImageNet""]",,False,False,0.0,not_used,disabled_or_not_needed,[],,,0,not_dataset,no_heuristic_matched
2311.02709v1.pdf,target,https://github.com/facebookresearch/detectron2,https://github.com/facebookresearch/detectron2,github.com,,False,0,no_relevant_dataset_download_link_found_in_page,,[],[],"{""matched"": true, ""score"": 5, ""text_context"": {""matched"": true, ""score"": 5, ""signals"": [""page_has_dataset_terms"", ""page_has_download_terms""], ""matched_terms"": [""available"", ""benchmark"", ""dataset"", ""datasets"", ""download"", ""features""], ""local_context_samples"": []}, ""json_context"": {""matched"": false, ""score"": 0, ""signals"": []}, ""ai_context"": {""used"": false, ""matched"": false, ""label"": """", ""score"": 0.0, ""reason"": ""disabled""}}",False,False,0,no_http_metadata_dataset_signal,text/html,,https://github.com/facebookresearch/detectron2,,,False,0,dataset_json_does_not_confirm_current_url,pdfs\2311.02709v1.dataset.json,0,[],2,,"[""Common Objects in Context (MS-COCO"", ""MS-COCO \\ndataset""]",,False,False,0.0,not_used,disabled_or_not_needed,[],,,0,not_dataset,no_heuristic_matched
2311.02709v1.pdf,abstract,www.sama.com/sama-coco-dataset/,https://sama.com/sama-coco-dataset,sama.com,,False,0,no_relevant_dataset_download_link_found_in_page,,[],[],"{""matched"": true, ""score"": 5, ""text_context"": {""matched"": true, ""score"": 5, ""signals"": [""page_has_dataset_terms"", ""page_has_download_terms""], ""matched_terms"": [""access"", ""annotation"", ""annotations"", ""dataset"", ""datasets"", ""download"", ""evaluation data"", ""features"", ""instances"", ""samples""], ""local_context_samples"": []}, ""json_context"": {""matched"": false, ""score"": 0, ""signals"": []}, ""ai_context"": {""used"": false, ""matched"": false, ""label"": """", ""score"": 0.0, ""reason"": ""disabled""}}",False,False,0,no_http_metadata_dataset_signal,text/html,,https://www.sama.com/sama-coco-dataset,,,False,0,dataset_json_does_not_confirm_current_url,pdfs\2311.02709v1.dataset.json,0,[],2,,"[""Common Objects in Context (MS-COCO"", ""MS-COCO \\ndataset""]",,False,False,0.0,not_used,disabled_or_not_needed,[],,,0,not_dataset,no_heuristic_matched
2405.03991v2.pdf,target,http://doi.acm.org/10.1145/2666652.2666663.SeriesTitle:AISec'14,http://doi.acm.org/10.1145/2666652.2666663,doi.acm.org,.2666663,False,0,no_relevant_dataset_download_link_found_in_page,.2666663,[],[],"{""matched"": false, ""score"": 0, ""text_context"": {""matched"": false, ""score"": 0, ""signals"": [], ""matched_terms"": [], ""local_context_samples"": []}, ""json_context"": {""matched"": false, ""score"": 0, ""signals"": []}, ""ai_context"": {""used"": false, ""matched"": false, ""label"": """", ""score"": 0.0, ""reason"": ""disabled""}}",False,False,0,no_http_metadata_dataset_signal,text/html,,https://dl.acm.org/citation.cfm?doid=2666652.2666663,.cfm,,False,0,dataset_json_does_not_confirm_current_url,pdfs\2405.03991v2.dataset.json,1,"[""https://assemblage-dataset.net""]",30,,"[""ASSEM- BLAGE's dataset"", ""ASSEM-\\nBLAGE's dataset"", ""ASSEMBLAGE Dataset"", ""ASSEMBLAGE SQLite database"", ""ASSEMBLAGE Windows data"", ""ASSEMBLAGE data"", ""ASSEMBLAGE dataset"", ""ASSEMBLAGE datasets"", ""ASSEMBLAGE's SQLite database"", ""AUR repositories"", ""BinaryCorp dataset"", ""GitHub corpora"", ""Linux \\ndataset"", ""Linux- GitHub dataset"", ""Linux-\\nGitHub dataset"", ""SQLite \\ndatabase"", ""SQLite database"", ""Windows"", ""Windows PE binaries"", ""Windows PE database""]",,False,False,0.0,not_used,disabled_or_not_needed,[],,,0,not_dataset,no_heuristic_matched
2405.03991v2.pdf,target,https://doi.org/10.1145/3564625.3567975,https://doi.org/10.1145/3564625.3567975,doi.org,.3567975,False,0,no_relevant_dataset_download_link_found_in_page,.3567975,[],[],"{""matched"": false, ""score"": 0, ""text_context"": {""matched"": false, ""score"": 0, ""signals"": [], ""matched_terms"": [], ""local_context_samples"": []}, ""json_context"": {""matched"": false, ""score"": 0, ""signals"": []}, ""ai_context"": {""used"": false, ""matched"": false, ""label"": """", ""score"": 0.0, ""reason"": ""disabled""}}",False,False,0,no_http_metadata_dataset_signal,text/html,,https://dl.acm.org/doi/10.1145/3564625.3567975?cookieSet=1,.3567975,,False,0,dataset_json_does_not_confirm_current_url,pdfs\2405.03991v2.dataset.json,1,"[""https://assemblage-dataset.net""]",30,,"[""ASSEM- BLAGE's dataset"", ""ASSEM-\\nBLAGE's dataset"", ""ASSEMBLAGE Dataset"", ""ASSEMBLAGE SQLite database"", ""ASSEMBLAGE Windows data"", ""ASSEMBLAGE data"", ""ASSEMBLAGE dataset"", ""ASSEMBLAGE datasets"", ""ASSEMBLAGE's SQLite database"", ""AUR repositories"", ""BinaryCorp dataset"", ""GitHub corpora"", ""Linux \\ndataset"", ""Linux- GitHub dataset"", ""Linux-\\nGitHub dataset"", ""SQLite \\ndatabase"", ""SQLite database"", ""Windows"", ""Windows PE binaries"", ""Windows PE database""]",,False,False,0.0,not_used,disabled_or_not_needed,[],,,0,not_dataset,no_heuristic_matched
2405.03991v2.pdf,target,https://www.usenix.org/conference/usenixsecurity16/technical-sessions/presentation/andriesse,https://usenix.org/conference/usenixsecurity16/technical-sessions/presentation/andriesse,usenix.org,,False,0,no_relevant_dataset_download_link_found_in_page,,[],[],"{""matched"": false, ""score"": 2, ""text_context"": {""matched"": false, ""score"": 2, ""signals"": [""page_has_download_terms""], ""matched_terms"": [""access"", ""available"", ""download""], ""local_context_samples"": []}, ""json_context"": {""matched"": false, ""score"": 0, ""signals"": []}, ""ai_context"": {""used"": false, ""matched"": false, ""label"": """", ""score"": 0.0, ""reason"": ""disabled""}}",False,False,0,no_http_metadata_dataset_signal,text/html,,https://www.usenix.org/conference/usenixsecurity16/technical-sessions/presentation/andriesse,,,False,0,dataset_json_does_not_confirm_current_url,pdfs\2405.03991v2.dataset.json,1,"[""https://assemblage-dataset.net""]",30,,"[""ASSEM- BLAGE's dataset"", ""ASSEM-\\nBLAGE's dataset"", ""ASSEMBLAGE Dataset"", ""ASSEMBLAGE SQLite database"", ""ASSEMBLAGE Windows data"", ""ASSEMBLAGE data"", ""ASSEMBLAGE dataset"", ""ASSEMBLAGE datasets"", ""ASSEMBLAGE's SQLite database"", ""AUR repositories"", ""BinaryCorp dataset"", ""GitHub corpora"", ""Linux \\ndataset"", ""Linux- GitHub dataset"", ""Linux-\\nGitHub dataset"", ""SQLite \\ndatabase"", ""SQLite database"", ""Windows"", ""Windows PE binaries"", ""Windows PE database""]",,False,False,0.0,not_used,disabled_or_not_needed,[],,,0,not_dataset,no_heuristic_matched
2405.03991v2.pdf,target,https://doi.org/10.1145/3379597.3387481,https://doi.org/10.1145/3379597.3387481,doi.org,.3387481,False,0,no_relevant_dataset_download_link_found_in_page,.3387481,[],[],"{""matched"": false, ""score"": 0, ""text_context"": {""matched"": false, ""score"": 0, ""signals"": [], ""matched_terms"": [], ""local_context_samples"": []}, ""json_context"": {""matched"": false, ""score"": 0, ""signals"": []}, ""ai_context"": {""used"": false, ""matched"": false, ""label"": """", ""score"": 0.0, ""reason"": ""disabled""}}",False,False,0,no_http_metadata_dataset_signal,text/html,,https://dl.acm.org/doi/10.1145/3379597.3387481,.3387481,,False,0,dataset_json_does_not_confirm_current_url,pdfs\2405.03991v2.dataset.json,1,"[""https://assemblage-dataset.net""]",30,,"[""ASSEM- BLAGE's dataset"", ""ASSEM-\\nBLAGE's dataset"", ""ASSEMBLAGE Dataset"", ""ASSEMBLAGE SQLite database"", ""ASSEMBLAGE Windows data"", ""ASSEMBLAGE data"", ""ASSEMBLAGE dataset"", ""ASSEMBLAGE datasets"", ""ASSEMBLAGE's SQLite database"", ""AUR repositories"", ""BinaryCorp dataset"", ""GitHub corpora"", ""Linux \\ndataset"", ""Linux- GitHub dataset"", ""Linux-\\nGitHub dataset"", ""SQLite \\ndatabase"", ""SQLite database"", ""Windows"", ""Windows PE binaries"", ""Windows PE database""]",,False,False,0.0,not_used,disabled_or_not_needed,[],,,0,not_dataset,no_heuristic_matched
2405.03991v2.pdf,target,https://www.usenix.org/conference/usenixsecurity22/presentation/chen-qibin,https://usenix.org/conference/usenixsecurity22/presentation/chen-qibin,usenix.org,,False,0,no_relevant_dataset_download_link_found_in_page,,[],[],"{""matched"": false, ""score"": 3, ""text_context"": {""matched"": false, ""score"": 3, ""signals"": [""page_has_dataset_terms"", ""page_has_download_terms""], ""matched_terms"": [""access"", ""available"", ""dataset"", ""download""], ""local_context_samples"": []}, ""json_context"": {""matched"": false, ""score"": 0, ""signals"": []}, ""ai_context"": {""used"": false, ""matched"": false, ""label"": """", ""score"": 0.0, ""reason"": ""disabled""}}",False,False,0,no_http_metadata_dataset_signal,text/html,,https://www.usenix.org/conference/usenixsecurity22/presentation/chen-qibin,,,False,0,dataset_json_does_not_confirm_current_url,pdfs\2405.03991v2.dataset.json,1,"[""https://assemblage-dataset.net""]",30,,"[""ASSEM- BLAGE's dataset"", ""ASSEM-\\nBLAGE's dataset"", ""ASSEMBLAGE Dataset"", ""ASSEMBLAGE SQLite database"", ""ASSEMBLAGE Windows data"", ""ASSEMBLAGE data"", ""ASSEMBLAGE dataset"", ""ASSEMBLAGE datasets"", ""ASSEMBLAGE's SQLite database"", ""AUR repositories"", ""BinaryCorp dataset"", ""GitHub corpora"", ""Linux \\ndataset"", ""Linux- GitHub dataset"", ""Linux-\\nGitHub dataset"", ""SQLite \\ndatabase"", ""SQLite database"", ""Windows"", ""Windows PE binaries"", ""Windows PE database""]",,False,False,0.0,not_used,disabled_or_not_needed,[],,,0,not_dataset,no_heuristic_matched
2405.03991v2.pdf,target,http://arxiv.org/abs/2205.11794,https://arxiv.org/abs/2205.11794,arxiv.org,.11794,False,0,no_relevant_dataset_download_link_found_in_page,.11794,[],[],"{""matched"": false, ""score"": 2, ""text_context"": {""matched"": false, ""score"": 2, ""signals"": [""page_has_dataset_terms"", ""page_has_download_terms""], ""matched_terms"": [""access"", ""features""], ""local_context_samples"": []}, ""json_context"": {""matched"": false, ""score"": 0, ""signals"": []}, ""ai_context"": {""used"": false, ""matched"": false, ""label"": """", ""score"": 0.0, ""reason"": ""disabled""}}",False,False,0,no_http_metadata_dataset_signal,text/html,,https://arxiv.org/abs/2205.11794,.11794,has_content_length,False,0,dataset_json_does_not_confirm_current_url,pdfs\2405.03991v2.dataset.json,1,"[""https://assemblage-dataset.net""]",30,,"[""ASSEM- BLAGE's dataset"", ""ASSEM-\\nBLAGE's dataset"", ""ASSEMBLAGE Dataset"", ""ASSEMBLAGE SQLite database"", ""ASSEMBLAGE Windows data"", ""ASSEMBLAGE data"", ""ASSEMBLAGE dataset"", ""ASSEMBLAGE datasets"", ""ASSEMBLAGE's SQLite database"", ""AUR repositories"", ""BinaryCorp dataset"", ""GitHub corpora"", ""Linux \\ndataset"", ""Linux- GitHub dataset"", ""Linux-\\nGitHub dataset"", ""SQLite \\ndatabase"", ""SQLite database"", ""Windows"", ""Windows PE binaries"", ""Windows PE database""]",,False,False,0.0,not_used,disabled_or_not_needed,[],,,0,not_dataset,no_heuristic_matched
2405.03991v2.pdf,target,https://doi.org/10.1145/3428293,https://doi.org/10.1145/3428293,doi.org,,False,0,no_relevant_dataset_download_link_found_in_page,,[],[],"{""matched"": false, ""score"": 3, ""text_context"": {""matched"": false, ""score"": 3, ""signals"": [""page_has_dataset_terms"", ""page_has_download_terms""], ""matched_terms"": [""access"", ""available"", ""available at"", ""download"", ""downloadable"", ""downloads"", ""features""], ""local_context_samples"": []}, ""json_context"": {""matched"": false, ""score"": 0, ""signals"": []}, ""ai_context"": {""used"": false, ""matched"": false, ""label"": """", ""score"": 0.0, ""reason"": ""disabled""}}",False,False,0,no_http_metadata_dataset_signal,text/html,,https://dl.acm.org/doi/10.1145/3428293,,,False,0,dataset_json_does_not_confirm_current_url,pdfs\2405.03991v2.dataset.json,1,"[""https://assemblage-dataset.net""]",30,,"[""ASSEM- BLAGE's dataset"", ""ASSEM-\\nBLAGE's dataset"", ""ASSEMBLAGE Dataset"", ""ASSEMBLAGE SQLite database"", ""ASSEMBLAGE Windows data"", ""ASSEMBLAGE data"", ""ASSEMBLAGE dataset"", ""ASSEMBLAGE datasets"", ""ASSEMBLAGE's SQLite database"", ""AUR repositories"", ""BinaryCorp dataset"", ""GitHub corpora"", ""Linux \\ndataset"", ""Linux- GitHub dataset"", ""Linux-\\nGitHub dataset"", ""SQLite \\ndatabase"", ""SQLite database"", ""Windows"", ""Windows PE binaries"", ""Windows PE database""]",,False,False,0.0,not_used,disabled_or_not_needed,[],,,0,not_dataset,no_heuristic_matched
2405.03991v2.pdf,target,https://api.semanticscholar.org/CorpusID,https://api.semanticscholar.org/CorpusID,api.semanticscholar.org,,False,0,no_relevant_dataset_download_link_found_in_page,,[],[],"{""matched"": false, ""score"": 0, ""text_context"": {""matched"": false, ""score"": 0, ""signals"": [], ""matched_terms"": [], ""local_context_samples"": []}, ""json_context"": {""matched"": false, ""score"": 0, ""signals"": []}, ""ai_context"": {""used"": false, ""matched"": false, ""label"": """", ""score"": 0.0, ""reason"": ""disabled""}}",True,False,0,no_http_metadata_dataset_signal,application/json,,https://api.semanticscholar.org/CorpusID,,has_content_length,False,0,dataset_json_does_not_confirm_current_url,pdfs\2405.03991v2.dataset.json,1,"[""https://assemblage-dataset.net""]",30,,"[""ASSEM- BLAGE's dataset"", ""ASSEM-\\nBLAGE's dataset"", ""ASSEMBLAGE Dataset"", ""ASSEMBLAGE SQLite database"", ""ASSEMBLAGE Windows data"", ""ASSEMBLAGE data"", ""ASSEMBLAGE dataset"", ""ASSEMBLAGE datasets"", ""ASSEMBLAGE's SQLite database"", ""AUR repositories"", ""BinaryCorp dataset"", ""GitHub corpora"", ""Linux \\ndataset"", ""Linux- GitHub dataset"", ""Linux-\\nGitHub dataset"", ""SQLite \\ndatabase"", ""SQLite database"", ""Windows"", ""Windows PE binaries"", ""Windows PE database""]",,False,False,0.0,not_used,disabled_or_not_needed,[],,,0,not_dataset,no_heuristic_matched
2405.03991v2.pdf,target,http://arxiv.org/abs/1806.04773,https://arxiv.org/abs/1806.04773,arxiv.org,.04773,False,0,no_relevant_dataset_download_link_found_in_page,.04773,[],[],"{""matched"": false, ""score"": 3, ""text_context"": {""matched"": false, ""score"": 3, ""signals"": [""page_has_dataset_terms"", ""page_has_download_terms""], ""matched_terms"": [""access"", ""benchmark"", ""features""], ""local_context_samples"": []}, ""json_context"": {""matched"": false, ""score"": 0, ""signals"": []}, ""ai_context"": {""used"": false, ""matched"": false, ""label"": """", ""score"": 0.0, ""reason"": ""disabled""}}",False,False,0,no_http_metadata_dataset_signal,text/html,,https://arxiv.org/abs/1806.04773,.04773,has_content_length,False,0,dataset_json_does_not_confirm_current_url,pdfs\2405.03991v2.dataset.json,1,"[""https://assemblage-dataset.net""]",30,,"[""ASSEM- BLAGE's dataset"", ""ASSEM-\\nBLAGE's dataset"", ""ASSEMBLAGE Dataset"", ""ASSEMBLAGE SQLite database"", ""ASSEMBLAGE Windows data"", ""ASSEMBLAGE data"", ""ASSEMBLAGE dataset"", ""ASSEMBLAGE datasets"", ""ASSEMBLAGE's SQLite database"", ""AUR repositories"", ""BinaryCorp dataset"", ""GitHub corpora"", ""Linux \\ndataset"", ""Linux- GitHub dataset"", ""Linux-\\nGitHub dataset"", ""SQLite \\ndatabase"", ""SQLite database"", ""Windows"", ""Windows PE binaries"", ""Windows PE database""]",,False,False,0.0,not_used,disabled_or_not_needed,[],,,0,not_dataset,no_heuristic_matched
2405.03991v2.pdf,target,https://www.sciencedirect.com/science/article/pii/S0167739X21002090,https://sciencedirect.com/science/article/pii/S0167739X21002090,sciencedirect.com,,False,0,no_relevant_dataset_download_link_found_in_page,,[],[],"{""matched"": false, ""score"": 1, ""text_context"": {""matched"": false, ""score"": 1, ""signals"": [""page_has_download_terms""], ""matched_terms"": [""access""], ""local_context_samples"": []}, ""json_context"": {""matched"": false, ""score"": 0, ""signals"": []}, ""ai_context"": {""used"": false, ""matched"": false, ""label"": """", ""score"": 0.0, ""reason"": ""disabled""}}",False,False,0,no_http_metadata_dataset_signal,text/html,,https://www.sciencedirect.com/science/article/pii/S0167739X21002090,,,False,0,dataset_json_does_not_confirm_current_url,pdfs\2405.03991v2.dataset.json,1,"[""https://assemblage-dataset.net""]",30,,"[""ASSEM- BLAGE's dataset"", ""ASSEM-\\nBLAGE's dataset"", ""ASSEMBLAGE Dataset"", ""ASSEMBLAGE SQLite database"", ""ASSEMBLAGE Windows data"", ""ASSEMBLAGE data"", ""ASSEMBLAGE dataset"", ""ASSEMBLAGE datasets"", ""ASSEMBLAGE's SQLite database"", ""AUR repositories"", ""BinaryCorp dataset"", ""GitHub corpora"", ""Linux \\ndataset"", ""Linux- GitHub dataset"", ""Linux-\\nGitHub dataset"", ""SQLite \\ndatabase"", ""SQLite database"", ""Windows"", ""Windows PE binaries"", ""Windows PE database""]",,False,False,0.0,not_used,disabled_or_not_needed,[],,,0,not_dataset,no_heuristic_matched
2405.03991v2.pdf,target,https://doi.org/10.1145/3545948.3545956,https://doi.org/10.1145/3545948.3545956,doi.org,.3545956,False,0,no_relevant_dataset_download_link_found_in_page,.3545956,[],[],"{""matched"": true, ""score"": 4, ""text_context"": {""matched"": true, ""score"": 4, ""signals"": [""page_has_dataset_terms"", ""page_has_download_terms""], ""matched_terms"": [""access"", ""available"", ""benchmark"", ""download"", ""downloadable"", ""downloads"", ""features""], ""local_context_samples"": []}, ""json_context"": {""matched"": false, ""score"": 0, ""signals"": []}, ""ai_context"": {""used"": false, ""matched"": false, ""label"": """", ""score"": 0.0, ""reason"": ""disabled""}}",False,False,0,no_http_metadata_dataset_signal,text/html,,https://dl.acm.org/doi/10.1145/3545948.3545956,.3545956,,False,0,dataset_json_does_not_confirm_current_url,pdfs\2405.03991v2.dataset.json,1,"[""https://assemblage-dataset.net""]",30,,"[""ASSEM- BLAGE's dataset"", ""ASSEM-\\nBLAGE's dataset"", ""ASSEMBLAGE Dataset"", ""ASSEMBLAGE SQLite database"", ""ASSEMBLAGE Windows data"", ""ASSEMBLAGE data"", ""ASSEMBLAGE dataset"", ""ASSEMBLAGE datasets"", ""ASSEMBLAGE's SQLite database"", ""AUR repositories"", ""BinaryCorp dataset"", ""GitHub corpora"", ""Linux \\ndataset"", ""Linux- GitHub dataset"", ""Linux-\\nGitHub dataset"", ""SQLite \\ndatabase"", ""SQLite database"", ""Windows"", ""Windows PE binaries"", ""Windows PE database""]",,False,False,0.0,not_used,disabled_or_not_needed,[],,,0,not_dataset,no_heuristic_matched
2405.03991v2.pdf,target,https://doi.org/10.48550/arXiv.2405.03478,https://doi.org/10.48550/arXiv.2405.03478,doi.org,.03478,False,0,no_relevant_dataset_download_link_found_in_page,.03478,[],[],"{""matched"": true, ""score"": 4, ""text_context"": {""matched"": true, ""score"": 4, ""signals"": [""page_has_dataset_terms"", ""page_has_download_terms""], ""matched_terms"": [""access"", ""dataset"", ""datasets"", ""features"", ""labels""], ""local_context_samples"": []}, ""json_context"": {""matched"": false, ""score"": 0, ""signals"": []}, ""ai_context"": {""used"": false, ""matched"": false, ""label"": """", ""score"": 0.0, ""reason"": ""disabled""}}",False,False,0,no_http_metadata_dataset_signal,text/html,,https://arxiv.org/abs/2405.03478,.03478,has_content_length,False,0,dataset_json_does_not_confirm_current_url,pdfs\2405.03991v2.dataset.json,1,"[""https://assemblage-dataset.net""]",30,,"[""ASSEM- BLAGE's dataset"", ""ASSEM-\\nBLAGE's dataset"", ""ASSEMBLAGE Dataset"", ""ASSEMBLAGE SQLite database"", ""ASSEMBLAGE Windows data"", ""ASSEMBLAGE data"", ""ASSEMBLAGE dataset"", ""ASSEMBLAGE datasets"", ""ASSEMBLAGE's SQLite database"", ""AUR repositories"", ""BinaryCorp dataset"", ""GitHub corpora"", ""Linux \\ndataset"", ""Linux- GitHub dataset"", ""Linux-\\nGitHub dataset"", ""SQLite \\ndatabase"", ""SQLite database"", ""Windows"", ""Windows PE binaries"", ""Windows PE database""]",,False,False,0.0,not_used,disabled_or_not_needed,[],,,0,not_dataset,no_heuristic_matched
2405.03991v2.pdf,target,https://doi.org/10.1145/3548606.3560612,https://doi.org/10.1145/3548606.3560612,doi.org,.3560612,False,0,no_relevant_dataset_download_link_found_in_page,.3560612,[],[],"{""matched"": false, ""score"": 0, ""text_context"": {""matched"": false, ""score"": 0, ""signals"": [], ""matched_terms"": [], ""local_context_samples"": []}, ""json_context"": {""matched"": false, ""score"": 0, ""signals"": []}, ""ai_context"": {""used"": false, ""matched"": false, ""label"": """", ""score"": 0.0, ""reason"": ""disabled""}}",False,False,0,no_http_metadata_dataset_signal,text/html,,https://dl.acm.org/doi/10.1145/3548606.3560612,.3560612,,False,0,dataset_json_does_not_confirm_current_url,pdfs\2405.03991v2.dataset.json,1,"[""https://assemblage-dataset.net""]",30,,"[""ASSEM- BLAGE's dataset"", ""ASSEM-\\nBLAGE's dataset"", ""ASSEMBLAGE Dataset"", ""ASSEMBLAGE SQLite database"", ""ASSEMBLAGE Windows data"", ""ASSEMBLAGE data"", ""ASSEMBLAGE dataset"", ""ASSEMBLAGE datasets"", ""ASSEMBLAGE's SQLite database"", ""AUR repositories"", ""BinaryCorp dataset"", ""GitHub corpora"", ""Linux \\ndataset"", ""Linux- GitHub dataset"", ""Linux-\\nGitHub dataset"", ""SQLite \\ndatabase"", ""SQLite database"", ""Windows"", ""Windows PE binaries"", ""Windows PE database""]",,False,False,0.0,not_used,disabled_or_not_needed,[],,,0,not_dataset,no_heuristic_matched
2405.03991v2.pdf,target,https://github.com/boozallen/MOTIF,https://github.com/boozallen/MOTIF,github.com,,False,0,no_relevant_dataset_download_link_found_in_page,,[],[],"{""matched"": true, ""score"": 5, ""text_context"": {""matched"": true, ""score"": 5, ""signals"": [""page_has_dataset_terms"", ""page_has_download_terms""], ""matched_terms"": [""access"", ""available"", ""benchmark"", ""dataset"", ""download"", ""features"", ""labels"", ""samples""], ""local_context_samples"": []}, ""json_context"": {""matched"": false, ""score"": 0, ""signals"": []}, ""ai_context"": {""used"": false, ""matched"": false, ""label"": """", ""score"": 0.0, ""reason"": ""disabled""}}",False,False,0,no_http_metadata_dataset_signal,text/html,,https://github.com/boozallen/MOTIF,,,True,4,dataset_json_confirms_current_url,pdfs\2405.03991v2.dataset.json,1,"[""https://assemblage-dataset.net""]",30,GitHub corpora,"[""ASSEM- BLAGE's dataset"", ""ASSEM-\\nBLAGE's dataset"", ""ASSEMBLAGE Dataset"", ""ASSEMBLAGE SQLite database"", ""ASSEMBLAGE Windows data"", ""ASSEMBLAGE data"", ""ASSEMBLAGE dataset"", ""ASSEMBLAGE datasets"", ""ASSEMBLAGE's SQLite database"", ""AUR repositories"", ""BinaryCorp dataset"", ""GitHub corpora"", ""Linux \\ndataset"", ""Linux- GitHub dataset"", ""Linux-\\nGitHub dataset"", ""SQLite \\ndatabase"", ""SQLite database"", ""Windows"", ""Windows PE binaries"", ""Windows PE database""]",dataset_name_from_json_appears_in_input_url,False,False,0.0,not_used,disabled_or_not_needed,[],,,4,dataset,heuristica_3
2405.03991v2.pdf,target,https://doi.org/10.1145/3605764.3623907,https://doi.org/10.1145/3605764.3623907,doi.org,.3623907,False,0,no_relevant_dataset_download_link_found_in_page,.3623907,[],[],"{""matched"": false, ""score"": 0, ""text_context"": {""matched"": false, ""score"": 0, ""signals"": [], ""matched_terms"": [], ""local_context_samples"": []}, ""json_context"": {""matched"": false, ""score"": 0, ""signals"": []}, ""ai_context"": {""used"": false, ""matched"": false, ""label"": """", ""score"": 0.0, ""reason"": ""disabled""}}",False,False,0,no_http_metadata_dataset_signal,text/html,,https://dl.acm.org/doi/10.1145/3605764.3623907,.3623907,,False,0,dataset_json_does_not_confirm_current_url,pdfs\2405.03991v2.dataset.json,1,"[""https://assemblage-dataset.net""]",30,,"[""ASSEM- BLAGE's dataset"", ""ASSEM-\\nBLAGE's dataset"", ""ASSEMBLAGE Dataset"", ""ASSEMBLAGE SQLite database"", ""ASSEMBLAGE Windows data"", ""ASSEMBLAGE data"", ""ASSEMBLAGE dataset"", ""ASSEMBLAGE datasets"", ""ASSEMBLAGE's SQLite database"", ""AUR repositories"", ""BinaryCorp dataset"", ""GitHub corpora"", ""Linux \\ndataset"", ""Linux- GitHub dataset"", ""Linux-\\nGitHub dataset"", ""SQLite \\ndatabase"", ""SQLite database"", ""Windows"", ""Windows PE binaries"", ""Windows PE database""]",,False,False,0.0,not_used,disabled_or_not_needed,[],,,0,not_dataset,no_heuristic_matched
2405.03991v2.pdf,target,http://dx.doi.org/10.1109/TSE.2022.3187689,https://doi.org/10.1109/TSE.2022.3187689,doi.org,.3187689,False,0,no_relevant_dataset_download_link_found_in_page,.3187689,[],[],"{""matched"": false, ""score"": 1, ""text_context"": {""matched"": false, ""score"": 1, ""signals"": [""page_has_download_terms""], ""matched_terms"": [""access""], ""local_context_samples"": []}, ""json_context"": {""matched"": false, ""score"": 0, ""signals"": []}, ""ai_context"": {""used"": false, ""matched"": false, ""label"": """", ""score"": 0.0, ""reason"": ""disabled""}}",False,False,0,no_http_metadata_dataset_signal,text/html,,https://ieeexplore.ieee.org/document/9813408/,,,False,0,dataset_json_does_not_confirm_current_url,pdfs\2405.03991v2.dataset.json,1,"[""https://assemblage-dataset.net""]",30,,"[""ASSEM- BLAGE's dataset"", ""ASSEM-\\nBLAGE's dataset"", ""ASSEMBLAGE Dataset"", ""ASSEMBLAGE SQLite database"", ""ASSEMBLAGE Windows data"", ""ASSEMBLAGE data"", ""ASSEMBLAGE dataset"", ""ASSEMBLAGE datasets"", ""ASSEMBLAGE's SQLite database"", ""AUR repositories"", ""BinaryCorp dataset"", ""GitHub corpora"", ""Linux \\ndataset"", ""Linux- GitHub dataset"", ""Linux-\\nGitHub dataset"", ""SQLite \\ndatabase"", ""SQLite database"", ""Windows"", ""Windows PE binaries"", ""Windows PE database""]",,False,False,0.0,not_used,disabled_or_not_needed,[],,,0,not_dataset,no_heuristic_matched
2405.03991v2.pdf,target,https://github.com/huzecong/ghcc,https://github.com/huzecong/ghcc,github.com,,False,0,no_relevant_dataset_download_link_found_in_page,,[],[],"{""matched"": true, ""score"": 5, ""text_context"": {""matched"": true, ""score"": 5, ""signals"": [""page_has_dataset_terms"", ""page_has_download_terms""], ""matched_terms"": [""access"", ""available"", ""database"", ""features"", ""records""], ""local_context_samples"": []}, ""json_context"": {""matched"": false, ""score"": 0, ""signals"": []}, ""ai_context"": {""used"": false, ""matched"": false, ""label"": """", ""score"": 0.0, ""reason"": ""disabled""}}",False,False,0,no_http_metadata_dataset_signal,text/html,,https://github.com/huzecong/ghcc,,,True,4,dataset_json_confirms_current_url,pdfs\2405.03991v2.dataset.json,1,"[""https://assemblage-dataset.net""]",30,GitHub corpora,"[""ASSEM- BLAGE's dataset"", ""ASSEM-\\nBLAGE's dataset"", ""ASSEMBLAGE Dataset"", ""ASSEMBLAGE SQLite database"", ""ASSEMBLAGE Windows data"", ""ASSEMBLAGE data"", ""ASSEMBLAGE dataset"", ""ASSEMBLAGE datasets"", ""ASSEMBLAGE's SQLite database"", ""AUR repositories"", ""BinaryCorp dataset"", ""GitHub corpora"", ""Linux \\ndataset"", ""Linux- GitHub dataset"", ""Linux-\\nGitHub dataset"", ""SQLite \\ndatabase"", ""SQLite database"", ""Windows"", ""Windows PE binaries"", ""Windows PE database""]",dataset_name_from_json_appears_in_input_url,False,False,0.0,not_used,disabled_or_not_needed,[],,,4,dataset,heuristica_3
2405.03991v2.pdf,target,https://www.sciencedirect.com/science/article/pii/S0167404821001954,https://sciencedirect.com/science/article/pii/S0167404821001954,sciencedirect.com,,False,0,no_relevant_dataset_download_link_found_in_page,,[],[],"{""matched"": false, ""score"": 1, ""text_context"": {""matched"": false, ""score"": 1, ""signals"": [""page_has_download_terms""], ""matched_terms"": [""access""], ""local_context_samples"": []}, ""json_context"": {""matched"": false, ""score"": 0, ""signals"": []}, ""ai_context"": {""used"": false, ""matched"": false, ""label"": """", ""score"": 0.0, ""reason"": ""disabled""}}",False,False,0,no_http_metadata_dataset_signal,text/html,,https://www.sciencedirect.com/science/article/pii/S0167404821001954,,,False,0,dataset_json_does_not_confirm_current_url,pdfs\2405.03991v2.dataset.json,1,"[""https://assemblage-dataset.net""]",30,,"[""ASSEM- BLAGE's dataset"", ""ASSEM-\\nBLAGE's dataset"", ""ASSEMBLAGE Dataset"", ""ASSEMBLAGE SQLite database"", ""ASSEMBLAGE Windows data"", ""ASSEMBLAGE data"", ""ASSEMBLAGE dataset"", ""ASSEMBLAGE datasets"", ""ASSEMBLAGE's SQLite database"", ""AUR repositories"", ""BinaryCorp dataset"", ""GitHub corpora"", ""Linux \\ndataset"", ""Linux- GitHub dataset"", ""Linux-\\nGitHub dataset"", ""SQLite \\ndatabase"", ""SQLite database"", ""Windows"", ""Windows PE binaries"", ""Windows PE database""]",,False,False,0.0,not_used,disabled_or_not_needed,[],,,0,not_dataset,no_heuristic_matched
2405.03991v2.pdf,target,https://proceedings.mlr.press/v97/li19d.html,https://proceedings.mlr.press/v97/li19d.html,proceedings.mlr.press,.html,False,0,no_relevant_dataset_download_link_found_in_page,.html,[],[],"{""matched"": false, ""score"": 2, ""text_context"": {""matched"": false, ""score"": 2, ""signals"": [""page_has_download_terms""], ""matched_terms"": [""available"", ""download""], ""local_context_samples"": []}, ""json_context"": {""matched"": false, ""score"": 0, ""signals"": []}, ""ai_context"": {""used"": false, ""matched"": false, ""label"": """", ""score"": 0.0, ""reason"": ""disabled""}}",False,False,0,no_http_metadata_dataset_signal,text/html,,https://proceedings.mlr.press/v97/li19d.html,.html,has_content_length,False,0,dataset_json_does_not_confirm_current_url,pdfs\2405.03991v2.dataset.json,1,"[""https://assemblage-dataset.net""]",30,,"[""ASSEM- BLAGE's dataset"", ""ASSEM-\\nBLAGE's dataset"", ""ASSEMBLAGE Dataset"", ""ASSEMBLAGE SQLite database"", ""ASSEMBLAGE Windows data"", ""ASSEMBLAGE data"", ""ASSEMBLAGE dataset"", ""ASSEMBLAGE datasets"", ""ASSEMBLAGE's SQLite database"", ""AUR repositories"", ""BinaryCorp dataset"", ""GitHub corpora"", ""Linux \\ndataset"", ""Linux- GitHub dataset"", ""Linux-\\nGitHub dataset"", ""SQLite \\ndatabase"", ""SQLite database"", ""Windows"", ""Windows PE binaries"", ""Windows PE database""]",,False,False,0.0,not_used,disabled_or_not_needed,[],,,0,not_dataset,no_heuristic_matched
2405.03991v2.pdf,target,https://www.mdpi.com/2079-9292/12/7/1722,https://mdpi.com/2079-9292/12/7/1722,mdpi.com,,False,0,no_relevant_dataset_download_link_found_in_page,,[],[],"{""matched"": false, ""score"": 1, ""text_context"": {""matched"": false, ""score"": 1, ""signals"": [""page_has_download_terms""], ""matched_terms"": [""access""], ""local_context_samples"": []}, ""json_context"": {""matched"": false, ""score"": 0, ""signals"": []}, ""ai_context"": {""used"": false, ""matched"": false, ""label"": """", ""score"": 0.0, ""reason"": ""disabled""}}",False,False,0,no_http_metadata_dataset_signal,text/html,,https://mdpi.com/2079-9292/12/7/1722,,has_content_length,False,0,dataset_json_does_not_confirm_current_url,pdfs\2405.03991v2.dataset.json,1,"[""https://assemblage-dataset.net""]",30,,"[""ASSEM- BLAGE's dataset"", ""ASSEM-\\nBLAGE's dataset"", ""ASSEMBLAGE Dataset"", ""ASSEMBLAGE SQLite database"", ""ASSEMBLAGE Windows data"", ""ASSEMBLAGE data"", ""ASSEMBLAGE dataset"", ""ASSEMBLAGE datasets"", ""ASSEMBLAGE's SQLite database"", ""AUR repositories"", ""BinaryCorp dataset"", ""GitHub corpora"", ""Linux \\ndataset"", ""Linux- GitHub dataset"", ""Linux-\\nGitHub dataset"", ""SQLite \\ndatabase"", ""SQLite database"", ""Windows"", ""Windows PE binaries"", ""Windows PE database""]",,False,False,0.0,not_used,disabled_or_not_needed,[],,,0,not_dataset,no_heuristic_matched
2405.03991v2.pdf,target,https://www.usenix.org/conference/usenixsecurity22/presentation/marcelli,https://usenix.org/conference/usenixsecurity22/presentation/marcelli,usenix.org,,False,0,no_relevant_dataset_download_link_found_in_page,,[],[],"{""matched"": true, ""score"": 4, ""text_context"": {""matched"": true, ""score"": 4, ""signals"": [""page_has_dataset_terms"", ""page_has_download_terms""], ""matched_terms"": [""access"", ""available"", ""dataset"", ""datasets"", ""download""], ""local_context_samples"": []}, ""json_context"": {""matched"": false, ""score"": 0, ""signals"": []}, ""ai_context"": {""used"": false, ""matched"": false, ""label"": """", ""score"": 0.0, ""reason"": ""disabled""}}",False,False,0,no_http_metadata_dataset_signal,text/html,,https://www.usenix.org/conference/usenixsecurity22/presentation/marcelli,,,False,0,dataset_json_does_not_confirm_current_url,pdfs\2405.03991v2.dataset.json,1,"[""https://assemblage-dataset.net""]",30,,"[""ASSEM- BLAGE's dataset"", ""ASSEM-\\nBLAGE's dataset"", ""ASSEMBLAGE Dataset"", ""ASSEMBLAGE SQLite database"", ""ASSEMBLAGE Windows data"", ""ASSEMBLAGE data"", ""ASSEMBLAGE dataset"", ""ASSEMBLAGE datasets"", ""ASSEMBLAGE's SQLite database"", ""AUR repositories"", ""BinaryCorp dataset"", ""GitHub corpora"", ""Linux \\ndataset"", ""Linux- GitHub dataset"", ""Linux-\\nGitHub dataset"", ""SQLite \\ndatabase"", ""SQLite database"", ""Windows"", ""Windows PE binaries"", ""Windows PE database""]",,False,False,0.0,not_used,disabled_or_not_needed,[],,,0,not_dataset,no_heuristic_matched
2405.03991v2.pdf,target,https://vcpkg.io/en/,https://vcpkg.io/en,vcpkg.io,,False,0,no_relevant_dataset_download_link_found_in_page,,[],[],"{""matched"": false, ""score"": 2, ""text_context"": {""matched"": false, ""score"": 2, ""signals"": [""page_has_dataset_terms"", ""page_has_download_terms""], ""matched_terms"": [""download"", ""features""], ""local_context_samples"": []}, ""json_context"": {""matched"": false, ""score"": 0, ""signals"": []}, ""ai_context"": {""used"": false, ""matched"": false, ""label"": """", ""score"": 0.0, ""reason"": ""disabled""}}",False,False,0,no_http_metadata_dataset_signal,text/html,,https://vcpkg.io/en/,,has_content_length,False,0,dataset_json_does_not_confirm_current_url,pdfs\2405.03991v2.dataset.json,1,"[""https://assemblage-dataset.net""]",30,,"[""ASSEM- BLAGE's dataset"", ""ASSEM-\\nBLAGE's dataset"", ""ASSEMBLAGE Dataset"", ""ASSEMBLAGE SQLite database"", ""ASSEMBLAGE Windows data"", ""ASSEMBLAGE data"", ""ASSEMBLAGE dataset"", ""ASSEMBLAGE datasets"", ""ASSEMBLAGE's SQLite database"", ""AUR repositories"", ""BinaryCorp dataset"", ""GitHub corpora"", ""Linux \\ndataset"", ""Linux- GitHub dataset"", ""Linux-\\nGitHub dataset"", ""SQLite \\ndatabase"", ""SQLite database"", ""Windows"", ""Windows PE binaries"", ""Windows PE database""]",,False,False,0.0,not_used,disabled_or_not_needed,[],,,0,not_dataset,no_heuristic_matched
2405.03991v2.pdf,target,https://ceur-ws.org/Vol-3652/paper12.pdf,https://ceur-ws.org/Vol-3652/paper12.pdf,ceur-ws.org,.pdf,False,0,no_relevant_dataset_download_link_found_in_page,.pdf,[],[],"{""matched"": false, ""score"": 0, ""text_context"": {""matched"": false, ""score"": 0, ""signals"": [], ""matched_terms"": [], ""local_context_samples"": []}, ""json_context"": {""matched"": false, ""score"": 0, ""signals"": []}, ""ai_context"": {""used"": false, ""matched"": false, ""label"": """", ""score"": 0.0, ""reason"": ""disabled""}}",False,False,0,no_http_metadata_dataset_signal,application/pdf,,https://ceur-ws.org/Vol-3652/paper12.pdf,.pdf,has_content_length,False,0,dataset_json_does_not_confirm_current_url,pdfs\2405.03991v2.dataset.json,1,"[""https://assemblage-dataset.net""]",30,,"[""ASSEM- BLAGE's dataset"", ""ASSEM-\\nBLAGE's dataset"", ""ASSEMBLAGE Dataset"", ""ASSEMBLAGE SQLite database"", ""ASSEMBLAGE Windows data"", ""ASSEMBLAGE data"", ""ASSEMBLAGE dataset"", ""ASSEMBLAGE datasets"", ""ASSEMBLAGE's SQLite database"", ""AUR repositories"", ""BinaryCorp dataset"", ""GitHub corpora"", ""Linux \\ndataset"", ""Linux- GitHub dataset"", ""Linux-\\nGitHub dataset"", ""SQLite \\ndatabase"", ""SQLite database"", ""Windows"", ""Windows PE binaries"", ""Windows PE database""]",,False,False,0.0,not_used,disabled_or_not_needed,[],,,0,not_dataset,no_heuristic_matched
2405.03991v2.pdf,target,https://doi.org/10.1145/3427228.3427265,https://doi.org/10.1145/3427228.3427265,doi.org,.3427265,False,0,no_relevant_dataset_download_link_found_in_page,.3427265,[],[],"{""matched"": false, ""score"": 0, ""text_context"": {""matched"": false, ""score"": 0, ""signals"": [], ""matched_terms"": [], ""local_context_samples"": []}, ""json_context"": {""matched"": false, ""score"": 0, ""signals"": []}, ""ai_context"": {""used"": false, ""matched"": false, ""label"": """", ""score"": 0.0, ""reason"": ""disabled""}}",False,False,0,no_http_metadata_dataset_signal,text/html,,https://dl.acm.org/doi/10.1145/3427228.3427265,.3427265,,False,0,dataset_json_does_not_confirm_current_url,pdfs\2405.03991v2.dataset.json,1,"[""https://assemblage-dataset.net""]",30,,"[""ASSEM- BLAGE's dataset"", ""ASSEM-\\nBLAGE's dataset"", ""ASSEMBLAGE Dataset"", ""ASSEMBLAGE SQLite database"", ""ASSEMBLAGE Windows data"", ""ASSEMBLAGE data"", ""ASSEMBLAGE dataset"", ""ASSEMBLAGE datasets"", ""ASSEMBLAGE's SQLite database"", ""AUR repositories"", ""BinaryCorp dataset"", ""GitHub corpora"", ""Linux \\ndataset"", ""Linux- GitHub dataset"", ""Linux-\\nGitHub dataset"", ""SQLite \\ndatabase"", ""SQLite database"", ""Windows"", ""Windows PE binaries"", ""Windows PE database""]",,False,False,0.0,not_used,disabled_or_not_needed,[],,,0,not_dataset,no_heuristic_matched
2405.03991v2.pdf,target,http://arxiv.org/abs/1909.06674,https://arxiv.org/abs/1909.06674,arxiv.org,.06674,False,0,no_relevant_dataset_download_link_found_in_page,.06674,[],[],"{""matched"": false, ""score"": 2, ""text_context"": {""matched"": false, ""score"": 2, ""signals"": [""page_has_dataset_terms"", ""page_has_download_terms""], ""matched_terms"": [""access"", ""features""], ""local_context_samples"": []}, ""json_context"": {""matched"": false, ""score"": 0, ""signals"": []}, ""ai_context"": {""used"": false, ""matched"": false, ""label"": """", ""score"": 0.0, ""reason"": ""disabled""}}",False,False,0,no_http_metadata_dataset_signal,text/html,,https://arxiv.org/abs/1909.06674,.06674,has_content_length,False,0,dataset_json_does_not_confirm_current_url,pdfs\2405.03991v2.dataset.json,1,"[""https://assemblage-dataset.net""]",30,,"[""ASSEM- BLAGE's dataset"", ""ASSEM-\\nBLAGE's dataset"", ""ASSEMBLAGE Dataset"", ""ASSEMBLAGE SQLite database"", ""ASSEMBLAGE Windows data"", ""ASSEMBLAGE data"", ""ASSEMBLAGE dataset"", ""ASSEMBLAGE datasets"", ""ASSEMBLAGE's SQLite database"", ""AUR repositories"", ""BinaryCorp dataset"", ""GitHub corpora"", ""Linux \\ndataset"", ""Linux- GitHub dataset"", ""Linux-\\nGitHub dataset"", ""SQLite \\ndatabase"", ""SQLite database"", ""Windows"", ""Windows PE binaries"", ""Windows PE database""]",,False,False,0.0,not_used,disabled_or_not_needed,[],,,0,not_dataset,no_heuristic_matched
2405.03991v2.pdf,target,http://arxiv.org/abs/2012.09932,https://arxiv.org/abs/2012.09932,arxiv.org,.09932,False,0,no_relevant_dataset_download_link_found_in_page,.09932,[],[],"{""matched"": false, ""score"": 2, ""text_context"": {""matched"": false, ""score"": 2, ""signals"": [""page_has_dataset_terms"", ""page_has_download_terms""], ""matched_terms"": [""access"", ""features""], ""local_context_samples"": []}, ""json_context"": {""matched"": false, ""score"": 0, ""signals"": []}, ""ai_context"": {""used"": false, ""matched"": false, ""label"": """", ""score"": 0.0, ""reason"": ""disabled""}}",False,False,0,no_http_metadata_dataset_signal,text/html,,https://arxiv.org/abs/2012.09932,.09932,has_content_length,False,0,dataset_json_does_not_confirm_current_url,pdfs\2405.03991v2.dataset.json,1,"[""https://assemblage-dataset.net""]",30,,"[""ASSEM- BLAGE's dataset"", ""ASSEM-\\nBLAGE's dataset"", ""ASSEMBLAGE Dataset"", ""ASSEMBLAGE SQLite database"", ""ASSEMBLAGE Windows data"", ""ASSEMBLAGE data"", ""ASSEMBLAGE dataset"", ""ASSEMBLAGE datasets"", ""ASSEMBLAGE's SQLite database"", ""AUR repositories"", ""BinaryCorp dataset"", ""GitHub corpora"", ""Linux \\ndataset"", ""Linux- GitHub dataset"", ""Linux-\\nGitHub dataset"", ""SQLite \\ndatabase"", ""SQLite database"", ""Windows"", ""Windows PE binaries"", ""Windows PE database""]",,False,False,0.0,not_used,disabled_or_not_needed,[],,,0,not_dataset,no_heuristic_matched
2405.03991v2.pdf,target,http://arxiv.org/abs/2006.09271,https://arxiv.org/abs/2006.09271,arxiv.org,.09271,False,0,no_relevant_dataset_download_link_found_in_page,.09271,[],[],"{""matched"": false, ""score"": 2, ""text_context"": {""matched"": false, ""score"": 2, ""signals"": [""page_has_dataset_terms"", ""page_has_download_terms""], ""matched_terms"": [""access"", ""features""], ""local_context_samples"": []}, ""json_context"": {""matched"": false, ""score"": 0, ""signals"": []}, ""ai_context"": {""used"": false, ""matched"": false, ""label"": """", ""score"": 0.0, ""reason"": ""disabled""}}",False,False,0,no_http_metadata_dataset_signal,text/html,,https://arxiv.org/abs/2006.09271,.09271,has_content_length,False,0,dataset_json_does_not_confirm_current_url,pdfs\2405.03991v2.dataset.json,1,"[""https://assemblage-dataset.net""]",30,,"[""ASSEM- BLAGE's dataset"", ""ASSEM-\\nBLAGE's dataset"", ""ASSEMBLAGE Dataset"", ""ASSEMBLAGE SQLite database"", ""ASSEMBLAGE Windows data"", ""ASSEMBLAGE data"", ""ASSEMBLAGE dataset"", ""ASSEMBLAGE datasets"", ""ASSEMBLAGE's SQLite database"", ""AUR repositories"", ""BinaryCorp dataset"", ""GitHub corpora"", ""Linux \\ndataset"", ""Linux- GitHub dataset"", ""Linux-\\nGitHub dataset"", ""SQLite \\ndatabase"", ""SQLite database"", ""Windows"", ""Windows PE binaries"", ""Windows PE database""]",,False,False,0.0,not_used,disabled_or_not_needed,[],,,0,not_dataset,no_heuristic_matched
2405.03991v2.pdf,target,http://arxiv.org/abs/2009.03779,https://arxiv.org/abs/2009.03779,arxiv.org,.03779,False,0,no_relevant_dataset_download_link_found_in_page,.03779,[],[],"{""matched"": false, ""score"": 3, ""text_context"": {""matched"": false, ""score"": 3, ""signals"": [""page_has_dataset_terms"", ""page_has_download_terms""], ""matched_terms"": [""access"", ""available"", ""available at"", ""features""], ""local_context_samples"": []}, ""json_context"": {""matched"": false, ""score"": 0, ""signals"": []}, ""ai_context"": {""used"": false, ""matched"": false, ""label"": """", ""score"": 0.0, ""reason"": ""disabled""}}",False,False,0,no_http_metadata_dataset_signal,text/html,,https://arxiv.org/abs/2009.03779,.03779,has_content_length,False,0,dataset_json_does_not_confirm_current_url,pdfs\2405.03991v2.dataset.json,1,"[""https://assemblage-dataset.net""]",30,,"[""ASSEM- BLAGE's dataset"", ""ASSEM-\\nBLAGE's dataset"", ""ASSEMBLAGE Dataset"", ""ASSEMBLAGE SQLite database"", ""ASSEMBLAGE Windows data"", ""ASSEMBLAGE data"", ""ASSEMBLAGE dataset"", ""ASSEMBLAGE datasets"", ""ASSEMBLAGE's SQLite database"", ""AUR repositories"", ""BinaryCorp dataset"", ""GitHub corpora"", ""Linux \\ndataset"", ""Linux- GitHub dataset"", ""Linux-\\nGitHub dataset"", ""SQLite \\ndatabase"", ""SQLite database"", ""Windows"", ""Windows PE binaries"", ""Windows PE database""]",,False,False,0.0,not_used,disabled_or_not_needed,[],,,0,not_dataset,no_heuristic_matched
2405.03991v2.pdf,target,https://virusshare.com/,https://virusshare.com/,virusshare.com,,False,0,no_relevant_dataset_download_link_found_in_page,,[],[],"{""matched"": false, ""score"": 2, ""text_context"": {""matched"": false, ""score"": 2, ""signals"": [""page_has_dataset_terms"", ""page_has_download_terms""], ""matched_terms"": [""download"", ""samples""], ""local_context_samples"": []}, ""json_context"": {""matched"": false, ""score"": 0, ""signals"": []}, ""ai_context"": {""used"": false, ""matched"": false, ""label"": """", ""score"": 0.0, ""reason"": ""disabled""}}",False,False,0,no_http_metadata_dataset_signal,text/html,,https://virusshare.com/,,,False,0,dataset_json_does_not_confirm_current_url,pdfs\2405.03991v2.dataset.json,1,"[""https://assemblage-dataset.net""]",30,,"[""ASSEM- BLAGE's dataset"", ""ASSEM-\\nBLAGE's dataset"", ""ASSEMBLAGE Dataset"", ""ASSEMBLAGE SQLite database"", ""ASSEMBLAGE Windows data"", ""ASSEMBLAGE data"", ""ASSEMBLAGE dataset"", ""ASSEMBLAGE datasets"", ""ASSEMBLAGE's SQLite database"", ""AUR repositories"", ""BinaryCorp dataset"", ""GitHub corpora"", ""Linux \\ndataset"", ""Linux- GitHub dataset"", ""Linux-\\nGitHub dataset"", ""SQLite \\ndatabase"", ""SQLite database"", ""Windows"", ""Windows PE binaries"", ""Windows PE database""]",,False,False,0.0,not_used,disabled_or_not_needed,[],,,0,not_dataset,no_heuristic_matched
2405.03991v2.pdf,target,https://www.usenix.org/conference/raid2020/presentation/omar,https://usenix.org/conference/raid2020/presentation/omar,usenix.org,,False,0,no_relevant_dataset_download_link_found_in_page,,[],[],"{""matched"": true, ""score"": 4, ""text_context"": {""matched"": true, ""score"": 4, ""signals"": [""page_has_dataset_terms"", ""page_has_download_terms""], ""matched_terms"": [""access"", ""available"", ""database"", ""dataset"", ""download""], ""local_context_samples"": []}, ""json_context"": {""matched"": false, ""score"": 0, ""signals"": []}, ""ai_context"": {""used"": false, ""matched"": false, ""label"": """", ""score"": 0.0, ""reason"": ""disabled""}}",False,False,0,no_http_metadata_dataset_signal,text/html,,https://www.usenix.org/conference/raid2020/presentation/omar,,,False,0,dataset_json_does_not_confirm_current_url,pdfs\2405.03991v2.dataset.json,1,"[""https://assemblage-dataset.net""]",30,,"[""ASSEM- BLAGE's dataset"", ""ASSEM-\\nBLAGE's dataset"", ""ASSEMBLAGE Dataset"", ""ASSEMBLAGE SQLite database"", ""ASSEMBLAGE Windows data"", ""ASSEMBLAGE data"", ""ASSEMBLAGE dataset"", ""ASSEMBLAGE datasets"", ""ASSEMBLAGE's SQLite database"", ""AUR repositories"", ""BinaryCorp dataset"", ""GitHub corpora"", ""Linux \\ndataset"", ""Linux- GitHub dataset"", ""Linux-\\nGitHub dataset"", ""SQLite \\ndatabase"", ""SQLite database"", ""Windows"", ""Windows PE binaries"", ""Windows PE database""]",,False,False,0.0,not_used,disabled_or_not_needed,[],,,0,not_dataset,no_heuristic_matched
2405.03991v2.pdf,target,https://doi.org/10.1145/3465361,https://doi.org/10.1145/3465361,doi.org,,False,0,no_relevant_dataset_download_link_found_in_page,,[],[],"{""matched"": true, ""score"": 5, ""text_context"": {""matched"": true, ""score"": 5, ""signals"": [""page_has_dataset_terms"", ""page_has_download_terms""], ""matched_terms"": [""access"", ""available"", ""benchmark"", ""dataset"", ""datasets"", ""download"", ""downloadable"", ""downloads"", ""features"", ""labels""], ""local_context_samples"": []}, ""json_context"": {""matched"": false, ""score"": 0, ""signals"": []}, ""ai_context"": {""used"": false, ""matched"": false, ""label"": """", ""score"": 0.0, ""reason"": ""disabled""}}",False,False,0,no_http_metadata_dataset_signal,text/html,,https://dl.acm.org/doi/10.1145/3465361,,,False,0,dataset_json_does_not_confirm_current_url,pdfs\2405.03991v2.dataset.json,1,"[""https://assemblage-dataset.net""]",30,,"[""ASSEM- BLAGE's dataset"", ""ASSEM-\\nBLAGE's dataset"", ""ASSEMBLAGE Dataset"", ""ASSEMBLAGE SQLite database"", ""ASSEMBLAGE Windows data"", ""ASSEMBLAGE data"", ""ASSEMBLAGE dataset"", ""ASSEMBLAGE datasets"", ""ASSEMBLAGE's SQLite database"", ""AUR repositories"", ""BinaryCorp dataset"", ""GitHub corpora"", ""Linux \\ndataset"", ""Linux- GitHub dataset"", ""Linux-\\nGitHub dataset"", ""SQLite \\ndatabase"", ""SQLite database"", ""Windows"", ""Windows PE binaries"", ""Windows PE database""]",,False,False,0.0,not_used,disabled_or_not_needed,[],,,0,not_dataset,no_heuristic_matched
2405.03991v2.pdf,target,http://dx.doi.org/10.1145/3366423.3380145,https://doi.org/10.1145/3366423.3380145,doi.org,.3380145,False,0,no_relevant_dataset_download_link_found_in_page,.3380145,[],[],"{""matched"": true, ""score"": 5, ""text_context"": {""matched"": true, ""score"": 5, ""signals"": [""page_has_dataset_terms"", ""page_has_download_terms""], ""matched_terms"": [""access"", ""annotation"", ""available"", ""benchmark"", ""data set"", ""data sets"", ""database"", ""download"", ""downloadable"", ""downloads"", ""features"", ""labels""], ""local_context_samples"": []}, ""json_context"": {""matched"": false, ""score"": 0, ""signals"": []}, ""ai_context"": {""used"": false, ""matched"": false, ""label"": """", ""score"": 0.0, ""reason"": ""disabled""}}",False,False,0,no_http_metadata_dataset_signal,text/html,,https://dl.acm.org/doi/10.1145/3366423.3380145,.3380145,,False,0,dataset_json_does_not_confirm_current_url,pdfs\2405.03991v2.dataset.json,1,"[""https://assemblage-dataset.net""]",30,,"[""ASSEM- BLAGE's dataset"", ""ASSEM-\\nBLAGE's dataset"", ""ASSEMBLAGE Dataset"", ""ASSEMBLAGE SQLite database"", ""ASSEMBLAGE Windows data"", ""ASSEMBLAGE data"", ""ASSEMBLAGE dataset"", ""ASSEMBLAGE datasets"", ""ASSEMBLAGE's SQLite database"", ""AUR repositories"", ""BinaryCorp dataset"", ""GitHub corpora"", ""Linux \\ndataset"", ""Linux- GitHub dataset"", ""Linux-\\nGitHub dataset"", ""SQLite \\ndatabase"", ""SQLite database"", ""Windows"", ""Windows PE binaries"", ""Windows PE database""]",,False,False,0.0,not_used,disabled_or_not_needed,[],,,0,not_dataset,no_heuristic_matched
2405.03991v2.pdf,target,https://gs.statcounter.com/os-market-share/desktop/worldwide/,https://gs.statcounter.com/os-market-share/desktop/worldwide,gs.statcounter.com,,False,0,no_relevant_dataset_download_link_found_in_page,,[],[],"{""matched"": false, ""score"": 2, ""text_context"": {""matched"": false, ""score"": 2, ""signals"": [""page_has_download_terms""], ""matched_terms"": [""download"", ""download data""], ""local_context_samples"": []}, ""json_context"": {""matched"": false, ""score"": 0, ""signals"": []}, ""ai_context"": {""used"": false, ""matched"": false, ""label"": """", ""score"": 0.0, ""reason"": ""disabled""}}",False,False,0,no_http_metadata_dataset_signal,text/html,,https://gs.statcounter.com/os-market-share/desktop/worldwide,,,False,0,dataset_json_does_not_confirm_current_url,pdfs\2405.03991v2.dataset.json,1,"[""https://assemblage-dataset.net""]",30,,"[""ASSEM- BLAGE's dataset"", ""ASSEM-\\nBLAGE's dataset"", ""ASSEMBLAGE Dataset"", ""ASSEMBLAGE SQLite database"", ""ASSEMBLAGE Windows data"", ""ASSEMBLAGE data"", ""ASSEMBLAGE dataset"", ""ASSEMBLAGE datasets"", ""ASSEMBLAGE's SQLite database"", ""AUR repositories"", ""BinaryCorp dataset"", ""GitHub corpora"", ""Linux \\ndataset"", ""Linux- GitHub dataset"", ""Linux-\\nGitHub dataset"", ""SQLite \\ndatabase"", ""SQLite database"", ""Windows"", ""Windows PE binaries"", ""Windows PE database""]",,False,False,0.0,not_used,disabled_or_not_needed,[],,,0,not_dataset,no_heuristic_matched
2405.03991v2.pdf,target,https://doi.org/10.1007/978-3-031-43412-9_16,https://doi.org/10.1007/978-3-031-43412-9_16,doi.org,,False,0,no_relevant_dataset_download_link_found_in_page,,[],[],"{""matched"": true, ""score"": 5, ""text_context"": {""matched"": true, ""score"": 5, ""signals"": [""page_has_dataset_terms"", ""page_has_download_terms""], ""matched_terms"": [""access"", ""available"", ""benchmark"", ""database"", ""dataset"", ""datasets"", ""download"", ""labels"", ""samples""], ""local_context_samples"": []}, ""json_context"": {""matched"": false, ""score"": 0, ""signals"": []}, ""ai_context"": {""used"": false, ""matched"": false, ""label"": """", ""score"": 0.0, ""reason"": ""disabled""}}",False,False,0,no_http_metadata_dataset_signal,text/html,,https://link.springer.com/chapter/10.1007/978-3-031-43412-9_16,,,False,0,dataset_json_does_not_confirm_current_url,pdfs\2405.03991v2.dataset.json,1,"[""https://assemblage-dataset.net""]",30,,"[""ASSEM- BLAGE's dataset"", ""ASSEM-\\nBLAGE's dataset"", ""ASSEMBLAGE Dataset"", ""ASSEMBLAGE SQLite database"", ""ASSEMBLAGE Windows data"", ""ASSEMBLAGE data"", ""ASSEMBLAGE dataset"", ""ASSEMBLAGE datasets"", ""ASSEMBLAGE's SQLite database"", ""AUR repositories"", ""BinaryCorp dataset"", ""GitHub corpora"", ""Linux \\ndataset"", ""Linux- GitHub dataset"", ""Linux-\\nGitHub dataset"", ""SQLite \\ndatabase"", ""SQLite database"", ""Windows"", ""Windows PE binaries"", ""Windows PE database""]",,False,False,0.0,not_used,disabled_or_not_needed,[],,,0,not_dataset,no_heuristic_matched
2405.03991v2.pdf,target,https://www.usenix.org/conference/usenixsecurity22/presentation/yu-sheng,https://usenix.org/conference/usenixsecurity22/presentation/yu-sheng,usenix.org,,False,0,no_relevant_dataset_download_link_found_in_page,,[],[],"{""matched"": true, ""score"": 4, ""text_context"": {""matched"": true, ""score"": 4, ""signals"": [""page_has_dataset_terms"", ""page_has_download_terms""], ""matched_terms"": [""access"", ""available"", ""dataset"", ""datasets"", ""download""], ""local_context_samples"": []}, ""json_context"": {""matched"": false, ""score"": 0, ""signals"": []}, ""ai_context"": {""used"": false, ""matched"": false, ""label"": """", ""score"": 0.0, ""reason"": ""disabled""}}",False,False,0,no_http_metadata_dataset_signal,text/html,,https://www.usenix.org/conference/usenixsecurity22/presentation/yu-sheng,,,False,0,dataset_json_does_not_confirm_current_url,pdfs\2405.03991v2.dataset.json,1,"[""https://assemblage-dataset.net""]",30,,"[""ASSEM- BLAGE's dataset"", ""ASSEM-\\nBLAGE's dataset"", ""ASSEMBLAGE Dataset"", ""ASSEMBLAGE SQLite database"", ""ASSEMBLAGE Windows data"", ""ASSEMBLAGE data"", ""ASSEMBLAGE dataset"", ""ASSEMBLAGE datasets"", ""ASSEMBLAGE's SQLite database"", ""AUR repositories"", ""BinaryCorp dataset"", ""GitHub corpora"", ""Linux \\ndataset"", ""Linux- GitHub dataset"", ""Linux-\\nGitHub dataset"", ""SQLite \\ndatabase"", ""SQLite database"", ""Windows"", ""Windows PE binaries"", ""Windows PE database""]",,False,False,0.0,not_used,disabled_or_not_needed,[],,,0,not_dataset,no_heuristic_matched
2405.03991v2.pdf,target,https://www.usenix.org/conference/usenixsecurity20/presentation/zhu,https://usenix.org/conference/usenixsecurity20/presentation/zhu,usenix.org,,False,0,no_relevant_dataset_download_link_found_in_page,,[],[],"{""matched"": true, ""score"": 4, ""text_context"": {""matched"": true, ""score"": 4, ""signals"": [""page_has_dataset_terms"", ""page_has_download_terms""], ""matched_terms"": [""access"", ""annotation"", ""available"", ""download"", ""labels""], ""local_context_samples"": []}, ""json_context"": {""matched"": false, ""score"": 0, ""signals"": []}, ""ai_context"": {""used"": false, ""matched"": false, ""label"": """", ""score"": 0.0, ""reason"": ""disabled""}}",False,False,0,no_http_metadata_dataset_signal,text/html,,https://www.usenix.org/conference/usenixsecurity20/presentation/zhu,,,False,0,dataset_json_does_not_confirm_current_url,pdfs\2405.03991v2.dataset.json,1,"[""https://assemblage-dataset.net""]",30,,"[""ASSEM- BLAGE's dataset"", ""ASSEM-\\nBLAGE's dataset"", ""ASSEMBLAGE Dataset"", ""ASSEMBLAGE SQLite database"", ""ASSEMBLAGE Windows data"", ""ASSEMBLAGE data"", ""ASSEMBLAGE dataset"", ""ASSEMBLAGE datasets"", ""ASSEMBLAGE's SQLite database"", ""AUR repositories"", ""BinaryCorp dataset"", ""GitHub corpora"", ""Linux \\ndataset"", ""Linux- GitHub dataset"", ""Linux-\\nGitHub dataset"", ""SQLite \\ndatabase"", ""SQLite database"", ""Windows"", ""Windows PE binaries"", ""Windows PE database""]",,False,False,0.0,not_used,disabled_or_not_needed,[],,,0,not_dataset,no_heuristic_matched
2405.03991v2.pdf,target,https://doi.org/10.1145/3372297.3420013,https://doi.org/10.1145/3372297.3420013,doi.org,.3420013,False,0,no_relevant_dataset_download_link_found_in_page,.3420013,[],[],"{""matched"": false, ""score"": 0, ""text_context"": {""matched"": false, ""score"": 0, ""signals"": [], ""matched_terms"": [], ""local_context_samples"": []}, ""json_context"": {""matched"": false, ""score"": 0, ""signals"": []}, ""ai_context"": {""used"": false, ""matched"": false, ""label"": """", ""score"": 0.0, ""reason"": ""disabled""}}",False,False,0,no_http_metadata_dataset_signal,text/html,,https://dl.acm.org/doi/10.1145/3372297.3420013,.3420013,,False,0,dataset_json_does_not_confirm_current_url,pdfs\2405.03991v2.dataset.json,1,"[""https://assemblage-dataset.net""]",30,,"[""ASSEM- BLAGE's dataset"", ""ASSEM-\\nBLAGE's dataset"", ""ASSEMBLAGE Dataset"", ""ASSEMBLAGE SQLite database"", ""ASSEMBLAGE Windows data"", ""ASSEMBLAGE data"", ""ASSEMBLAGE dataset"", ""ASSEMBLAGE datasets"", ""ASSEMBLAGE's SQLite database"", ""AUR repositories"", ""BinaryCorp dataset"", ""GitHub corpora"", ""Linux \\ndataset"", ""Linux- GitHub dataset"", ""Linux-\\nGitHub dataset"", ""SQLite \\ndatabase"", ""SQLite database"", ""Windows"", ""Windows PE binaries"", ""Windows PE database""]",,False,False,0.0,not_used,disabled_or_not_needed,[],,,0,not_dataset,no_heuristic_matched
2405.03991v2.pdf,idno_doi,10.1145/2666652.2666663,https://doi.org/10.1145/2666652.2666663,doi.org,.2666663,False,0,no_relevant_dataset_download_link_found_in_page,.2666663,[],[],"{""matched"": false, ""score"": 0, ""text_context"": {""matched"": false, ""score"": 0, ""signals"": [], ""matched_terms"": [], ""local_context_samples"": []}, ""json_context"": {""matched"": false, ""score"": 0, ""signals"": []}, ""ai_context"": {""used"": false, ""matched"": false, ""label"": """", ""score"": 0.0, ""reason"": ""disabled""}}",False,False,0,no_http_metadata_dataset_signal,text/html,,https://dl.acm.org/doi/10.1145/2666652.2666663,.2666663,,False,0,dataset_json_does_not_confirm_current_url,pdfs\2405.03991v2.dataset.json,1,"[""https://assemblage-dataset.net""]",30,,"[""ASSEM- BLAGE's dataset"", ""ASSEM-\\nBLAGE's dataset"", ""ASSEMBLAGE Dataset"", ""ASSEMBLAGE SQLite database"", ""ASSEMBLAGE Windows data"", ""ASSEMBLAGE data"", ""ASSEMBLAGE dataset"", ""ASSEMBLAGE datasets"", ""ASSEMBLAGE's SQLite database"", ""AUR repositories"", ""BinaryCorp dataset"", ""GitHub corpora"", ""Linux \\ndataset"", ""Linux- GitHub dataset"", ""Linux-\\nGitHub dataset"", ""SQLite \\ndatabase"", ""SQLite database"", ""Windows"", ""Windows PE binaries"", ""Windows PE database""]",,False,False,0.0,not_used,disabled_or_not_needed,[],,,0,not_dataset,no_heuristic_matched
2405.03991v2.pdf,idno_doi,10.1109/CGO51591.2021.9370322,https://doi.org/10.1109/CGO51591.2021.9370322,doi.org,.9370322,False,0,no_relevant_dataset_download_link_found_in_page,.9370322,[],[],"{""matched"": false, ""score"": 2, ""text_context"": {""matched"": false, ""score"": 2, ""signals"": [""page_has_dataset_terms"", ""page_has_download_terms""], ""matched_terms"": [""access"", ""benchmark""], ""local_context_samples"": []}, ""json_context"": {""matched"": false, ""score"": 0, ""signals"": []}, ""ai_context"": {""used"": false, ""matched"": false, ""label"": """", ""score"": 0.0, ""reason"": ""disabled""}}",False,False,0,no_http_metadata_dataset_signal,text/html,,https://ieeexplore.ieee.org/document/9370322/,,,False,0,dataset_json_does_not_confirm_current_url,pdfs\2405.03991v2.dataset.json,1,"[""https://assemblage-dataset.net""]",30,,"[""ASSEM- BLAGE's dataset"", ""ASSEM-\\nBLAGE's dataset"", ""ASSEMBLAGE Dataset"", ""ASSEMBLAGE SQLite database"", ""ASSEMBLAGE Windows data"", ""ASSEMBLAGE data"", ""ASSEMBLAGE dataset"", ""ASSEMBLAGE datasets"", ""ASSEMBLAGE's SQLite database"", ""AUR repositories"", ""BinaryCorp dataset"", ""GitHub corpora"", ""Linux \\ndataset"", ""Linux- GitHub dataset"", ""Linux-\\nGitHub dataset"", ""SQLite \\ndatabase"", ""SQLite database"", ""Windows"", ""Windows PE binaries"", ""Windows PE database""]",,False,False,0.0,not_used,disabled_or_not_needed,[],,,0,not_dataset,no_heuristic_matched
2405.03991v2.pdf,idno_doi,10.1109/MALWARE.2018.8659360,https://doi.org/10.1109/MALWARE.2018.8659360,doi.org,.8659360,False,0,no_relevant_dataset_download_link_found_in_page,.8659360,[],[],"{""matched"": false, ""score"": 1, ""text_context"": {""matched"": false, ""score"": 1, ""signals"": [""page_has_download_terms""], ""matched_terms"": [""access""], ""local_context_samples"": []}, ""json_context"": {""matched"": false, ""score"": 0, ""signals"": []}, ""ai_context"": {""used"": false, ""matched"": false, ""label"": """", ""score"": 0.0, ""reason"": ""disabled""}}",False,False,0,no_http_metadata_dataset_signal,text/html,,https://ieeexplore.ieee.org/document/8659360/,,,False,0,dataset_json_does_not_confirm_current_url,pdfs\2405.03991v2.dataset.json,1,"[""https://assemblage-dataset.net""]",30,,"[""ASSEM- BLAGE's dataset"", ""ASSEM-\\nBLAGE's dataset"", ""ASSEMBLAGE Dataset"", ""ASSEMBLAGE SQLite database"", ""ASSEMBLAGE Windows data"", ""ASSEMBLAGE data"", ""ASSEMBLAGE dataset"", ""ASSEMBLAGE datasets"", ""ASSEMBLAGE's SQLite database"", ""AUR repositories"", ""BinaryCorp dataset"", ""GitHub corpora"", ""Linux \\ndataset"", ""Linux- GitHub dataset"", ""Linux-\\nGitHub dataset"", ""SQLite \\ndatabase"", ""SQLite database"", ""Windows"", ""Windows PE binaries"", ""Windows PE database""]",,False,False,0.0,not_used,disabled_or_not_needed,[],,,0,not_dataset,no_heuristic_matched
2405.03991v2.pdf,idno_doi,10.1109/MSR.2013.6624034,https://doi.org/10.1109/MSR.2013.6624034,doi.org,.6624034,False,0,no_relevant_dataset_download_link_found_in_page,.6624034,[],[],"{""matched"": false, ""score"": 2, ""text_context"": {""matched"": false, ""score"": 2, ""signals"": [""page_has_dataset_terms"", ""page_has_download_terms""], ""matched_terms"": [""access"", ""dataset""], ""local_context_samples"": []}, ""json_context"": {""matched"": false, ""score"": 0, ""signals"": []}, ""ai_context"": {""used"": false, ""matched"": false, ""label"": """", ""score"": 0.0, ""reason"": ""disabled""}}",False,False,0,no_http_metadata_dataset_signal,text/html,,https://ieeexplore.ieee.org/document/6624034/,,,False,0,dataset_json_does_not_confirm_current_url,pdfs\2405.03991v2.dataset.json,1,"[""https://assemblage-dataset.net""]",30,,"[""ASSEM- BLAGE's dataset"", ""ASSEM-\\nBLAGE's dataset"", ""ASSEMBLAGE Dataset"", ""ASSEMBLAGE SQLite database"", ""ASSEMBLAGE Windows data"", ""ASSEMBLAGE data"", ""ASSEMBLAGE dataset"", ""ASSEMBLAGE datasets"", ""ASSEMBLAGE's SQLite database"", ""AUR repositories"", ""BinaryCorp dataset"", ""GitHub corpora"", ""Linux \\ndataset"", ""Linux- GitHub dataset"", ""Linux-\\nGitHub dataset"", ""SQLite \\ndatabase"", ""SQLite database"", ""Windows"", ""Windows PE binaries"", ""Windows PE database""]",,False,False,0.0,not_used,disabled_or_not_needed,[],,,0,not_dataset,no_heuristic_matched
2405.03991v2.pdf,idno_doi,10.1016/j.future.2021.06.014,https://doi.org/10.1016/j.future.2021.06.014,doi.org,.014,False,0,no_relevant_dataset_download_link_found_in_page,.014,[],[],"{""matched"": false, ""score"": 0, ""text_context"": {""matched"": false, ""score"": 0, ""signals"": [], ""matched_terms"": [], ""local_context_samples"": []}, ""json_context"": {""matched"": false, ""score"": 0, ""signals"": []}, ""ai_context"": {""used"": false, ""matched"": false, ""label"": """", ""score"": 0.0, ""reason"": ""disabled""}}",False,False,0,no_http_metadata_dataset_signal,text/html,,https://linkinghub.elsevier.com/retrieve/pii/S0167739X21002090,,has_content_length,False,0,dataset_json_does_not_confirm_current_url,pdfs\2405.03991v2.dataset.json,1,"[""https://assemblage-dataset.net""]",30,,"[""ASSEM- BLAGE's dataset"", ""ASSEM-\\nBLAGE's dataset"", ""ASSEMBLAGE Dataset"", ""ASSEMBLAGE SQLite database"", ""ASSEMBLAGE Windows data"", ""ASSEMBLAGE data"", ""ASSEMBLAGE dataset"", ""ASSEMBLAGE datasets"", ""ASSEMBLAGE's SQLite database"", ""AUR repositories"", ""BinaryCorp dataset"", ""GitHub corpora"", ""Linux \\ndataset"", ""Linux- GitHub dataset"", ""Linux-\\nGitHub dataset"", ""SQLite \\ndatabase"", ""SQLite database"", ""Windows"", ""Windows PE binaries"", ""Windows PE database""]",,False,False,0.0,not_used,disabled_or_not_needed,[],,,0,not_dataset,no_heuristic_matched
2405.03991v2.pdf,idno_doi,10.1109/TrustCom53373.2021.00130,https://doi.org/10.1109/TrustCom53373.2021.00130,doi.org,.00130,False,0,no_relevant_dataset_download_link_found_in_page,.00130,[],[],"{""matched"": false, ""score"": 1, ""text_context"": {""matched"": false, ""score"": 1, ""signals"": [""page_has_download_terms""], ""matched_terms"": [""access""], ""local_context_samples"": []}, ""json_context"": {""matched"": false, ""score"": 0, ""signals"": []}, ""ai_context"": {""used"": false, ""matched"": false, ""label"": """", ""score"": 0.0, ""reason"": ""disabled""}}",False,False,0,no_http_metadata_dataset_signal,text/html,,https://ieeexplore.ieee.org/document/9724298/,,,False,0,dataset_json_does_not_confirm_current_url,pdfs\2405.03991v2.dataset.json,1,"[""https://assemblage-dataset.net""]",30,,"[""ASSEM- BLAGE's dataset"", ""ASSEM-\\nBLAGE's dataset"", ""ASSEMBLAGE Dataset"", ""ASSEMBLAGE SQLite database"", ""ASSEMBLAGE Windows data"", ""ASSEMBLAGE data"", ""ASSEMBLAGE dataset"", ""ASSEMBLAGE datasets"", ""ASSEMBLAGE's SQLite database"", ""AUR repositories"", ""BinaryCorp dataset"", ""GitHub corpora"", ""Linux \\ndataset"", ""Linux- GitHub dataset"", ""Linux-\\nGitHub dataset"", ""SQLite \\ndatabase"", ""SQLite database"", ""Windows"", ""Windows PE binaries"", ""Windows PE database""]",,False,False,0.0,not_used,disabled_or_not_needed,[],,,0,not_dataset,no_heuristic_matched
2405.03991v2.pdf,idno_doi,10.1145/3474369.3486867,https://doi.org/10.1145/3474369.3486867,doi.org,.3486867,False,0,no_relevant_dataset_download_link_found_in_page,.3486867,[],[],"{""matched"": true, ""score"": 5, ""text_context"": {""matched"": true, ""score"": 5, ""signals"": [""page_has_dataset_terms"", ""page_has_download_terms""], ""matched_terms"": [""access"", ""available"", ""benchmark"", ""corpus"", ""database"", ""dataset"", ""datasets"", ""download"", ""downloadable"", ""downloads"", ""features"", ""instances"", ""labels"", ""samples"", ""test data""], ""local_context_samples"": []}, ""json_context"": {""matched"": false, ""score"": 0, ""signals"": []}, ""ai_context"": {""used"": false, ""matched"": false, ""label"": """", ""score"": 0.0, ""reason"": ""disabled""}}",False,False,0,no_http_metadata_dataset_signal,text/html,,https://dl.acm.org/doi/10.1145/3474369.3486867,.3486867,,False,0,dataset_json_does_not_confirm_current_url,pdfs\2405.03991v2.dataset.json,1,"[""https://assemblage-dataset.net""]",30,,"[""ASSEM- BLAGE's dataset"", ""ASSEM-\\nBLAGE's dataset"", ""ASSEMBLAGE Dataset"", ""ASSEMBLAGE SQLite database"", ""ASSEMBLAGE Windows data"", ""ASSEMBLAGE data"", ""ASSEMBLAGE dataset"", ""ASSEMBLAGE datasets"", ""ASSEMBLAGE's SQLite database"", ""AUR repositories"", ""BinaryCorp dataset"", ""GitHub corpora"", ""Linux \\ndataset"", ""Linux- GitHub dataset"", ""Linux-\\nGitHub dataset"", ""SQLite \\ndatabase"", ""SQLite database"", ""Windows"", ""Windows PE binaries"", ""Windows PE database""]",,False,False,0.0,not_used,disabled_or_not_needed,[],,,0,not_dataset,no_heuristic_matched
2405.03991v2.pdf,idno_doi,10.48550/arXiv.2111.15031,https://doi.org/10.48550/arXiv.2111.15031,doi.org,.15031,False,0,no_relevant_dataset_download_link_found_in_page,.15031,[],[],"{""matched"": true, ""score"": 4, ""text_context"": {""matched"": true, ""score"": 4, ""signals"": [""page_has_dataset_terms"", ""page_has_download_terms""], ""matched_terms"": [""access"", ""benchmark"", ""corpus"", ""dataset"", ""features"", ""labels"", ""samples""], ""local_context_samples"": []}, ""json_context"": {""matched"": false, ""score"": 0, ""signals"": []}, ""ai_context"": {""used"": false, ""matched"": false, ""label"": """", ""score"": 0.0, ""reason"": ""disabled""}}",False,False,0,no_http_metadata_dataset_signal,text/html,,https://arxiv.org/abs/2111.15031,.15031,has_content_length,False,0,dataset_json_does_not_confirm_current_url,pdfs\2405.03991v2.dataset.json,1,"[""https://assemblage-dataset.net""]",30,,"[""ASSEM- BLAGE's dataset"", ""ASSEM-\\nBLAGE's dataset"", ""ASSEMBLAGE Dataset"", ""ASSEMBLAGE SQLite database"", ""ASSEMBLAGE Windows data"", ""ASSEMBLAGE data"", ""ASSEMBLAGE dataset"", ""ASSEMBLAGE datasets"", ""ASSEMBLAGE's SQLite database"", ""AUR repositories"", ""BinaryCorp dataset"", ""GitHub corpora"", ""Linux \\ndataset"", ""Linux- GitHub dataset"", ""Linux-\\nGitHub dataset"", ""SQLite \\ndatabase"", ""SQLite database"", ""Windows"", ""Windows PE binaries"", ""Windows PE database""]",,False,False,0.0,not_used,disabled_or_not_needed,[],,,0,not_dataset,no_heuristic_matched
2405.03991v2.pdf,idno_doi,10.1016/j.cose.2021.102371,https://doi.org/10.1016/j.cose.2021.102371,doi.org,.102371,False,0,no_relevant_dataset_download_link_found_in_page,.102371,[],[],"{""matched"": false, ""score"": 0, ""text_context"": {""matched"": false, ""score"": 0, ""signals"": [], ""matched_terms"": [], ""local_context_samples"": []}, ""json_context"": {""matched"": false, ""score"": 0, ""signals"": []}, ""ai_context"": {""used"": false, ""matched"": false, ""label"": """", ""score"": 0.0, ""reason"": ""disabled""}}",False,False,0,no_http_metadata_dataset_signal,text/html,,https://linkinghub.elsevier.com/retrieve/pii/S0167404821001954,,has_content_length,False,0,dataset_json_does_not_confirm_current_url,pdfs\2405.03991v2.dataset.json,1,"[""https://assemblage-dataset.net""]",30,,"[""ASSEM- BLAGE's dataset"", ""ASSEM-\\nBLAGE's dataset"", ""ASSEMBLAGE Dataset"", ""ASSEMBLAGE SQLite database"", ""ASSEMBLAGE Windows data"", ""ASSEMBLAGE data"", ""ASSEMBLAGE dataset"", ""ASSEMBLAGE datasets"", ""ASSEMBLAGE's SQLite database"", ""AUR repositories"", ""BinaryCorp dataset"", ""GitHub corpora"", ""Linux \\ndataset"", ""Linux- GitHub dataset"", ""Linux-\\nGitHub dataset"", ""SQLite \\ndatabase"", ""SQLite database"", ""Windows"", ""Windows PE binaries"", ""Windows PE database""]",,False,False,0.0,not_used,disabled_or_not_needed,[],,,0,not_dataset,no_heuristic_matched
2405.03991v2.pdf,idno_doi,10.3390/electronics12071722,https://doi.org/10.3390/electronics12071722,doi.org,,False,0,no_relevant_dataset_download_link_found_in_page,,[],[],"{""matched"": false, ""score"": 1, ""text_context"": {""matched"": false, ""score"": 1, ""signals"": [""page_has_download_terms""], ""matched_terms"": [""access""], ""local_context_samples"": []}, ""json_context"": {""matched"": false, ""score"": 0, ""signals"": []}, ""ai_context"": {""used"": false, ""matched"": false, ""label"": """", ""score"": 0.0, ""reason"": ""disabled""}}",False,False,0,no_http_metadata_dataset_signal,text/html,,https://www.mdpi.com/2079-9292/12/7/1722,,has_content_length,False,0,dataset_json_does_not_confirm_current_url,pdfs\2405.03991v2.dataset.json,1,"[""https://assemblage-dataset.net""]",30,,"[""ASSEM- BLAGE's dataset"", ""ASSEM-\\nBLAGE's dataset"", ""ASSEMBLAGE Dataset"", ""ASSEMBLAGE SQLite database"", ""ASSEMBLAGE Windows data"", ""ASSEMBLAGE data"", ""ASSEMBLAGE dataset"", ""ASSEMBLAGE datasets"", ""ASSEMBLAGE's SQLite database"", ""AUR repositories"", ""BinaryCorp dataset"", ""GitHub corpora"", ""Linux \\ndataset"", ""Linux- GitHub dataset"", ""Linux-\\nGitHub dataset"", ""SQLite \\ndatabase"", ""SQLite database"", ""Windows"", ""Windows PE binaries"", ""Windows PE database""]",,False,False,0.0,not_used,disabled_or_not_needed,[],,,0,not_dataset,no_heuristic_matched
2405.03991v2.pdf,idno_doi,10.1109/ICCD.2008.4751891,https://doi.org/10.1109/ICCD.2008.4751891,doi.org,.4751891,False,0,no_relevant_dataset_download_link_found_in_page,.4751891,[],[],"{""matched"": false, ""score"": 1, ""text_context"": {""matched"": false, ""score"": 1, ""signals"": [""page_has_download_terms""], ""matched_terms"": [""access""], ""local_context_samples"": []}, ""json_context"": {""matched"": false, ""score"": 0, ""signals"": []}, ""ai_context"": {""used"": false, ""matched"": false, ""label"": """", ""score"": 0.0, ""reason"": ""disabled""}}",False,False,0,no_http_metadata_dataset_signal,text/html,,https://ieeexplore.ieee.org/document/4751891/,,,False,0,dataset_json_does_not_confirm_current_url,pdfs\2405.03991v2.dataset.json,1,"[""https://assemblage-dataset.net""]",30,,"[""ASSEM- BLAGE's dataset"", ""ASSEM-\\nBLAGE's dataset"", ""ASSEMBLAGE Dataset"", ""ASSEMBLAGE SQLite database"", ""ASSEMBLAGE Windows data"", ""ASSEMBLAGE data"", ""ASSEMBLAGE dataset"", ""ASSEMBLAGE datasets"", ""ASSEMBLAGE's SQLite database"", ""AUR repositories"", ""BinaryCorp dataset"", ""GitHub corpora"", ""Linux \\ndataset"", ""Linux- GitHub dataset"", ""Linux-\\nGitHub dataset"", ""SQLite \\ndatabase"", ""SQLite database"", ""Windows"", ""Windows PE binaries"", ""Windows PE database""]",,False,False,0.0,not_used,disabled_or_not_needed,[],,,0,not_dataset,no_heuristic_matched
2405.03991v2.pdf,idno_doi,10.1145/3411508.3421372,https://doi.org/10.1145/3411508.3421372,doi.org,.3421372,False,0,no_relevant_dataset_download_link_found_in_page,.3421372,[],[],"{""matched"": true, ""score"": 5, ""text_context"": {""matched"": true, ""score"": 5, ""signals"": [""page_has_dataset_terms"", ""page_has_download_terms""], ""matched_terms"": [""access"", ""available"", ""available at"", ""corpus"", ""dataset"", ""download"", ""downloadable"", ""downloads"", ""features"", ""samples""], ""local_context_samples"": []}, ""json_context"": {""matched"": false, ""score"": 0, ""signals"": []}, ""ai_context"": {""used"": false, ""matched"": false, ""label"": """", ""score"": 0.0, ""reason"": ""disabled""}}",False,False,0,no_http_metadata_dataset_signal,text/html,,https://dl.acm.org/doi/10.1145/3411508.3421372,.3421372,,False,0,dataset_json_does_not_confirm_current_url,pdfs\2405.03991v2.dataset.json,1,"[""https://assemblage-dataset.net""]",30,,"[""ASSEM- BLAGE's dataset"", ""ASSEM-\\nBLAGE's dataset"", ""ASSEMBLAGE Dataset"", ""ASSEMBLAGE SQLite database"", ""ASSEMBLAGE Windows data"", ""ASSEMBLAGE data"", ""ASSEMBLAGE dataset"", ""ASSEMBLAGE datasets"", ""ASSEMBLAGE's SQLite database"", ""AUR repositories"", ""BinaryCorp dataset"", ""GitHub corpora"", ""Linux \\ndataset"", ""Linux- GitHub dataset"", ""Linux-\\nGitHub dataset"", ""SQLite \\ndatabase"", ""SQLite database"", ""Windows"", ""Windows PE binaries"", ""Windows PE database""]",,False,False,0.0,not_used,disabled_or_not_needed,[],,,0,not_dataset,no_heuristic_matched
2405.03991v2.pdf,idno_doi,10.1109/SP.2016.17,https://doi.org/10.1109/SP.2016.17,doi.org,.17,False,0,no_relevant_dataset_download_link_found_in_page,.17,[],[],"{""matched"": false, ""score"": 1, ""text_context"": {""matched"": false, ""score"": 1, ""signals"": [""page_has_download_terms""], ""matched_terms"": [""access""], ""local_context_samples"": []}, ""json_context"": {""matched"": false, ""score"": 0, ""signals"": []}, ""ai_context"": {""used"": false, ""matched"": false, ""label"": """", ""score"": 0.0, ""reason"": ""disabled""}}",False,False,0,no_http_metadata_dataset_signal,text/html,,https://ieeexplore.ieee.org/document/7546500/,,,False,0,dataset_json_does_not_confirm_current_url,pdfs\2405.03991v2.dataset.json,1,"[""https://assemblage-dataset.net""]",30,,"[""ASSEM- BLAGE's dataset"", ""ASSEM-\\nBLAGE's dataset"", ""ASSEMBLAGE Dataset"", ""ASSEMBLAGE SQLite database"", ""ASSEMBLAGE Windows data"", ""ASSEMBLAGE data"", ""ASSEMBLAGE dataset"", ""ASSEMBLAGE datasets"", ""ASSEMBLAGE's SQLite database"", ""AUR repositories"", ""BinaryCorp dataset"", ""GitHub corpora"", ""Linux \\ndataset"", ""Linux- GitHub dataset"", ""Linux-\\nGitHub dataset"", ""SQLite \\ndatabase"", ""SQLite database"", ""Windows"", ""Windows PE binaries"", ""Windows PE database""]",,False,False,0.0,not_used,disabled_or_not_needed,[],,,0,not_dataset,no_heuristic_matched
2405.03991v2.pdf,idno_doi,10.1109/ISCC53001.2021.9631481,https://doi.org/10.1109/ISCC53001.2021.9631481,doi.org,.9631481,False,0,no_relevant_dataset_download_link_found_in_page,.9631481,[],[],"{""matched"": false, ""score"": 1, ""text_context"": {""matched"": false, ""score"": 1, ""signals"": [""page_has_download_terms""], ""matched_terms"": [""access""], ""local_context_samples"": []}, ""json_context"": {""matched"": false, ""score"": 0, ""signals"": []}, ""ai_context"": {""used"": false, ""matched"": false, ""label"": """", ""score"": 0.0, ""reason"": ""disabled""}}",False,False,0,no_http_metadata_dataset_signal,text/html,,https://ieeexplore.ieee.org/document/9631481/,,,False,0,dataset_json_does_not_confirm_current_url,pdfs\2405.03991v2.dataset.json,1,"[""https://assemblage-dataset.net""]",30,,"[""ASSEM- BLAGE's dataset"", ""ASSEM-\\nBLAGE's dataset"", ""ASSEMBLAGE Dataset"", ""ASSEMBLAGE SQLite database"", ""ASSEMBLAGE Windows data"", ""ASSEMBLAGE data"", ""ASSEMBLAGE dataset"", ""ASSEMBLAGE datasets"", ""ASSEMBLAGE's SQLite database"", ""AUR repositories"", ""BinaryCorp dataset"", ""GitHub corpora"", ""Linux \\ndataset"", ""Linux- GitHub dataset"", ""Linux-\\nGitHub dataset"", ""SQLite \\ndatabase"", ""SQLite database"", ""Windows"", ""Windows PE binaries"", ""Windows PE database""]",,False,False,0.0,not_used,disabled_or_not_needed,[],,,0,not_dataset,no_heuristic_matched
2405.03991v2.pdf,abstract,https://assemblage-dataset.net/.*,https://assemblage-dataset.net/.*,assemblage-dataset.net,,False,0,no_relevant_dataset_download_link_found_in_page,,[],[],"{""matched"": false, ""score"": 0, ""text_context"": {""matched"": false, ""score"": 0, ""signals"": [], ""matched_terms"": [], ""local_context_samples"": []}, ""json_context"": {""matched"": false, ""score"": 0, ""signals"": []}, ""ai_context"": {""used"": false, ""matched"": false, ""label"": """", ""score"": 0.0, ""reason"": ""disabled""}}",False,False,0,no_http_metadata_dataset_signal,text/html,,https://assemblage-dataset.net/.*,,has_content_length,True,8,dataset_json_confirms_current_url,pdfs\2405.03991v2.dataset.json,1,"[""https://assemblage-dataset.net""]",30,ASSEM- BLAGE's dataset,"[""ASSEM- BLAGE's dataset"", ""ASSEM-\\nBLAGE's dataset"", ""ASSEMBLAGE Dataset"", ""ASSEMBLAGE SQLite database"", ""ASSEMBLAGE Windows data"", ""ASSEMBLAGE data"", ""ASSEMBLAGE dataset"", ""ASSEMBLAGE datasets"", ""ASSEMBLAGE's SQLite database"", ""AUR repositories"", ""BinaryCorp dataset"", ""GitHub corpora"", ""Linux \\ndataset"", ""Linux- GitHub dataset"", ""Linux-\\nGitHub dataset"", ""SQLite \\ndatabase"", ""SQLite database"", ""Windows"", ""Windows PE binaries"", ""Windows PE database""]",same_domain_as_dataset_like_url_and_input_has_dataset_signal|dataset_name_from_json_appears_in_input_url,False,False,0.0,not_used,disabled_or_not_needed,[],,,8,dataset,heuristica_3
2405.03991v2.pdf,body,https://github.com/Cisco-Talos/binary_function_similarity/.Linux,https://github.com/Cisco-Talos/binary_function_similarity,github.com,,False,0,no_relevant_dataset_download_link_found_in_page,,[],[],"{""matched"": true, ""score"": 5, ""text_context"": {""matched"": true, ""score"": 5, ""signals"": [""page_has_dataset_terms"", ""page_has_download_terms""], ""matched_terms"": [""available"", ""available at"", ""database"", ""dataset"", ""datasets"", ""download"", ""features""], ""local_context_samples"": []}, ""json_context"": {""matched"": false, ""score"": 0, ""signals"": []}, ""ai_context"": {""used"": false, ""matched"": false, ""label"": """", ""score"": 0.0, ""reason"": ""disabled""}}",False,False,0,no_http_metadata_dataset_signal,text/html,,https://github.com/Cisco-Talos/binary_function_similarity,,,True,4,dataset_json_confirms_current_url,pdfs\2405.03991v2.dataset.json,1,"[""https://assemblage-dataset.net""]",30,GitHub corpora,"[""ASSEM- BLAGE's dataset"", ""ASSEM-\\nBLAGE's dataset"", ""ASSEMBLAGE Dataset"", ""ASSEMBLAGE SQLite database"", ""ASSEMBLAGE Windows data"", ""ASSEMBLAGE data"", ""ASSEMBLAGE dataset"", ""ASSEMBLAGE datasets"", ""ASSEMBLAGE's SQLite database"", ""AUR repositories"", ""BinaryCorp dataset"", ""GitHub corpora"", ""Linux \\ndataset"", ""Linux- GitHub dataset"", ""Linux-\\nGitHub dataset"", ""SQLite \\ndatabase"", ""SQLite database"", ""Windows"", ""Windows PE binaries"", ""Windows PE database""]",dataset_name_from_json_appears_in_input_url,False,False,0.0,not_used,disabled_or_not_needed,[],,,4,dataset,heuristica_3
2405.03991v2.pdf,reference,https://www.usenix.org/conference/usenixsecurity14/technical-sessions/presentation/bao.Polyglot,https://usenix.org/conference/usenixsecurity14/technical-sessions/presentation/bao.Polyglot,usenix.org,.polyglot,False,0,no_relevant_dataset_download_link_found_in_page,.polyglot,[],[],"{""matched"": false, ""score"": 1, ""text_context"": {""matched"": false, ""score"": 1, ""signals"": [""page_has_download_terms""], ""matched_terms"": [""available""], ""local_context_samples"": []}, ""json_context"": {""matched"": false, ""score"": 0, ""signals"": []}, ""ai_context"": {""used"": false, ""matched"": false, ""label"": """", ""score"": 0.0, ""reason"": ""disabled""}}",False,False,0,no_http_metadata_dataset_signal,text/html,,https://www.usenix.org/conference/usenixsecurity14/technical-sessions/presentation/bao.Polyglot,.polyglot,,False,0,dataset_json_does_not_confirm_current_url,pdfs\2405.03991v2.dataset.json,1,"[""https://assemblage-dataset.net""]",30,,"[""ASSEM- BLAGE's dataset"", ""ASSEM-\\nBLAGE's dataset"", ""ASSEMBLAGE Dataset"", ""ASSEMBLAGE SQLite database"", ""ASSEMBLAGE Windows data"", ""ASSEMBLAGE data"", ""ASSEMBLAGE dataset"", ""ASSEMBLAGE datasets"", ""ASSEMBLAGE's SQLite database"", ""AUR repositories"", ""BinaryCorp dataset"", ""GitHub corpora"", ""Linux \\ndataset"", ""Linux- GitHub dataset"", ""Linux-\\nGitHub dataset"", ""SQLite \\ndatabase"", ""SQLite database"", ""Windows"", ""Windows PE binaries"", ""Windows PE database""]",,False,False,0.0,not_used,disabled_or_not_needed,[],,,0,not_dataset,no_heuristic_matched
2405.03991v2.pdf,back,https://assemblage-dataset.net/,https://assemblage-dataset.net/,assemblage-dataset.net,,False,0,no_relevant_dataset_download_link_found_in_page,,[],[],"{""matched"": true, ""score"": 4, ""text_context"": {""matched"": true, ""score"": 4, ""signals"": [""page_has_dataset_terms"", ""page_has_download_terms""], ""matched_terms"": [""access"", ""corpus"", ""dataset"", ""datasets""], ""local_context_samples"": []}, ""json_context"": {""matched"": false, ""score"": 0, ""signals"": []}, ""ai_context"": {""used"": false, ""matched"": false, ""label"": """", ""score"": 0.0, ""reason"": ""disabled""}}",False,False,0,no_http_metadata_dataset_signal,text/html,,https://assemblage-dataset.net/,,has_content_length,True,18,dataset_json_confirms_current_url,pdfs\2405.03991v2.dataset.json,1,"[""https://assemblage-dataset.net""]",30,ASSEM- BLAGE's dataset,"[""ASSEM- BLAGE's dataset"", ""ASSEM-\\nBLAGE's dataset"", ""ASSEMBLAGE Dataset"", ""ASSEMBLAGE SQLite database"", ""ASSEMBLAGE Windows data"", ""ASSEMBLAGE data"", ""ASSEMBLAGE dataset"", ""ASSEMBLAGE datasets"", ""ASSEMBLAGE's SQLite database"", ""AUR repositories"", ""BinaryCorp dataset"", ""GitHub corpora"", ""Linux \\ndataset"", ""Linux- GitHub dataset"", ""Linux-\\nGitHub dataset"", ""SQLite \\ndatabase"", ""SQLite database"", ""Windows"", ""Windows PE binaries"", ""Windows PE database""]",exact_dataset_like_url_appears_in_dataset_json|exact_raw_url_appears_in_dataset_json_and_input_has_dataset_signal|same_domain_as_dataset_like_url_and_input_has_dataset_signal|dataset_name_from_json_appears_in_input_url,False,False,0.0,not_used,disabled_or_not_needed,[],,,18,dataset,heuristica_3
2405.03991v2.pdf,back,https://assemblagedocs.readthedocs.io,https://assemblagedocs.readthedocs.io,assemblagedocs.readthedocs.io,,False,0,no_relevant_dataset_download_link_found_in_page,,[],[],"{""matched"": true, ""score"": 4, ""text_context"": {""matched"": true, ""score"": 4, ""signals"": [""page_has_dataset_terms"", ""page_has_download_terms""], ""matched_terms"": [""access"", ""corpus"", ""dataset"", ""datasets"", ""training data""], ""local_context_samples"": []}, ""json_context"": {""matched"": false, ""score"": 0, ""signals"": []}, ""ai_context"": {""used"": false, ""matched"": false, ""label"": """", ""score"": 0.0, ""reason"": ""disabled""}}",False,False,0,no_http_metadata_dataset_signal,text/html,,https://assemblagedocs.readthedocs.io/en/latest/,,,True,4,dataset_json_confirms_current_url,pdfs\2405.03991v2.dataset.json,1,"[""https://assemblage-dataset.net""]",30,ASSEM- BLAGE's dataset,"[""ASSEM- BLAGE's dataset"", ""ASSEM-\\nBLAGE's dataset"", ""ASSEMBLAGE Dataset"", ""ASSEMBLAGE SQLite database"", ""ASSEMBLAGE Windows data"", ""ASSEMBLAGE data"", ""ASSEMBLAGE dataset"", ""ASSEMBLAGE datasets"", ""ASSEMBLAGE's SQLite database"", ""AUR repositories"", ""BinaryCorp dataset"", ""GitHub corpora"", ""Linux \\ndataset"", ""Linux- GitHub dataset"", ""Linux-\\nGitHub dataset"", ""SQLite \\ndatabase"", ""SQLite database"", ""Windows"", ""Windows PE binaries"", ""Windows PE database""]",dataset_name_from_json_appears_in_input_url,False,False,0.0,not_used,disabled_or_not_needed,[],,,4,dataset,heuristica_3
2405.03991v2.pdf,back,https://github.com/Assemblage-Dataset/Assemblage.Anyone,https://github.com/Assemblage-Dataset/Assemblage.Anyone,github.com,.anyone,False,0,no_relevant_dataset_download_link_found_in_page,.anyone,[],[],"{""matched"": false, ""score"": 2, ""text_context"": {""matched"": false, ""score"": 2, ""signals"": [""page_has_dataset_terms"", ""page_has_download_terms""], ""matched_terms"": [""available"", ""features""], ""local_context_samples"": []}, ""json_context"": {""matched"": false, ""score"": 0, ""signals"": []}, ""ai_context"": {""used"": false, ""matched"": false, ""label"": """", ""score"": 0.0, ""reason"": ""disabled""}}",False,False,0,no_http_metadata_dataset_signal,text/html,,https://github.com/Assemblage-Dataset/Assemblage.Anyone,.anyone,,True,4,dataset_json_confirms_current_url,pdfs\2405.03991v2.dataset.json,1,"[""https://assemblage-dataset.net""]",30,ASSEM- BLAGE's dataset,"[""ASSEM- BLAGE's dataset"", ""ASSEM-\\nBLAGE's dataset"", ""ASSEMBLAGE Dataset"", ""ASSEMBLAGE SQLite database"", ""ASSEMBLAGE Windows data"", ""ASSEMBLAGE data"", ""ASSEMBLAGE dataset"", ""ASSEMBLAGE datasets"", ""ASSEMBLAGE's SQLite database"", ""AUR repositories"", ""BinaryCorp dataset"", ""GitHub corpora"", ""Linux \\ndataset"", ""Linux- GitHub dataset"", ""Linux-\\nGitHub dataset"", ""SQLite \\ndatabase"", ""SQLite database"", ""Windows"", ""Windows PE binaries"", ""Windows PE database""]",dataset_name_from_json_appears_in_input_url,False,False,0.0,not_used,disabled_or_not_needed,[],,,4,dataset,heuristica_3
2501.11091v1.pdf,target,https://bitcoin.org/bitcoin.pdf,https://bitcoin.org/bitcoin.pdf,bitcoin.org,.pdf,False,0,no_relevant_dataset_download_link_found_in_page,.pdf,[],[],"{""matched"": false, ""score"": 0, ""text_context"": {""matched"": false, ""score"": 0, ""signals"": [], ""matched_terms"": [], ""local_context_samples"": []}, ""json_context"": {""matched"": false, ""score"": 0, ""signals"": []}, ""ai_context"": {""used"": false, ""matched"": false, ""label"": """", ""score"": 0.0, ""reason"": ""disabled""}}",False,False,0,no_http_metadata_dataset_signal,application/pdf,,https://bitcoin.org/bitcoin.pdf,.pdf,has_content_length,True,4,dataset_json_confirms_current_url,pdfs\2501.11091v1.dataset.json,0,[],1,Bitcoin network,"[""Bitcoin network""]",dataset_name_from_json_appears_in_input_url,False,False,0.0,not_used,disabled_or_not_needed,[],,,4,dataset,heuristica_3
2501.11091v1.pdf,target,https://bitcoin.org/en/alert/2013-03-11-chain-fork,https://bitcoin.org/en/alert/2013-03-11-chain-fork,bitcoin.org,,False,0,no_relevant_dataset_download_link_found_in_page,,[],[],"{""matched"": false, ""score"": 0, ""text_context"": {""matched"": false, ""score"": 0, ""signals"": [], ""matched_terms"": [], ""local_context_samples"": []}, ""json_context"": {""matched"": false, ""score"": 0, ""signals"": []}, ""ai_context"": {""used"": false, ""matched"": false, ""label"": """", ""score"": 0.0, ""reason"": ""disabled""}}",False,False,0,no_http_metadata_dataset_signal,text/html,,https://bitcoin.org/en/alert/2013-03-11-chain-fork,,,True,4,dataset_json_confirms_current_url,pdfs\2501.11091v1.dataset.json,0,[],1,Bitcoin network,"[""Bitcoin network""]",dataset_name_from_json_appears_in_input_url,False,False,0.0,not_used,disabled_or_not_needed,[],,,4,dataset,heuristica_3
2501.11091v1.pdf,target,https://learnmeabitcoin.com/technical/blockchain/chain-reorganization/,https://learnmeabitcoin.com/technical/blockchain/chain-reorganization,learnmeabitcoin.com,,False,0,no_relevant_dataset_download_link_found_in_page,,[],[],"{""matched"": false, ""score"": 2, ""text_context"": {""matched"": false, ""score"": 2, ""signals"": [""page_has_download_terms""], ""matched_terms"": [""download"", ""downloads""], ""local_context_samples"": []}, ""json_context"": {""matched"": false, ""score"": 0, ""signals"": []}, ""ai_context"": {""used"": false, ""matched"": false, ""label"": """", ""score"": 0.0, ""reason"": ""disabled""}}",False,False,0,no_http_metadata_dataset_signal,text/html,,https://learnmeabitcoin.com/technical/blockchain/chain-reorganization/,,,False,0,dataset_json_does_not_confirm_current_url,pdfs\2501.11091v1.dataset.json,0,[],1,,"[""Bitcoin network""]",,False,False,0.0,not_used,disabled_or_not_needed,[],,,0,not_dataset,no_heuristic_matched
4449.pdf,target,http://research.microsoft.com/barc/SortBenchmark/,http://research.microsoft.com/barc/SortBenchmark,research.microsoft.com,,False,0,no_relevant_dataset_download_link_found_in_page,,[],[],"{""matched"": false, ""score"": 2, ""text_context"": {""matched"": false, ""score"": 2, ""signals"": [""page_has_download_terms""], ""matched_terms"": [""access"", ""download""], ""local_context_samples"": []}, ""json_context"": {""matched"": false, ""score"": 0, ""signals"": []}, ""ai_context"": {""used"": false, ""matched"": false, ""label"": """", ""score"": 0.0, ""reason"": ""disabled""}}",False,False,0,no_http_metadata_dataset_signal,text/html,,https://www.microsoft.com/en-us/research/,,has_content_length,False,0,dataset_json_does_not_confirm_current_url,pdfs\4449.dataset.json,0,[],6,,"[""GetCounter"", ""MapRe-\\nduce"", ""MapReduce \\nlibrary"", ""MapReduce library"", ""TeraSort benchmark"", ""Updates""]",,False,False,0.0,not_used,disabled_or_not_needed,[],,,0,not_dataset,no_heuristic_matched
4449.pdf,target,http://alme1.almaden.ibm.com/cs/spsort.pdf,http://alme1.almaden.ibm.com/cs/spsort.pdf,alme1.almaden.ibm.com,.pdf,False,0,page_download_error,.pdf,[],[],{},,False,0,http_error,,,,,,False,0,dataset_json_does_not_confirm_current_url,pdfs\4449.dataset.json,0,[],6,,"[""GetCounter"", ""MapRe-\\nduce"", ""MapReduce \\nlibrary"", ""MapReduce library"", ""TeraSort benchmark"", ""Updates""]",,False,False,0.0,not_used,disabled_or_not_needed,[],,,0,not_dataset,no_heuristic_matched
NIPS-2012-imagenet-classification-with-deep-convolutional-neural-networks-Paper.pdf,target,http://www.image-net.org/challenges/LSVRC/2012/,http://image-net.org/challenges/LSVRC/2012,image-net.org,,False,0,no_relevant_dataset_download_link_found_in_page,,[],[],"{""matched"": true, ""score"": 5, ""text_context"": {""matched"": true, ""score"": 5, ""signals"": [""page_has_dataset_terms"", ""page_has_download_terms""], ""matched_terms"": [""annotation"", ""available"", ""database"", ""dataset"", ""download"", ""features"", ""instances"", ""labels"", ""test data"", ""training data"", ""validation data""], ""local_context_samples"": []}, ""json_context"": {""matched"": false, ""score"": 0, ""signals"": []}, ""ai_context"": {""used"": false, ""matched"": false, ""label"": """", ""score"": 0.0, ""reason"": ""disabled""}}",False,False,0,no_http_metadata_dataset_signal,text/html,,https://image-net.org/challenges/LSVRC/2012/,,,True,4,dataset_json_confirms_current_url,pdfs\NIPS-2012-imagenet-classification-with-deep-convolutional-neural-networks-Paper.dataset.json,0,[],7,ImageNet,"[""CIFAR-10 \\ndataset"", ""Caltech-101 dataset"", ""Caltech-101/256"", ""ILSVRC-2010"", ""ImageNet"", ""LabelMe"", ""images""]",dataset_name_from_json_appears_in_input_url,False,False,0.0,not_used,disabled_or_not_needed,[],,,4,dataset,heuristica_3
NIPS-2012-imagenet-classification-with-deep-convolutional-neural-networks-Paper.pdf,target,http://authors.library.caltech.edu/7694,http://authors.library.caltech.edu/7694,authors.library.caltech.edu,,False,0,page_download_error,,[],[],{},,False,0,no_http_metadata_dataset_signal,text/html,,https://authors.library.caltech.edu/records/5sv1j-ytw97,,,True,4,dataset_json_confirms_current_url,pdfs\NIPS-2012-imagenet-classification-with-deep-convolutional-neural-networks-Paper.dataset.json,0,[],7,Caltech-101 dataset,"[""CIFAR-10 \\ndataset"", ""Caltech-101 dataset"", ""Caltech-101/256"", ""ILSVRC-2010"", ""ImageNet"", ""LabelMe"", ""images""]",dataset_name_from_json_appears_in_input_url,False,False,0.0,not_used,disabled_or_not_needed,[],,,4,dataset,heuristica_3
NIPS-2012-imagenet-classification-with-deep-convolutional-neural-networks-Paper.pdf,body,http://code.google.com/p/cuda-convnet/The,http://code.google.com/p/cuda-convnet/The,code.google.com,,False,0,no_relevant_dataset_download_link_found_in_page,,[],[],"{""matched"": false, ""score"": 0, ""text_context"": {""matched"": false, ""score"": 0, ""signals"": [], ""matched_terms"": [], ""local_context_samples"": []}, ""json_context"": {""matched"": false, ""score"": 0, ""signals"": []}, ""ai_context"": {""used"": false, ""matched"": false, ""label"": """", ""score"": 0.0, ""reason"": ""disabled""}}",False,False,0,no_http_metadata_dataset_signal,text/html,,https://code.google.com/archive/p/cuda-convnet,,,False,0,dataset_json_does_not_confirm_current_url,pdfs\NIPS-2012-imagenet-classification-with-deep-convolutional-neural-networks-Paper.dataset.json,0,[],7,,"[""CIFAR-10 \\ndataset"", ""Caltech-101 dataset"", ""Caltech-101/256"", ""ILSVRC-2010"", ""ImageNet"", ""LabelMe"", ""images""]",,False,False,0.0,not_used,disabled_or_not_needed,[],,,0,not_dataset,no_heuristic_matched
NIPS-2012-imagenet-classification-with-deep-convolutional-neural-networks-Paper.pdf,note,www.image-net.org/challenges.2010,https://image-net.org/challenges.2010,image-net.org,.2010,False,0,no_relevant_dataset_download_link_found_in_page,.2010,[],[],"{""matched"": false, ""score"": 0, ""text_context"": {""matched"": false, ""score"": 0, ""signals"": [], ""matched_terms"": [], ""local_context_samples"": []}, ""json_context"": {""matched"": false, ""score"": 0, ""signals"": []}, ""ai_context"": {""used"": false, ""matched"": false, ""label"": """", ""score"": 0.0, ""reason"": ""disabled""}}",False,False,0,no_http_metadata_dataset_signal,text/html,,https://image-net.org/challenges.2010,.2010,has_content_length,True,4,dataset_json_confirms_current_url,pdfs\NIPS-2012-imagenet-classification-with-deep-convolutional-neural-networks-Paper.dataset.json,0,[],7,ImageNet,"[""CIFAR-10 \\ndataset"", ""Caltech-101 dataset"", ""Caltech-101/256"", ""ILSVRC-2010"", ""ImageNet"", ""LabelMe"", ""images""]",dataset_name_from_json_appears_in_input_url,False,False,0.0,not_used,disabled_or_not_needed,[],,,4,dataset,heuristica_3
NIPS-2012-imagenet-classification-with-deep-convolutional-neural-networks-Paper.pdf,reference,www.imagenet.org/challenges,https://imagenet.org/challenges,imagenet.org,,False,0,page_download_error,,[],[],{},,False,0,http_error,,,,,,True,4,dataset_json_confirms_current_url,pdfs\NIPS-2012-imagenet-classification-with-deep-convolutional-neural-networks-Paper.dataset.json,0,[],7,ImageNet,"[""CIFAR-10 \\ndataset"", ""Caltech-101 dataset"", ""Caltech-101/256"", ""ILSVRC-2010"", ""ImageNet"", ""LabelMe"", ""images""]",dataset_name_from_json_appears_in_input_url,False,False,0.0,not_used,disabled_or_not_needed,[],,,4,dataset,heuristica_3
TSP_IASC_36323.pdf,target,https://doi.org/10.1016/j.media.2021.102188,https://doi.org/10.1016/j.media.2021.102188,doi.org,.102188,False,0,no_relevant_dataset_download_link_found_in_page,.102188,[],[],"{""matched"": false, ""score"": 0, ""text_context"": {""matched"": false, ""score"": 0, ""signals"": [], ""matched_terms"": [], ""local_context_samples"": []}, ""json_context"": {""matched"": false, ""score"": 0, ""signals"": []}, ""ai_context"": {""used"": false, ""matched"": false, ""label"": """", ""score"": 0.0, ""reason"": ""disabled""}}",False,False,0,no_http_metadata_dataset_signal,text/html,,https://linkinghub.elsevier.com/retrieve/pii/S1361841521002346,,has_content_length,False,0,dataset_json_does_not_confirm_current_url,pdfs\TSP_IASC_36323.dataset.json,0,[],5,,"[""MNIST \\ndataset"", ""MNIST hand- written digit dataset"", ""MNIST hand-\\nwritten digit dataset"", ""MNIST handwritten dataset"", ""National Institute of Standards and Technology""]",,False,False,0.0,not_used,disabled_or_not_needed,[],,,0,not_dataset,no_heuristic_matched
TSP_IASC_36323.pdf,target,https://doi.org/10.1142/9789811239014_0005,https://doi.org/10.1142/9789811239014_0005,doi.org,,False,0,no_relevant_dataset_download_link_found_in_page,,[],[],"{""matched"": false, ""score"": 0, ""text_context"": {""matched"": false, ""score"": 0, ""signals"": [], ""matched_terms"": [], ""local_context_samples"": []}, ""json_context"": {""matched"": false, ""score"": 0, ""signals"": []}, ""ai_context"": {""used"": false, ""matched"": false, ""label"": """", ""score"": 0.0, ""reason"": ""disabled""}}",False,False,0,no_http_metadata_dataset_signal,text/html,,https://www.worldscientific.com/doi/abs/10.1142/9789811239014_0005,,,False,0,dataset_json_does_not_confirm_current_url,pdfs\TSP_IASC_36323.dataset.json,0,[],5,,"[""MNIST \\ndataset"", ""MNIST hand- written digit dataset"", ""MNIST hand-\\nwritten digit dataset"", ""MNIST handwritten dataset"", ""National Institute of Standards and Technology""]",,False,False,0.0,not_used,disabled_or_not_needed,[],,,0,not_dataset,no_heuristic_matched
TSP_IASC_36323.pdf,target,https://doi.org/10.1016/j.inffus.2020.04.002,https://doi.org/10.1016/j.inffus.2020.04.002,doi.org,.002,False,0,no_relevant_dataset_download_link_found_in_page,.002,[],[],"{""matched"": false, ""score"": 0, ""text_context"": {""matched"": false, ""score"": 0, ""signals"": [], ""matched_terms"": [], ""local_context_samples"": []}, ""json_context"": {""matched"": false, ""score"": 0, ""signals"": []}, ""ai_context"": {""used"": false, ""matched"": false, ""label"": """", ""score"": 0.0, ""reason"": ""disabled""}}",False,False,0,no_http_metadata_dataset_signal,text/html,,https://linkinghub.elsevier.com/retrieve/pii/S1566253520302542,,has_content_length,False,0,dataset_json_does_not_confirm_current_url,pdfs\TSP_IASC_36323.dataset.json,0,[],5,,"[""MNIST \\ndataset"", ""MNIST hand- written digit dataset"", ""MNIST hand-\\nwritten digit dataset"", ""MNIST handwritten dataset"", ""National Institute of Standards and Technology""]",,False,False,0.0,not_used,disabled_or_not_needed,[],,,0,not_dataset,no_heuristic_matched
TSP_IASC_36323.pdf,target,https://doi.org/10.1016/j.patcog.2021.108146,https://doi.org/10.1016/j.patcog.2021.108146,doi.org,.108146,False,0,no_relevant_dataset_download_link_found_in_page,.108146,[],[],"{""matched"": false, ""score"": 0, ""text_context"": {""matched"": false, ""score"": 0, ""signals"": [], ""matched_terms"": [], ""local_context_samples"": []}, ""json_context"": {""matched"": false, ""score"": 0, ""signals"": []}, ""ai_context"": {""used"": false, ""matched"": false, ""label"": """", ""score"": 0.0, ""reason"": ""disabled""}}",False,False,0,no_http_metadata_dataset_signal,text/html,,https://linkinghub.elsevier.com/retrieve/pii/S0031320321003332,,has_content_length,False,0,dataset_json_does_not_confirm_current_url,pdfs\TSP_IASC_36323.dataset.json,0,[],5,,"[""MNIST \\ndataset"", ""MNIST hand- written digit dataset"", ""MNIST hand-\\nwritten digit dataset"", ""MNIST handwritten dataset"", ""National Institute of Standards and Technology""]",,False,False,0.0,not_used,disabled_or_not_needed,[],,,0,not_dataset,no_heuristic_matched
TSP_IASC_36323.pdf,target,https://doi.org/10.1088/1755-1315/428/1/012097,https://doi.org/10.1088/1755-1315/428/1/012097,doi.org,,False,0,no_relevant_dataset_download_link_found_in_page,,[],[],"{""matched"": false, ""score"": 3, ""text_context"": {""matched"": false, ""score"": 3, ""signals"": [""page_has_dataset_terms"", ""page_has_download_terms""], ""matched_terms"": [""access"", ""database"", ""download"", ""downloads""], ""local_context_samples"": []}, ""json_context"": {""matched"": false, ""score"": 0, ""signals"": []}, ""ai_context"": {""used"": false, ""matched"": false, ""label"": """", ""score"": 0.0, ""reason"": ""disabled""}}",False,False,0,no_http_metadata_dataset_signal,text/html,,https://validate.perfdrive.com/fb803c746e9148689b3984a31fccd902/?ssa=2510abd9-09de-4e22-9ea9-276927176d2e&ssb=64462232584&ssc=https%3A%2F%2Fiopscience.iop.org%2Farticle%2F10.1088%2F1755-1315%2F428%2F1%2F012097&ssi=50c5c2a1-cnvj-4aca-88c2-c6b4c035d220&ssk=botmanager_support@radware.com&ssm=15462919410304316101094514870055&ssn=43ef6d3239bef5b62f4e3c30513cfb4aee2bf08fe8fc-3bd8-42cb-8303dc&sso=799fe713-67cc0686737e37dcfa17ef067672a66526d41a0e11a5e194&ssp=79801890011780212788178025307579365&ssq=61820665214715196321552147868851156708777&ssr=MTg4LjI2LjIwOS4xMjU=&sst=Mozilla/5.0%20dataset-url-detector/1.0&ssu=&ssv=&ssw=&ssx=eyJfX3V6bWYiOiI3ZjkwMDBmMDhmZThmYy0zYmQ4LTQyY2ItODcxMy02N2NjMDY4NjczN2UxLTE3ODAyNTIxNDc5MzgwLTAwM2ZkOGUyNTQ0Y2ZmNjUwMWQxMCIsInJkIjoiaW9wLm9yZyIsInV6bXgiOiI3ZjkwMDBlZGY2MTA5Zi1kYmY1LTQwNzMtOWIyNS0yNGUzNDk0OTlmODcxLTE3ODAyNTIxNDc5MzgwLTBlMDE1ZWM3NmFhYWM1ZmYxMCJ9,,,False,0,dataset_json_does_not_confirm_current_url,pdfs\TSP_IASC_36323.dataset.json,0,[],5,,"[""MNIST \\ndataset"", ""MNIST hand- written digit dataset"", ""MNIST hand-\\nwritten digit dataset"", ""MNIST handwritten dataset"", ""National Institute of Standards and Technology""]",,False,False,0.0,not_used,disabled_or_not_needed,[],,,0,not_dataset,no_heuristic_matched
TSP_IASC_36323.pdf,target,https://doi.org/10.1016/j.neucom.2022.03.062,https://doi.org/10.1016/j.neucom.2022.03.062,doi.org,.062,False,0,no_relevant_dataset_download_link_found_in_page,.062,[],[],"{""matched"": false, ""score"": 0, ""text_context"": {""matched"": false, ""score"": 0, ""signals"": [], ""matched_terms"": [], ""local_context_samples"": []}, ""json_context"": {""matched"": false, ""score"": 0, ""signals"": []}, ""ai_context"": {""used"": false, ""matched"": false, ""label"": """", ""score"": 0.0, ""reason"": ""disabled""}}",False,False,0,no_http_metadata_dataset_signal,text/html,,https://linkinghub.elsevier.com/retrieve/pii/S0925231222003563,,has_content_length,False,0,dataset_json_does_not_confirm_current_url,pdfs\TSP_IASC_36323.dataset.json,0,[],5,,"[""MNIST \\ndataset"", ""MNIST hand- written digit dataset"", ""MNIST hand-\\nwritten digit dataset"", ""MNIST handwritten dataset"", ""National Institute of Standards and Technology""]",,False,False,0.0,not_used,disabled_or_not_needed,[],,,0,not_dataset,no_heuristic_matched
TSP_IASC_36323.pdf,target,https://doi.org/10.1016/j.neunet.2018.03,https://doi.org/10.1016/j.neunet.2018.03,doi.org,.03,False,0,no_relevant_dataset_download_link_found_in_page,.03,[],[],"{""matched"": false, ""score"": 0, ""text_context"": {""matched"": false, ""score"": 0, ""signals"": [], ""matched_terms"": [], ""local_context_samples"": []}, ""json_context"": {""matched"": false, ""score"": 0, ""signals"": []}, ""ai_context"": {""used"": false, ""matched"": false, ""label"": """", ""score"": 0.0, ""reason"": ""disabled""}}",False,False,0,no_http_metadata_dataset_signal,text/html,,https://doi.org/10.1016/j.neunet.2018.03,.03,,False,0,dataset_json_does_not_confirm_current_url,pdfs\TSP_IASC_36323.dataset.json,0,[],5,,"[""MNIST \\ndataset"", ""MNIST hand- written digit dataset"", ""MNIST hand-\\nwritten digit dataset"", ""MNIST handwritten dataset"", ""National Institute of Standards and Technology""]",,False,False,0.0,not_used,disabled_or_not_needed,[],,,0,not_dataset,no_heuristic_matched
TSP_IASC_36323.pdf,target,https://doi.org/10.1145/3357254.3357276,https://doi.org/10.1145/3357254.3357276,doi.org,.3357276,False,0,no_relevant_dataset_download_link_found_in_page,.3357276,[],[],"{""matched"": false, ""score"": 0, ""text_context"": {""matched"": false, ""score"": 0, ""signals"": [], ""matched_terms"": [], ""local_context_samples"": []}, ""json_context"": {""matched"": false, ""score"": 0, ""signals"": []}, ""ai_context"": {""used"": false, ""matched"": false, ""label"": """", ""score"": 0.0, ""reason"": ""disabled""}}",False,False,0,no_http_metadata_dataset_signal,text/html,,https://dl.acm.org/doi/10.1145/3357254.3357276,.3357276,,False,0,dataset_json_does_not_confirm_current_url,pdfs\TSP_IASC_36323.dataset.json,0,[],5,,"[""MNIST \\ndataset"", ""MNIST hand- written digit dataset"", ""MNIST hand-\\nwritten digit dataset"", ""MNIST handwritten dataset"", ""National Institute of Standards and Technology""]",,False,False,0.0,not_used,disabled_or_not_needed,[],,,0,not_dataset,no_heuristic_matched
TSP_IASC_36323.pdf,target,https://doi.org/10.1016/j.patcog.2020.107420,https://doi.org/10.1016/j.patcog.2020.107420,doi.org,.107420,False,0,no_relevant_dataset_download_link_found_in_page,.107420,[],[],"{""matched"": false, ""score"": 0, ""text_context"": {""matched"": false, ""score"": 0, ""signals"": [], ""matched_terms"": [], ""local_context_samples"": []}, ""json_context"": {""matched"": false, ""score"": 0, ""signals"": []}, ""ai_context"": {""used"": false, ""matched"": false, ""label"": """", ""score"": 0.0, ""reason"": ""disabled""}}",False,False,0,no_http_metadata_dataset_signal,text/html,,https://linkinghub.elsevier.com/retrieve/pii/S0031320320302235,,has_content_length,False,0,dataset_json_does_not_confirm_current_url,pdfs\TSP_IASC_36323.dataset.json,0,[],5,,"[""MNIST \\ndataset"", ""MNIST hand- written digit dataset"", ""MNIST hand-\\nwritten digit dataset"", ""MNIST handwritten dataset"", ""National Institute of Standards and Technology""]",,False,False,0.0,not_used,disabled_or_not_needed,[],,,0,not_dataset,no_heuristic_matched
TSP_IASC_36323.pdf,target,https://doi.org/10.1016/j.neucom.2021.03.108,https://doi.org/10.1016/j.neucom.2021.03.108,doi.org,.108,False,0,no_relevant_dataset_download_link_found_in_page,.108,[],[],"{""matched"": false, ""score"": 0, ""text_context"": {""matched"": false, ""score"": 0, ""signals"": [], ""matched_terms"": [], ""local_context_samples"": []}, ""json_context"": {""matched"": false, ""score"": 0, ""signals"": []}, ""ai_context"": {""used"": false, ""matched"": false, ""label"": """", ""score"": 0.0, ""reason"": ""disabled""}}",False,False,0,no_http_metadata_dataset_signal,text/html,,https://linkinghub.elsevier.com/retrieve/pii/S0925231221005002,,has_content_length,False,0,dataset_json_does_not_confirm_current_url,pdfs\TSP_IASC_36323.dataset.json,0,[],5,,"[""MNIST \\ndataset"", ""MNIST hand- written digit dataset"", ""MNIST hand-\\nwritten digit dataset"", ""MNIST handwritten dataset"", ""National Institute of Standards and Technology""]",,False,False,0.0,not_used,disabled_or_not_needed,[],,,0,not_dataset,no_heuristic_matched
TSP_IASC_36323.pdf,target,https://doi.org/10.1016/j.patcog.2018.04.012,https://doi.org/10.1016/j.patcog.2018.04.012,doi.org,.012,False,0,no_relevant_dataset_download_link_found_in_page,.012,[],[],"{""matched"": false, ""score"": 0, ""text_context"": {""matched"": false, ""score"": 0, ""signals"": [], ""matched_terms"": [], ""local_context_samples"": []}, ""json_context"": {""matched"": false, ""score"": 0, ""signals"": []}, ""ai_context"": {""used"": false, ""matched"": false, ""label"": """", ""score"": 0.0, ""reason"": ""disabled""}}",False,False,0,no_http_metadata_dataset_signal,text/html,,https://linkinghub.elsevier.com/retrieve/pii/S0031320318301456,,has_content_length,False,0,dataset_json_does_not_confirm_current_url,pdfs\TSP_IASC_36323.dataset.json,0,[],5,,"[""MNIST \\ndataset"", ""MNIST hand- written digit dataset"", ""MNIST hand-\\nwritten digit dataset"", ""MNIST handwritten dataset"", ""National Institute of Standards and Technology""]",,False,False,0.0,not_used,disabled_or_not_needed,[],,,0,not_dataset,no_heuristic_matched
TSP_IASC_36323.pdf,target,https://doi.org/10.1109/SPIN.2019.8711703,https://doi.org/10.1109/SPIN.2019.8711703,doi.org,.8711703,False,0,no_relevant_dataset_download_link_found_in_page,.8711703,[],[],"{""matched"": false, ""score"": 2, ""text_context"": {""matched"": false, ""score"": 2, ""signals"": [""page_has_dataset_terms"", ""page_has_download_terms""], ""matched_terms"": [""access"", ""dataset""], ""local_context_samples"": []}, ""json_context"": {""matched"": false, ""score"": 0, ""signals"": []}, ""ai_context"": {""used"": false, ""matched"": false, ""label"": """", ""score"": 0.0, ""reason"": ""disabled""}}",False,False,0,no_http_metadata_dataset_signal,text/html,,https://ieeexplore.ieee.org/document/8711703/,,,False,0,dataset_json_does_not_confirm_current_url,pdfs\TSP_IASC_36323.dataset.json,0,[],5,,"[""MNIST \\ndataset"", ""MNIST hand- written digit dataset"", ""MNIST hand-\\nwritten digit dataset"", ""MNIST handwritten dataset"", ""National Institute of Standards and Technology""]",,False,False,0.0,not_used,disabled_or_not_needed,[],,,0,not_dataset,no_heuristic_matched
TSP_IASC_36323.pdf,target,https://doi.org/10.1016/j.procs.2020.04.206,https://doi.org/10.1016/j.procs.2020.04.206,doi.org,.206,False,0,no_relevant_dataset_download_link_found_in_page,.206,[],[],"{""matched"": false, ""score"": 0, ""text_context"": {""matched"": false, ""score"": 0, ""signals"": [], ""matched_terms"": [], ""local_context_samples"": []}, ""json_context"": {""matched"": false, ""score"": 0, ""signals"": []}, ""ai_context"": {""used"": false, ""matched"": false, ""label"": """", ""score"": 0.0, ""reason"": ""disabled""}}",False,False,0,no_http_metadata_dataset_signal,text/html,,https://linkinghub.elsevier.com/retrieve/pii/S1877050920311881,,has_content_length,False,0,dataset_json_does_not_confirm_current_url,pdfs\TSP_IASC_36323.dataset.json,0,[],5,,"[""MNIST \\ndataset"", ""MNIST hand- written digit dataset"", ""MNIST hand-\\nwritten digit dataset"", ""MNIST handwritten dataset"", ""National Institute of Standards and Technology""]",,False,False,0.0,not_used,disabled_or_not_needed,[],,,0,not_dataset,no_heuristic_matched
TSP_IASC_36323.pdf,target,https://arxiv.org/abs/1409.4842v1,https://arxiv.org/abs/1409.4842v1,arxiv.org,.4842v1,False,0,no_relevant_dataset_download_link_found_in_page,.4842v1,[],[],"{""matched"": false, ""score"": 2, ""text_context"": {""matched"": false, ""score"": 2, ""signals"": [""page_has_dataset_terms"", ""page_has_download_terms""], ""matched_terms"": [""access"", ""features""], ""local_context_samples"": []}, ""json_context"": {""matched"": false, ""score"": 0, ""signals"": []}, ""ai_context"": {""used"": false, ""matched"": false, ""label"": """", ""score"": 0.0, ""reason"": ""disabled""}}",False,False,0,no_http_metadata_dataset_signal,text/html,,https://arxiv.org/abs/1409.4842v1,.4842v1,has_content_length,False,0,dataset_json_does_not_confirm_current_url,pdfs\TSP_IASC_36323.dataset.json,0,[],5,,"[""MNIST \\ndataset"", ""MNIST hand- written digit dataset"", ""MNIST hand-\\nwritten digit dataset"", ""MNIST handwritten dataset"", ""National Institute of Standards and Technology""]",,False,False,0.0,not_used,disabled_or_not_needed,[],,,0,not_dataset,no_heuristic_matched
TSP_IASC_36323.pdf,target,https://arxiv.org/abs/1512.00567v3,https://arxiv.org/abs/1512.00567v3,arxiv.org,.00567v3,False,0,no_relevant_dataset_download_link_found_in_page,.00567v3,[],[],"{""matched"": false, ""score"": 3, ""text_context"": {""matched"": false, ""score"": 3, ""signals"": [""page_has_dataset_terms"", ""page_has_download_terms""], ""matched_terms"": [""access"", ""benchmark"", ""features""], ""local_context_samples"": []}, ""json_context"": {""matched"": false, ""score"": 0, ""signals"": []}, ""ai_context"": {""used"": false, ""matched"": false, ""label"": """", ""score"": 0.0, ""reason"": ""disabled""}}",False,False,0,no_http_metadata_dataset_signal,text/html,,https://arxiv.org/abs/1512.00567v3,.00567v3,has_content_length,False,0,dataset_json_does_not_confirm_current_url,pdfs\TSP_IASC_36323.dataset.json,0,[],5,,"[""MNIST \\ndataset"", ""MNIST hand- written digit dataset"", ""MNIST hand-\\nwritten digit dataset"", ""MNIST handwritten dataset"", ""National Institute of Standards and Technology""]",,False,False,0.0,not_used,disabled_or_not_needed,[],,,0,not_dataset,no_heuristic_matched
TSP_IASC_36323.pdf,target,https://arxiv.org/abs/1610.02357,https://arxiv.org/abs/1610.02357,arxiv.org,.02357,False,0,no_relevant_dataset_download_link_found_in_page,.02357,[],[],"{""matched"": false, ""score"": 3, ""text_context"": {""matched"": false, ""score"": 3, ""signals"": [""page_has_dataset_terms"", ""page_has_download_terms""], ""matched_terms"": [""access"", ""dataset"", ""features""], ""local_context_samples"": []}, ""json_context"": {""matched"": false, ""score"": 0, ""signals"": []}, ""ai_context"": {""used"": false, ""matched"": false, ""label"": """", ""score"": 0.0, ""reason"": ""disabled""}}",False,False,0,no_http_metadata_dataset_signal,text/html,,https://arxiv.org/abs/1610.02357,.02357,has_content_length,False,0,dataset_json_does_not_confirm_current_url,pdfs\TSP_IASC_36323.dataset.json,0,[],5,,"[""MNIST \\ndataset"", ""MNIST hand- written digit dataset"", ""MNIST hand-\\nwritten digit dataset"", ""MNIST handwritten dataset"", ""National Institute of Standards and Technology""]",,False,False,0.0,not_used,disabled_or_not_needed,[],,,0,not_dataset,no_heuristic_matched
TSP_IASC_36323.pdf,target,https://arxiv.org/abs/1409.1556,https://arxiv.org/abs/1409.1556,arxiv.org,.1556,False,0,no_relevant_dataset_download_link_found_in_page,.1556,[],[],"{""matched"": true, ""score"": 5, ""text_context"": {""matched"": true, ""score"": 5, ""signals"": [""page_has_dataset_terms"", ""page_has_download_terms""], ""matched_terms"": [""access"", ""available"", ""dataset"", ""datasets"", ""features""], ""local_context_samples"": []}, ""json_context"": {""matched"": false, ""score"": 0, ""signals"": []}, ""ai_context"": {""used"": false, ""matched"": false, ""label"": """", ""score"": 0.0, ""reason"": ""disabled""}}",False,False,0,no_http_metadata_dataset_signal,text/html,,https://arxiv.org/abs/1409.1556,.1556,has_content_length,False,0,dataset_json_does_not_confirm_current_url,pdfs\TSP_IASC_36323.dataset.json,0,[],5,,"[""MNIST \\ndataset"", ""MNIST hand- written digit dataset"", ""MNIST hand-\\nwritten digit dataset"", ""MNIST handwritten dataset"", ""National Institute of Standards and Technology""]",,False,False,0.0,not_used,disabled_or_not_needed,[],,,0,not_dataset,no_heuristic_matched
TSP_IASC_36323.pdf,idno_doi,10.32604/iasc.2023.036323,https://doi.org/10.32604/iasc.2023.036323,doi.org,.036323,False,0,no_relevant_dataset_download_link_found_in_page,.036323,[],[],"{""matched"": true, ""score"": 4, ""text_context"": {""matched"": true, ""score"": 4, ""signals"": [""page_has_dataset_terms"", ""page_has_download_terms""], ""matched_terms"": [""access"", ""dataset"", ""download"", ""downloads"", ""training data""], ""local_context_samples"": []}, ""json_context"": {""matched"": false, ""score"": 0, ""signals"": []}, ""ai_context"": {""used"": false, ""matched"": false, ""label"": """", ""score"": 0.0, ""reason"": ""disabled""}}",False,False,0,no_http_metadata_dataset_signal,text/html,,https://www.techscience.com/iasc/v36n3/51937,,,False,0,dataset_json_does_not_confirm_current_url,pdfs\TSP_IASC_36323.dataset.json,0,[],5,,"[""MNIST \\ndataset"", ""MNIST hand- written digit dataset"", ""MNIST hand-\\nwritten digit dataset"", ""MNIST handwritten dataset"", ""National Institute of Standards and Technology""]",,False,False,0.0,not_used,disabled_or_not_needed,[],,,0,not_dataset,no_heuristic_matched
